{
  "log_ret_5m": {
    "variable": "log_ret_5m",
    "count": 86369,
    "missing": "0",
    "missing_pct": 0.0,
    "zeros": "4026",
    "zeros_pct": 4.661394713380958,
    "mean": 2.732065090848615e-07,
    "std": 0.0011662503460008512,
    "min": -0.04962038422542108,
    "max": 0.06740053046552195,
    "p1": -0.00306526461768624,
    "p5": -0.001369445159830546,
    "p25": -0.00033835953864704205,
    "p50": 0.0,
    "p75": 0.00033943837964326665,
    "p95": 0.001350472624902326,
    "p99": 0.0030013509624215394,
    "skewness": 2.3758265716503946,
    "kurtosis": 247.03804938587808
  },
  "log_ret_1h": {
    "variable": "log_ret_1h",
    "count": 86369,
    "missing": "0",
    "missing_pct": 0.0,
    "zeros": "1265",
    "zeros_pct": 1.4646458798874595,
    "mean": 3.3638113050696648e-06,
    "std": 0.0037576551687323913,
    "min": -0.05186669637624853,
    "max": 0.06548880249710232,
    "p1": -0.010480354026405486,
    "p5": -0.0054165049148720374,
    "p25": -0.0015932105079814384,
    "p50": -1.1633218407774747e-05,
    "p75": 0.0015505540590185004,
    "p95": 0.00554970407272313,
    "p99": 0.010970000351715782,
    "skewness": 0.6628476319808434,
    "kurtosis": 20.489667399677632
  },
  "log_ret_4h": {
    "variable": "log_ret_4h",
    "count": 86369,
    "missing": "0",
    "missing_pct": 0.0,
    "zeros": "167",
    "zeros_pct": 0.1933564126017437,
    "mean": 1.4566750514164346e-05,
    "std": 0.007742860306890782,
    "min": -0.049010205276026536,
    "max": 0.06984703536392844,
    "p1": -0.018879280362928175,
    "p5": -0.011949727512808163,
    "p25": -0.004513037748217479,
    "p50": -0.0002271282024449592,
    "p75": 0.004142651598021185,
    "p95": 0.012724714571905753,
    "p99": 0.020415238328788596,
    "skewness": 0.49304752129986545,
    "kurtosis": 4.146898686642893
  },
  "log_ret_1d": {
    "variable": "log_ret_1d",
    "count": 86369,
    "missing": "0",
    "missing_pct": 0.0,
    "zeros": "19",
    "zeros_pct": 0.02199863376906066,
    "mean": 0.00017147898444449074,
    "std": 0.021183900287482443,
    "min": -0.07496614939875419,
    "max": 0.15021528334464698,
    "p1": -0.047251574408021524,
    "p5": -0.031929573262937855,
    "p25": -0.012872254432870461,
    "p50": -0.0009297817398327239,
    "p75": 0.011474248942252685,
    "p95": 0.03613722477550599,
    "p99": 0.05818764194200932,
    "skewness": 0.7482881770990799,
    "kurtosis": 3.0324103488726557
  },
  "rsi_9": {
    "variable": "rsi_9",
    "count": 86369,
    "missing": "0",
    "missing_pct": 0.0,
    "zeros": "0",
    "zeros_pct": 0.0,
    "mean": 49.46844020513541,
    "std": 16.967255455494808,
    "min": 0.01875689669815017,
    "max": 99.9994818620506,
    "p1": 9.918332320027794,
    "p5": 20.933957688254218,
    "p25": 38.26474108593984,
    "p50": 49.49962342993236,
    "p75": 60.97162688610522,
    "p95": 77.4975057186197,
    "p99": 88.35387824503536,
    "skewness": -0.026146206820226323,
    "kurtosis": -0.14252575163886672
  },
  "rsi_21": {
    "variable": "rsi_21",
    "count": 86369,
    "missing": "0",
    "missing_pct": 0.0,
    "zeros": "0",
    "zeros_pct": 0.0,
    "mean": 49.513587418545654,
    "std": 12.36742369073252,
    "min": 2.562070792279968,
    "max": 99.57770152758211,
    "p1": 19.737546788708457,
    "p5": 28.945125440267198,
    "p25": 41.4269357593432,
    "p50": 49.5487359823765,
    "p75": 57.70672895161499,
    "p95": 69.69956844402238,
    "p99": 78.67647393039667,
    "skewness": -0.012134638603461033,
    "kurtosis": 0.17340271934935014
  },
  "volatility_pct": {
    "variable": "volatility_pct",
    "count": 86369,
    "missing": "0",
    "missing_pct": 0.0,
    "zeros": "828",
    "zeros_pct": 0.9586773031990644,
    "mean": 0.09781064216350484,
    "std": 0.0839927244299969,
    "min": 0.0,
    "max": 2.016663978946695,
    "p1": 0.0001312733746321429,
    "p5": 0.024543994759837474,
    "p25": 0.05057325617994509,
    "p50": 0.07776227360264108,
    "p75": 0.12004580567810544,
    "p95": 0.2355449486731458,
    "p99": 0.39112405958531965,
    "skewness": 5.759443903228722,
    "kurtosis": 81.04291666197966
  },
  "trend_z": {
    "variable": "trend_z",
    "count": 86369,
    "missing": "0",
    "missing_pct": 0.0,
    "zeros": "82",
    "zeros_pct": 0.094941472055946,
    "mean": -0.04813768540974094,
    "std": 1.3884067170770253,
    "min": -3.0,
    "max": 3.0,
    "p1": -3.0,
    "p5": -2.267506439493232,
    "p25": -1.1227790503692656,
    "p50": -0.07110037435937346,
    "p75": 1.0395052248921466,
    "p95": 2.1846325762982173,
    "p99": 3.0,
    "skewness": 0.02406248593684355,
    "kurtosis": -0.7267461267219324
  },
  "dxy_z": {
    "variable": "dxy_z",
    "count": 86369,
    "missing": "0",
    "missing_pct": 0.0,
    "zeros": "2",
    "zeros_pct": 0.002315645659901122,
    "mean": 0.020194765045835294,
    "std": 1.4702619778217845,
    "min": -11.36093236559475,
    "max": 11.266154740576939,
    "p1": -3.2099788425876423,
    "p5": -2.232389535629658,
    "p25": -1.1229647224847135,
    "p50": 0.0419374696384545,
    "p75": 1.1344269796634812,
    "p95": 2.1939099258621333,
    "p99": 3.3090412043712956,
    "skewness": 0.013932682290032567,
    "kurtosis": 0.25003422381933005
  },
  "dxy_change_1d": {
    "variable": "dxy_change_1d",
    "count": 86369,
    "missing": "0",
    "missing_pct": 0.0,
    "zeros": "84925",
    "zeros_pct": 98.3281038335514,
    "mean": 4.2846126900703155e-07,
    "std": 0.0005964807552310137,
    "min": -0.021437624479449524,
    "max": 0.020306668111046422,
    "p1": 0.0,
    "p5": 0.0,
    "p25": 0.0,
    "p50": 0.0,
    "p75": 0.0,
    "p95": 0.0,
    "p99": 0.0,
    "skewness": -0.7021616150285208,
    "kurtosis": 271.0827336006154
  },
  "vix_z": {
    "variable": "vix_z",
    "count": 86369,
    "missing": "0",
    "missing_pct": 0.0,
    "zeros": "4",
    "zeros_pct": 0.004631291319802244,
    "mean": -0.06282332574008805,
    "std": 1.4686891256592418,
    "min": -6.808722767867864,
    "max": 12.18461657921343,
    "p1": -2.881387262236003,
    "p5": -2.0299937683799936,
    "p25": -1.211071561983511,
    "p50": -0.2870322585849498,
    "p75": 1.0153627356527726,
    "p95": 2.3673904863284,
    "p99": 3.6573800957439557,
    "skewness": 0.5397698135274059,
    "kurtosis": 0.6427211916939077
  },
  "embi_z": {
    "variable": "embi_z",
    "count": 86369,
    "missing": "0",
    "missing_pct": 0.0,
    "zeros": "115",
    "zeros_pct": 0.13314962544431452,
    "mean": 0.009052294171676536,
    "std": 1.541834666240894,
    "min": -13.971256996597434,
    "max": 10.19856677605687,
    "p1": -3.236830978583479,
    "p5": -2.2594367146849086,
    "p25": -1.225224340258643,
    "p50": -0.0017911487959933854,
    "p75": 1.2380608679961649,
    "p95": 2.309504291297994,
    "p99": 3.467408238231113,
    "skewness": 0.05139206961466606,
    "kurtosis": 0.19920164085392544
  },
  "brent_change_1d": {
    "variable": "brent_change_1d",
    "count": 86369,
    "missing": "0",
    "missing_pct": 0.0,
    "zeros": "84986",
    "zeros_pct": 98.39873102617838,
    "mean": 2.4506458766192633e-05,
    "std": 0.007850578647141317,
    "min": -0.6609435867840139,
    "max": 1.9577329490874158,
    "p1": 0.0,
    "p5": 0.0,
    "p25": 0.0,
    "p50": 0.0,
    "p75": 0.0,
    "p95": 0.0,
    "p99": 0.0,
    "skewness": 172.16982761688772,
    "kurtosis": 45394.60639795007
  },
  "rate_spread_z": {
    "variable": "rate_spread_z",
    "count": 86369,
    "missing": "0",
    "missing_pct": 0.0,
    "zeros": "5",
    "zeros_pct": 0.0057891141497528045,
    "mean": 0.021086169314498165,
    "std": 1.460758642130443,
    "min": -4.0,
    "max": 4.0,
    "p1": -3.082992821247765,
    "p5": -2.1661997773334,
    "p25": -1.1459488598209882,
    "p50": 0.007163093888867689,
    "p75": 1.1949431902595948,
    "p95": 2.2526914734459456,
    "p99": 3.400781808478188,
    "skewness": 0.05650950641233089,
    "kurtosis": -0.5729576643734942
  },