{
  "log_ret_5m": {
    "variable": "log_ret_5m",
    "count": 71491,
    "missing": "0",
    "missing_pct": 0.0,
    "zeros": "0",
    "zeros_pct": 0.0,
    "mean": -0.0011179612259924264,
    "std": 0.9142717232732585,
    "min": -10.0,
    "max": 10.0,
    "p1": -2.5700486749459173,
    "p5": -1.1482659115552976,
    "p25": -0.2768317309184375,
    "p50": -0.0023886171008477776,
    "p75": 0.2754823430543936,
    "p95": 1.1271839081012538,
    "p99": 2.56524312943837,
    "skewness": 0.2740481457020551,
    "kurtosis": 28.311732160209655
  },
  "log_ret_1h": {
    "variable": "log_ret_1h",
    "count": 71491,
    "missing": "0",
    "missing_pct": 0.0,
    "zeros": "0",
    "zeros_pct": 0.0,
    "mean": -0.0005466460160546513,
    "std": 0.9815501113034382,
    "min": -10.0,
    "max": 10.0,
    "p1": -2.842137258374498,
    "p5": -1.438008541857542,
    "p25": -0.41004317722720296,
    "p50": -0.008983070986095064,
    "p75": 0.39668373219827235,
    "p95": 1.4623742814497684,
    "p99": 2.9457809158199826,
    "skewness": 0.42342362248699356,
    "kurtosis": 11.57105564800167
  },
  "log_ret_4h": {
    "variable": "log_ret_4h",
    "count": 71491,
    "missing": "0",
    "missing_pct": 0.0,
    "zeros": "0",
    "zeros_pct": 0.0,
    "mean": 1.19266940301873e-17,
    "std": 1.0,
    "min": -6.241398362405948,
    "max": 8.852092402139474,
    "p1": -2.44586154257174,
    "p5": -1.566057787158416,
    "p25": -0.5661670448637732,
    "p50": -0.03418146952641517,
    "p75": 0.5255897977589581,
    "p95": 1.642853350868085,
    "p99": 2.6446103947732222,
    "skewness": 0.48071318677705666,
    "kurtosis": 4.250156975238135
  },
  "log_ret_1d": {
    "variable": "log_ret_1d",
    "count": 71491,
    "missing": "0",
    "missing_pct": 0.0,
    "zeros": "0",
    "zeros_pct": 0.0,
    "mean": 9.54135522414984e-18,
    "std": 1.0,
    "min": -3.4270914161924972,
    "max": 6.743874192830351,
    "p1": -2.2372239712226554,
    "p5": -1.5360910658009268,
    "p25": -0.6153290877179844,
    "p50": -0.04146691568153825,
    "p75": 0.55611319596509,
    "p95": 1.6899869222340713,
    "p99": 2.7035365809068046,
    "skewness": 0.6903027441047314,
    "kurtosis": 2.791399991956144
  },
  "rsi_9": {
    "variable": "rsi_9",
    "count": 71491,
    "missing": "0",
    "missing_pct": 0.0,
    "zeros": "0",
    "zeros_pct": 0.0,
    "mean": 1.4312032836224759e-16,
    "std": 0.9999999999999999,
    "min": -2.8952559745269677,
    "max": 2.9333060286785013,
    "p1": -2.345661399440643,
    "p5": -1.682560090498733,
    "p25": -0.6556190593453084,
    "p50": 0.0036238935855956262,
    "p75": 0.6753750857065881,
    "p95": 1.6567781274774152,
    "p99": 2.297055496294783,
    "skewness": -0.035318039335851946,
    "kurtosis": -0.13002289196895678
  },
  "rsi_21": {
    "variable": "rsi_21",
    "count": 71491,
    "missing": "0",
    "missing_pct": 0.0,
    "zeros": "0",
    "zeros_pct": 0.0,
    "mean": -1.1767671443118136e-16,
    "std": 1.0,
    "min": -3.765430320389586,
    "max": 3.9776150223380484,
    "p1": -2.404875465597862,
    "p5": -1.6619778014568727,
    "p25": -0.6522127620703561,
    "p50": 0.004122307730246907,
    "p75": 0.6569790080837863,
    "p95": 1.642395845099391,
    "p99": 2.3483913779836016,
    "skewness": -0.01557610600913875,
    "kurtosis": 0.18697116546383707
  },
  "volatility_pct": {
    "variable": "volatility_pct",
    "count": 71491,
    "missing": "0",
    "missing_pct": 0.0,
    "zeros": "0",
    "zeros_pct": 0.0,
    "mean": -0.0048366333060672695,
    "std": 0.9281355865457949,
    "min": -1.121643808111744,
    "max": 10.0,
    "p1": -1.121643808111744,
    "p5": -0.8591840452757947,
    "p25": -0.5579106012166488,
    "p50": -0.24578228772454583,
    "p75": 0.2540636698707096,
    "p95": 1.6323862420100086,
    "p99": 3.4381869405472822,
    "skewness": 3.437791236525168,
    "kurtosis": 22.586550013724423
  },
  "trend_z": {
    "variable": "trend_z",
    "count": 71491,
    "missing": "0",
    "missing_pct": 0.0,
    "zeros": "0",
    "zeros_pct": 0.0,
    "mean": 1.828759751295386e-17,
    "std": 1.0,
    "min": -2.1414404266394853,
    "max": 2.1805183403770587,
    "p1": -2.1414404266394853,
    "p5": -1.6099089748964142,
    "p25": -0.772020366590312,
    "p50": -0.004540558956199169,
    "p75": 0.7799365874237612,
    "p95": 1.6031645859805375,
    "p99": 2.1805183403770587,
    "skewness": 0.00587299710745206,
    "kurtosis": -0.7129596480919873
  },
  "dxy_z": {
    "variable": "dxy_z",
    "count": 71491,
    "missing": "0",
    "missing_pct": 0.0,
    "zeros": "0",
    "zeros_pct": 0.0,
    "mean": 1.828759751295386e-17,
    "std": 1.0,
    "min": -6.394181593396704,
    "max": 7.659798747533158,
    "p1": -2.1747348758347878,
    "p5": -1.544225773914687,
    "p25": -0.7823057666944738,
    "p50": 0.03934749090527963,
    "p75": 0.7634745910276386,
    "p95": 1.4677776440922918,
    "p99": 2.233828753310777,
    "skewness": 0.02429412458106553,
    "kurtosis": 0.19912954619108403
  },
  "dxy_change_1d": {
    "variable": "dxy_change_1d",
    "count": 71491,
    "missing": "0",
    "missing_pct": 0.0,
    "zeros": "0",
    "zeros_pct": 0.0,
    "mean": -0.00018925137841001996,
    "std": 0.7797264556890372,
    "min": -10.0,
    "max": 10.0,
    "p1": -0.002840514635837838,
    "p5": -0.002840514635837838,
    "p25": -0.002840514635837838,
    "p50": -0.002840514635837838,
    "p75": -0.002840514635837838,
    "p95": -0.002840514635837838,
    "p99": -0.002840514635837838,
    "skewness": 0.5519372770812113,
    "kurtosis": 118.81278214650426
  },
  "vix_z": {
    "variable": "vix_z",
    "count": 71491,
    "missing": "0",
    "missing_pct": 0.0,
    "zeros": "0",
    "zeros_pct": 0.0,
    "mean": 1.1131581094841479e-17,
    "std": 1.0,
    "min": -4.208980339181195,
    "max": 8.41544636780176,
    "p1": -1.9181305740560572,
    "p5": -1.344371130235832,
    "p25": -0.7870841875904662,
    "p50": -0.1450940726695942,
    "p75": 0.7356877873709723,
    "p95": 1.651092539119156,
    "p99": 2.5239016562753753,
    "skewness": 0.5148636304376613,
    "kurtosis": 0.4965757023918269
  },
  "embi_z": {
    "variable": "embi_z",
    "count": 71491,
    "missing": "0",
    "missing_pct": 0.0,
    "zeros": "0",
    "zeros_pct": 0.0,
    "mean": 1.669737164226222e-17,
    "std": 1.0,
    "min": -9.072079249881254,
    "max": 6.57884502019004,
    "p1": -2.067770191541425,
    "p5": -1.4770079771730797,
    "p25": -0.8214486276158421,
    "p50": 0.010179977950039991,
    "p75": 0.8001879907742897,
    "p95": 1.4838434813060664,
    "p99": 2.2178595552245937,
    "skewness": 0.06433551931606195,
    "kurtosis": -0.008248058641412648
  },
  "brent_change_1d": {
    "variable": "brent_change_1d",
    "count": 71491,
    "missing": "0",
    "missing_pct": 0.0,
    "zeros": "0",
    "zeros_pct": 0.0,
    "mean": 0.0015860374986023554,
    "std": 0.685910489206442,
    "min": -10.0,
    "max": 10.0,
    "p1": -0.003373695581964786,
    "p5": -0.003373695581964786,
    "p25": -0.003373695581964786,
    "p50": -0.003373695581964786,
    "p75": -0.003373695581964786,
    "p95": -0.003373695581964786,
    "p99": -0.003373695581964786,
    "skewness": 0.027760733257886652,
    "kurtosis": 144.1949412664182
  },
  "rate_spread_z": {
    "variable": "rate_spread_z",
    "count": 71491,
    "missing": "0",
    "missing_pct": 0.0,
    "zeros": "0",
    "zeros_pct": 0.0,
    "mean": -1.272180696553312e-17,
    "std": 1.0,
    "min": -2.7410363238212496,
    "max": 2.759188209566788,
    "p1": -2.1061506289169545,
    "p5": -1.4809195692692234,
    "p25": -0.7957868205263781,
    "p50": -0.05179459316276326,
    "p75": 0.8110623507192163,
    "p95": 1.5434850481875668,
    "p99": 2.3066936658092256,
    "skewness": 0.09408337903419016,
    "kurtosis": -0.5759130212224126
  },
  "rate_spread_change": {
    "variable": "rate_spread_change",
    "count": 71491,
    "missing": "0",
    "missing_pct": 0.0,
    "zeros": "0",