record_id,view_type,model_id,model_name,model_type,horizon_days,horizon_label,horizon_category,inference_week,inference_year,inference_date,direction_accuracy,rmse,mae,r2,selective_da_top50,selective_coverage_top50,selective_da_top25,selective_coverage_top25,regime_shift_score,regime_action,eligible_for_signal,direction_regime,direction_shift_z,direction_regime_persistence,sharpe,profit_factor,max_drawdown,total_return,wf_direction_accuracy,model_avg_direction_accuracy,model_avg_rmse,is_best_overall_model,is_best_for_this_horizon,best_da_for_this_horizon,image_path,image_backtest,generated_at,image_forecast,forecast_id,prediction_point,contract_id
FF_ridge_h1_2026_W29,forward_forecast,ridge,Ridge,linear,1,H=1,short,2026-W29,2026,2026-07-17,0.5099236641221374,0.0,0.0,0.0,0.524390243902439,0.500763358778626,0.5060975609756098,0.250381679389313,0.9679183203170622,NORMAL,True,transition,0.35784245204865717,1,0.39670454574565817,1.0690477817503277,0.26209700333406494,0.10741845978071152,0.5099236641221374,0.529045414612608,0.03317265793658599,True,False,0.5206106870229008,forward_ridge_2026_W29.png,backtest_ridge_h1.png,2026-08-25T18:00:19.082113,forward_ridge_2026_W29.png,usdcop_forecast_zoo:ridge:h1:2026-07-17,0.002350416601177427,CTR-FORECAST-OUTPUT-001
BT_ridge_h1_2026_W29,backtest,ridge,Ridge,linear,1,H=1,short,2026-W29,2026,2026-07-17,0.5099236641221374,0.007589055091244402,0.005682086987588681,-0.0815802696682153,0.524390243902439,0.500763358778626,0.5060975609756098,0.250381679389313,0.9679183203170622,NORMAL,True,transition,0.35784245204865717,1,0.39670454574565817,1.0690477817503277,0.26209700333406494,0.10741845978071152,0.5099236641221374,0.529045414612608,0.03317265793658599,True,False,0.5206106870229008,backtest_ridge_h1.png,backtest_ridge_h1.png,2026-08-25T18:00:19.082113,forward_ridge_2026_W29.png,usdcop_forecast_zoo:ridge:h1:2026-07-17,0.002350416601177427,CTR-FORECAST-OUTPUT-001
FF_ridge_h5_2026_W29,forward_forecast,ridge,Ridge,linear,5,H=5,short,2026-W29,2026,2026-07-17,0.5053435114503817,0.0,0.0,0.0,0.4847560975609756,0.500763358778626,0.45121951219512196,0.250381679389313,0.9679183203170622,NORMAL,True,transition,0.35784245204865717,1,0.03847272403571062,1.0141363704602948,0.5210443939232877,-0.022817579564232582,0.5053435114503817,0.529045414612608,0.03317265793658599,True,True,0.5053435114503817,forward_ridge_2026_W29.png,backtest_ridge_h5.png,2026-08-25T18:00:19.082113,forward_ridge_2026_W29.png,usdcop_forecast_zoo:ridge:h5:2026-07-17,0.008297375318345873,CTR-FORECAST-OUTPUT-001
BT_ridge_h5_2026_W29,backtest,ridge,Ridge,linear,5,H=5,short,2026-W29,2026,2026-07-17,0.5053435114503817,0.018497699138303708,0.014078198742810176,-0.4565189936949152,0.4847560975609756,0.500763358778626,0.45121951219512196,0.250381679389313,0.9679183203170622,NORMAL,True,transition,0.35784245204865717,1,0.03847272403571062,1.0141363704602948,0.5210443939232877,-0.022817579564232582,0.5053435114503817,0.529045414612608,0.03317265793658599,True,True,0.5053435114503817,backtest_ridge_h5.png,backtest_ridge_h5.png,2026-08-25T18:00:19.082113,forward_ridge_2026_W29.png,usdcop_forecast_zoo:ridge:h5:2026-07-17,0.008297375318345873,CTR-FORECAST-OUTPUT-001
FF_ridge_h10_2026_W29,forward_forecast,ridge,Ridge,linear,10,H=10,medium,2026-W29,2026,2026-07-17,0.5053435114503817,0.0,0.0,0.0,0.4725609756097561,0.500763358778626,0.36585365853658536,0.250381679389313,0.9679183203170622,NORMAL,True,transition,0.35784245204865717,1,-0.010372504994838671,0.99474256023035,0.7479046524701681,-0.17472136962620033,0.5053435114503817,0.529045414612608,0.03317265793658599,True,False,0.5221374045801527,forward_ridge_2026_W29.png,backtest_ridge_h10.png,2026-08-25T18:00:19.082113,forward_ridge_2026_W29.png,usdcop_forecast_zoo:ridge:h10:2026-07-17,0.01776004720086115,CTR-FORECAST-OUTPUT-001
BT_ridge_h10_2026_W29,backtest,ridge,Ridge,linear,10,H=10,medium,2026-W29,2026,2026-07-17,0.5053435114503817,0.028528355950850064,0.021713163442458574,-0.6750855577189647,0.4725609756097561,0.500763358778626,0.36585365853658536,0.250381679389313,0.9679183203170622,NORMAL,True,transition,0.35784245204865717,1,-0.010372504994838671,0.99474256023035,0.7479046524701681,-0.17472136962620033,0.5053435114503817,0.529045414612608,0.03317265793658599,True,False,0.5221374045801527,backtest_ridge_h10.png,backtest_ridge_h10.png,2026-08-25T18:00:19.082113,forward_ridge_2026_W29.png,usdcop_forecast_zoo:ridge:h10:2026-07-17,0.01776004720086115,CTR-FORECAST-OUTPUT-001
FF_ridge_h15_2026_W29,forward_forecast,ridge,Ridge,linear,15,H=15,medium,2026-W29,2026,2026-07-17,0.5230769230769231,0.0,0.0,0.0,0.5292307692307693,0.5,0.4539877300613497,0.25076923076923074,0.9679183203170622,NORMAL,True,transition,0.35784245204865717,1,-0.05896095607508387,0.9641065929091498,0.8158215233300136,-0.38685098729708245,0.5230769230769231,0.529045414612608,0.03317265793658599,True,False,0.5584615384615385,forward_ridge_2026_W29.png,backtest_ridge_h15.png,2026-08-25T18:00:19.082113,forward_ridge_2026_W29.png,usdcop_forecast_zoo:ridge:h15:2026-07-17,0.024419895200409707,CTR-FORECAST-OUTPUT-001
BT_ridge_h15_2026_W29,backtest,ridge,Ridge,linear,15,H=15,medium,2026-W29,2026,2026-07-17,0.5230769230769231,0.03615159095736639,0.026679880414215998,-0.8333108253309036,0.5292307692307693,0.5,0.4539877300613497,0.25076923076923074,0.9679183203170622,NORMAL,True,transition,0.35784245204865717,1,-0.05896095607508387,0.9641065929091498,0.8158215233300136,-0.38685098729708245,0.5230769230769231,0.529045414612608,0.03317265793658599,True,False,0.5584615384615385,backtest_ridge_h15.png,backtest_ridge_h15.png,2026-08-25T18:00:19.082113,forward_ridge_2026_W29.png,usdcop_forecast_zoo:ridge:h15:2026-07-17,0.024419895200409707,CTR-FORECAST-OUTPUT-001
FF_ridge_h20_2026_W29,forward_forecast,ridge,Ridge,linear,20,H=20,medium,2026-W29,2026,2026-07-17,0.5461538461538461,0.0,0.0,0.0,0.5446153846153846,0.5,0.4785276073619632,0.25076923076923074,0.9679183203170622,NORMAL,True,transition,0.35784245204865717,1,0.18645566940755068,1.1433015407291556,0.8727825505685857,1.0849184252411965,0.5461538461538461,0.529045414612608,0.03317265793658599,True,False,0.5553846153846154,forward_ridge_2026_W29.png,backtest_ridge_h20.png,2026-08-25T18:00:19.082113,forward_ridge_2026_W29.png,usdcop_forecast_zoo:ridge:h20:2026-07-17,0.026025257588011805,CTR-FORECAST-OUTPUT-001
BT_ridge_h20_2026_W29,backtest,ridge,Ridge,linear,20,H=20,medium,2026-W29,2026,2026-07-17,0.5461538461538461,0.04292167490182186,0.031055394626323188,-1.0461610003104753,0.5446153846153846,0.5,0.4785276073619632,0.25076923076923074,0.9679183203170622,NORMAL,True,transition,0.35784245204865717,1,0.18645566940755068,1.1433015407291556,0.8727825505685857,1.0849184252411965,0.5461538461538461,0.529045414612608,0.03317265793658599,True,False,0.5553846153846154,backtest_ridge_h20.png,backtest_ridge_h20.png,2026-08-25T18:00:19.082113,forward_ridge_2026_W29.png,usdcop_forecast_zoo:ridge:h20:2026-07-17,0.026025257588011805,CTR-FORECAST-OUTPUT-001
FF_ridge_h25_2026_W29,forward_forecast,ridge,Ridge,linear,25,H=25,long,2026-W29,2026,2026-07-17,0.5615384615384615,0.0,0.0,0.0,0.5507692307692308,0.5,0.5153374233128835,0.25076923076923074,0.9679183203170622,NORMAL,True,transition,0.35784245204865717,1,0.2844775846336809,1.2614130565744097,0.9172855064349869,3.771691708368416,0.5615384615384615,0.529045414612608,0.03317265793658599,True,True,0.5615384615384615,forward_ridge_2026_W29.png,backtest_ridge_h25.png,2026-08-25T18:00:19.082113,forward_ridge_2026_W29.png,usdcop_forecast_zoo:ridge:h25:2026-07-17,0.029107309471822027,CTR-FORECAST-OUTPUT-001
BT_ridge_h25_2026_W29,backtest,ridge,Ridge,linear,25,H=25,long,2026-W29,2026,2026-07-17,0.5615384615384615,0.0485519520497531,0.034775069858384855,-1.2198255634752386,0.5507692307692308,0.5,0.5153374233128835,0.25076923076923074,0.9679183203170622,NORMAL,True,transition,0.35784245204865717,1,0.2844775846336809,1.2614130565744097,0.9172855064349869,3.771691708368416,0.5615384615384615,0.529045414612608,0.03317265793658599,True,True,0.5615384615384615,backtest_ridge_h25.png,backtest_ridge_h25.png,2026-08-25T18:00:19.082113,forward_ridge_2026_W29.png,usdcop_forecast_zoo:ridge:h25:2026-07-17,0.029107309471822027,CTR-FORECAST-OUTPUT-001
FF_ridge_h30_2026_W29,forward_forecast,ridge,Ridge,linear,30,H=30,long,2026-W29,2026,2026-07-17,0.5519379844961241,0.0,0.0,0.0,0.5696594427244582,0.5007751937984496,0.5061728395061729,0.25116279069767444,0.9679183203170622,NORMAL,True,transition,0.35784245204865717,1,0.21850734245917866,1.2151801587271984,0.9101189320320521,2.6293190191903415,0.5519379844961241,0.529045414612608,0.03317265793658599,True,False,0.5720930232558139,forward_ridge_2026_W29.png,backtest_ridge_h30.png,2026-08-25T18:00:19.082113,forward_ridge_2026_W29.png,usdcop_forecast_zoo:ridge:h30:2026-07-17,0.03961129721936421,CTR-FORECAST-OUTPUT-001
BT_ridge_h30_2026_W29,backtest,ridge,Ridge,linear,30,H=30,long,2026-W29,2026,2026-07-17,0.5519379844961241,0.049968277466762405,0.03699681159683078,-1.1538118701525928,0.5696594427244582,0.5007751937984496,0.5061728395061729,0.25116279069767444,0.9679183203170622,NORMAL,True,transition,0.35784245204865717,1,0.21850734245917866,1.2151801587271984,0.9101189320320521,2.6293190191903415,0.5519379844961241,0.529045414612608,0.03317265793658599,True,False,0.5720930232558139,backtest_ridge_h30.png,backtest_ridge_h30.png,2026-08-25T18:00:19.082113,forward_ridge_2026_W29.png,usdcop_forecast_zoo:ridge:h30:2026-07-17,0.03961129721936421,CTR-FORECAST-OUTPUT-001
FF_bayesian_ridge_h1_2026_W29,forward_forecast,bayesian_ridge,Bayesian Ridge,linear,1,H=1,short,2026-W29,2026,2026-07-17,0.5099236641221374,0.0,0.0,0.0,0.524390243902439,0.500763358778626,0.5304878048780488,0.250381679389313,0.9679183203170622,NORMAL,True,transition,0.35784245204865717,1,0.38341321106957593,1.0666586931937136,0.26284561221081815,0.10299417001671518,0.5099236641221374,0.5266328133077646,0.03220478231729875,False,False,0.5206106870229008,forward_bayesian_ridge_2026_W29.png,backtest_bayesian_ridge_h1.png,2026-08-25T18:00:19.082113,forward_bayesian_ridge_2026_W29.png,usdcop_forecast_zoo:bayesian_ridge:h1:2026-07-17,0.002524210510176379,CTR-FORECAST-OUTPUT-001
BT_bayesian_ridge_h1_2026_W29,backtest,bayesian_ridge,Bayesian Ridge,linear,1,H=1,short,2026-W29,2026,2026-07-17,0.5099236641221374,0.00747739813752324,0.005593981524627936,-0.049988049456545,0.524390243902439,0.500763358778626,0.5304878048780488,0.250381679389313,0.9679183203170622,NORMAL,True,transition,0.35784245204865717,1,0.38341321106957593,1.0666586931937136,0.26284561221081815,0.10299417001671518,0.5099236641221374,0.5266328133077646,0.03220478231729875,False,False,0.5206106870229008,backtest_bayesian_ridge_h1.png,backtest_bayesian_ridge_h1.png,2026-08-25T18:00:19.082113,forward_bayesian_ridge_2026_W29.png,usdcop_forecast_zoo:bayesian_ridge:h1:2026-07-17,0.002524210510176379,CTR-FORECAST-OUTPUT-001
FF_bayesian_ridge_h5_2026_W29,forward_forecast,bayesian_ridge,Bayesian Ridge,linear,5,H=5,short,2026-W29,2026,2026-07-17,0.49312977099236643,0.0,0.0,0.0,0.4847560975609756,0.500763358778626,0.4573170731707317,0.250381679389313,0.9679183203170622,NORMAL,True,transition,0.35784245204865717,1,-0.13205102111979877,0.9529605109654545,0.5655569810227454,-0.23298377890374522,0.49312977099236643,0.5266328133077646,0.03220478231729875,False,False,0.5053435114503817,forward_bayesian_ridge_2026_W29.png,backtest_bayesian_ridge_h5.png,2026-08-25T18:00:19.082113,forward_bayesian_ridge_2026_W29.png,usdcop_forecast_zoo:bayesian_ridge:h5:2026-07-17,0.008453951814068243,CTR-FORECAST-OUTPUT-001
BT_bayesian_ridge_h5_2026_W29,backtest,bayesian_ridge,Bayesian Ridge,linear,5,H=5,short,2026-W29,2026,2026-07-17,0.49312977099236643,0.017867691898639505,0.013638370135578648,-0.35899431423967854,0.4847560975609756,0.500763358778626,0.4573170731707317,0.250381679389313,0.9679183203170622,NORMAL,True,transition,0.35784245204865717,1,-0.13205102111979877,0.9529605109654545,0.5655569810227454,-0.23298377890374522,0.49312977099236643,0.5266328133077646,0.03220478231729875,False,False,0.5053435114503817,backtest_bayesian_ridge_h5.png,backtest_bayesian_ridge_h5.png,2026-08-25T18:00:19.082113,forward_bayesian_ridge_2026_W29.png,usdcop_forecast_zoo:bayesian_ridge:h5:2026-07-17,0.008453951814068243,CTR-FORECAST-OUTPUT-001
FF_bayesian_ridge_h10_2026_W29,forward_forecast,bayesian_ridge,Bayesian Ridge,linear,10,H=10,medium,2026-W29,2026,2026-07-17,0.5099236641221374,0.0,0.0,0.0,0.4725609756097561,0.500763358778626,0.3780487804878049,0.250381679389313,0.9679183203170622,NORMAL,True,transition,0.35784245204865717,1,-0.031803880447702826,0.983967154741509,0.747904652470168,-0.2245039237845321,0.5099236641221374,0.5266328133077646,0.03220478231729875,False,False,0.5221374045801527,forward_bayesian_ridge_2026_W29.png,backtest_bayesian_ridge_h10.png,2026-08-25T18:00:19.082113,forward_bayesian_ridge_2026_W29.png,usdcop_forecast_zoo:bayesian_ridge:h10:2026-07-17,0.01849986510107159,CTR-FORECAST-OUTPUT-001
BT_bayesian_ridge_h10_2026_W29,backtest,bayesian_ridge,Bayesian Ridge,linear,10,H=10,medium,2026-W29,2026,2026-07-17,0.5099236641221374,0.027452354999958115,0.020935968583373925,-0.5511104284379176,0.4725609756097561,0.500763358778626,0.3780487804878049,0.250381679389313,0.9679183203170622,NORMAL,True,transition,0.35784245204865717,1,-0.031803880447702826,0.983967154741509,0.747904652470168,-0.2245039237845321,0.5099236641221374,0.5266328133077646,0.03220478231729875,False,False,0.5221374045801527,backtest_bayesian_ridge_h10.png,backtest_bayesian_ridge_h10.png,2026-08-25T18:00:19.082113,forward_bayesian_ridge_2026_W29.png,usdcop_forecast_zoo:bayesian_ridge:h10:2026-07-17,0.01849986510107159,CTR-FORECAST-OUTPUT-001
FF_bayesian_ridge_h15_2026_W29,forward_forecast,bayesian_ridge,Bayesian Ridge,linear,15,H=15,medium,2026-W29,2026,2026-07-17,0.5246153846153846,0.0,0.0,0.0,0.5384615384615384,0.5,0.4662576687116564,0.25076923076923074,0.9679183203170622,NORMAL,True,transition,0.35784245204865717,1,-0.009974345501917234,0.9938354344488343,0.8008546961697747,-0.24378748753690072,0.5246153846153846,0.5266328133077646,0.03220478231729875,False,False,0.5584615384615385,forward_bayesian_ridge_2026_W29.png,backtest_bayesian_ridge_h15.png,2026-08-25T18:00:19.082113,forward_bayesian_ridge_2026_W29.png,usdcop_forecast_zoo:bayesian_ridge:h15:2026-07-17,0.024937394744003596,CTR-FORECAST-OUTPUT-001
BT_bayesian_ridge_h15_2026_W29,backtest,bayesian_ridge,Bayesian Ridge,linear,15,H=15,medium,2026-W29,2026,2026-07-17,0.5246153846153846,0.03496209212957398,0.02589219987243228,-0.7146524317887342,0.5384615384615384,0.5,0.4662576687116564,0.25076923076923074,0.9679183203170622,NORMAL,True,transition,0.35784245204865717,1,-0.009974345501917234,0.9938354344488343,0.8008546961697747,-0.24378748753690072,0.5246153846153846,0.5266328133077646,0.03220478231729875,False,False,0.5584615384615385,backtest_bayesian_ridge_h15.png,backtest_bayesian_ridge_h15.png,2026-08-25T18:00:19.082113,forward_bayesian_ridge_2026_W29.png,usdcop_forecast_zoo:bayesian_ridge:h15:2026-07-17,0.024937394744003596,CTR-FORECAST-OUTPUT-001
FF_bayesian_ridge_h20_2026_W29,forward_forecast,bayesian_ridge,Bayesian Ridge,linear,20,H=20,medium,2026-W29,2026,2026-07-17,0.5430769230769231,0.0,0.0,0.0,0.5476923076923077,0.5,0.4723926380368098,0.25076923076923074,0.9679183203170622,NORMAL,True,transition,0.35784245204865717,1,0.19780536271886542,1.1526620027809968,0.8727825505685858,1.2206173771126516,0.5430769230769231,0.5266328133077646,0.03220478231729875,False,False,0.5553846153846154,forward_bayesian_ridge_2026_W29.png,backtest_bayesian_ridge_h20.png,2026-08-25T18:00:19.082113,forward_bayesian_ridge_2026_W29.png,usdcop_forecast_zoo:bayesian_ridge:h20:2026-07-17,0.027947077333003653,CTR-FORECAST-OUTPUT-001
BT_bayesian_ridge_h20_2026_W29,backtest,bayesian_ridge,Bayesian Ridge,linear,20,H=20,medium,2026-W29,2026,2026-07-17,0.5430769230769231,0.04157808840203553,0.03015924207216855,-0.9200631725860824,0.5476923076923077,0.5,0.4723926380368098,0.25076923076923074,0.9679183203170622,NORMAL,True,transition,0.35784245204865717,1,0.19780536271886542,1.1526620027809968,0.8727825505685858,1.2206173771126516,0.5430769230769231,0.5266328133077646,0.03220478231729875,False,False,0.5553846153846154,backtest_bayesian_ridge_h20.png,backtest_bayesian_ridge_h20.png,2026-08-25T18:00:19.082113,forward_bayesian_ridge_2026_W29.png,usdcop_forecast_zoo:bayesian_ridge:h20:2026-07-17,0.027947077333003653,CTR-FORECAST-OUTPUT-001
FF_bayesian_ridge_h25_2026_W29,forward_forecast,bayesian_ridge,Bayesian Ridge,linear,25,H=25,long,2026-W29,2026,2026-07-17,0.556923076923077,0.0,0.0,0.0,0.5538461538461539,0.5,0.5153374233128835,0.25076923076923074,0.9679183203170622,NORMAL,True,transition,0.35784245204865717,1,0.2665240293350881,1.243044062355541,0.917285506434987,3.2299240321107163,0.556923076923077,0.5266328133077646,0.03220478231729875,False,False,0.5615384615384615,forward_bayesian_ridge_2026_W29.png,backtest_bayesian_ridge_h25.png,2026-08-25T18:00:19.082113,forward_bayesian_ridge_2026_W29.png,usdcop_forecast_zoo:bayesian_ridge:h25:2026-07-17,0.03070429064073996,CTR-FORECAST-OUTPUT-001
BT_bayesian_ridge_h25_2026_W29,backtest,bayesian_ridge,Bayesian Ridge,linear,25,H=25,long,2026-W29,2026,2026-07-17,0.556923076923077,0.04729730768698305,0.034047764635271434,-1.1065816524225123,0.5538461538461539,0.5,0.5153374233128835,0.25076923076923074,0.9679183203170622,NORMAL,True,transition,0.35784245204865717,1,0.2665240293350881,1.243044062355541,0.917285506434987,3.2299240321107163,0.556923076923077,0.5266328133077646,0.03220478231729875,False,False,0.5615384615384615,backtest_bayesian_ridge_h25.png,backtest_bayesian_ridge_h25.png,2026-08-25T18:00:19.082113,forward_bayesian_ridge_2026_W29.png,usdcop_forecast_zoo:bayesian_ridge:h25:2026-07-17,0.03070429064073996,CTR-FORECAST-OUTPUT-001
FF_bayesian_ridge_h30_2026_W29,forward_forecast,bayesian_ridge,Bayesian Ridge,linear,30,H=30,long,2026-W29,2026,2026-07-17,0.5488372093023256,0.0,0.0,0.0,0.5820433436532507,0.5007751937984496,0.5061728395061729,0.25116279069767444,0.9679183203170622,NORMAL,True,transition,0.35784245204865717,1,0.1956342729080929,1.1906268697219795,0.9101189320320521,2.0461096454712333,0.5488372093023256,0.5266328133077646,0.03220478231729875,False,False,0.5720930232558139,forward_bayesian_ridge_2026_W29.png,backtest_bayesian_ridge_h30.png,2026-08-25T18:00:19.082113,forward_bayesian_ridge_2026_W29.png,usdcop_forecast_zoo:bayesian_ridge:h30:2026-07-17,0.040033682351349166,CTR-FORECAST-OUTPUT-001
BT_bayesian_ridge_h30_2026_W29,backtest,bayesian_ridge,Bayesian Ridge,linear,30,H=30,long,2026-W29,2026,2026-07-17,0.5488372093023256,0.04879854296637788,0.036293263622357186,-1.0541526736536473,0.5820433436532507,0.5007751937984496,0.5061728395061729,0.25116279069767444,0.9679183203170622,NORMAL,True,transition,0.35784245204865717,1,0.1956342729080929,1.1906268697219795,0.9101189320320521,2.0461096454712333,0.5488372093023256,0.5266328133077646,0.03220478231729875,False,False,0.5720930232558139,backtest_bayesian_ridge_h30.png,backtest_bayesian_ridge_h30.png,2026-08-25T18:00:19.082113,forward_bayesian_ridge_2026_W29.png,usdcop_forecast_zoo:bayesian_ridge:h30:2026-07-17,0.040033682351349166,CTR-FORECAST-OUTPUT-001
FF_ard_h1_2026_W29,forward_forecast,ard,ARD,linear,1,H=1,short,2026-W29,2026,2026-07-17,0.5206106870229008,0.0,0.0,0.0,0.5152439024390244,0.500763358778626,0.5121951219512195,0.250381679389313,0.9679183203170622,NORMAL,True,transition,0.35784245204865717,1,-0.006848411323368173,0.9988480936117382,0.22430146667430112,-0.019390879728604316,0.5206106870229008,0.4864033569838647,0.03042243169643608,False,True,0.5206106870229008,forward_ard_2026_W29.png,backtest_ard_h1.png,2026-08-25T18:00:19.082113,forward_ard_2026_W29.png,usdcop_forecast_zoo:ard:h1:2026-07-17,-4.7228700464223966e-05,CTR-FORECAST-OUTPUT-001
BT_ard_h1_2026_W29,backtest,ard,ARD,linear,1,H=1,short,2026-W29,2026,2026-07-17,0.5206106870229008,0.007402695726958606,0.0055223493037656205,-0.029113186539227343,0.5152439024390244,0.500763358778626,0.5121951219512195,0.250381679389313,0.9679183203170622,NORMAL,True,transition,0.35784245204865717,1,-0.006848411323368173,0.9988480936117382,0.22430146667430112,-0.019390879728604316,0.5206106870229008,0.4864033569838647,0.03042243169643608,False,True,0.5206106870229008,backtest_ard_h1.png,backtest_ard_h1.png,2026-08-25T18:00:19.082113,forward_ard_2026_W29.png,usdcop_forecast_zoo:ard:h1:2026-07-17,-4.7228700464223966e-05,CTR-FORECAST-OUTPUT-001
FF_ard_h5_2026_W29,forward_forecast,ard,ARD,linear,5,H=5,short,2026-W29,2026,2026-07-17,0.4381679389312977,0.0,0.0,0.0,0.4451219512195122,0.500763358778626,0.3475609756097561,0.250381679389313,0.9679183203170622,NORMAL,True,transition,0.35784245204865717,1,-0.6549674878639294,0.7873386197612328,0.7932988951498455,-0.6335111338917362,0.4381679389312977,0.4864033569838647,0.03042243169643608,False,False,0.5053435114503817,forward_ard_2026_W29.png,backtest_ard_h5.png,2026-08-25T18:00:19.082113,forward_ard_2026_W29.png,usdcop_forecast_zoo:ard:h5:2026-07-17,-0.0002273344930920347,CTR-FORECAST-OUTPUT-001
BT_ard_h5_2026_W29,backtest,ard,ARD,linear,5,H=5,short,2026-W29,2026,2026-07-17,0.4381679389312977,0.015449100927876283,0.011976543302001466,-0.015984659007429736,0.4451219512195122,0.500763358778626,0.3475609756097561,0.250381679389313,0.9679183203170622,NORMAL,True,transition,0.35784245204865717,1,-0.6549674878639294,0.7873386197612328,0.7932988951498455,-0.6335111338917362,0.4381679389312977,0.4864033569838647,0.03042243169643608,False,False,0.5053435114503817,backtest_ard_h5.png,backtest_ard_h5.png,2026-08-25T18:00:19.082113,forward_ard_2026_W29.png,usdcop_forecast_zoo:ard:h5:2026-07-17,-0.0002273344930920347,CTR-FORECAST-OUTPUT-001
FF_ard_h10_2026_W29,forward_forecast,ard,ARD,linear,10,H=10,medium,2026-W29,2026,2026-07-17,0.38625954198473283,0.0,0.0,0.0,0.4146341463414634,0.500763358778626,0.47560975609756095,0.250381679389313,0.9679183203170622,NORMAL,True,transition,0.35784245204865717,1,-0.9226925449575474,0.6252322388966296,0.9716875255318945,-0.9387948351448648,0.38625954198473283,0.4864033569838647,0.03042243169643608,False,False,0.5221374045801527,forward_ard_2026_W29.png,backtest_ard_h10.png,2026-08-25T18:00:19.082113,forward_ard_2026_W29.png,usdcop_forecast_zoo:ard:h10:2026-07-17,-0.0006573982411440773,CTR-FORECAST-OUTPUT-001
BT_ard_h10_2026_W29,backtest,ard,ARD,linear,10,H=10,medium,2026-W29,2026,2026-07-17,0.38625954198473283,0.023109353073723582,0.01881281485772347,-0.09915535716035406,0.4146341463414634,0.500763358778626,0.47560975609756095,0.250381679389313,0.9679183203170622,NORMAL,True,transition,0.35784245204865717,1,-0.9226925449575474,0.6252322388966296,0.9716875255318945,-0.9387948351448648,0.38625954198473283,0.4864033569838647,0.03042243169643608,False,False,0.5221374045801527,backtest_ard_h10.png,backtest_ard_h10.png,2026-08-25T18:00:19.082113,forward_ard_2026_W29.png,usdcop_forecast_zoo:ard:h10:2026-07-17,-0.0006573982411440773,CTR-FORECAST-OUTPUT-001
FF_ard_h15_2026_W29,forward_forecast,ard,ARD,linear,15,H=15,medium,2026-W29,2026,2026-07-17,0.45384615384615384,0.0,0.0,0.0,0.4461538461538462,0.5,0.4110429447852761,0.25076923076923074,0.9679183203170622,NORMAL,True,transition,0.35784245204865717,1,-0.21620672844389952,0.8745439767091688,0.9033074133036546,-0.6862703547406355,0.45384615384615384,0.4864033569838647,0.03042243169643608,False,False,0.5584615384615385,forward_ard_2026_W29.png,backtest_ard_h15.png,2026-08-25T18:00:19.082113,forward_ard_2026_W29.png,usdcop_forecast_zoo:ard:h15:2026-07-17,-0.0012164184377999592,CTR-FORECAST-OUTPUT-001
BT_ard_h15_2026_W29,backtest,ard,ARD,linear,15,H=15,medium,2026-W29,2026,2026-07-17,0.45384615384615384,0.03332000712864955,0.026516356155497318,-0.5573687116581734,0.4461538461538462,0.5,0.4110429447852761,0.25076923076923074,0.9679183203170622,NORMAL,True,transition,0.35784245204865717,1,-0.21620672844389952,0.8745439767091688,0.9033074133036546,-0.6862703547406355,0.45384615384615384,0.4864033569838647,0.03042243169643608,False,False,0.5584615384615385,backtest_ard_h15.png,backtest_ard_h15.png,2026-08-25T18:00:19.082113,forward_ard_2026_W29.png,usdcop_forecast_zoo:ard:h15:2026-07-17,-0.0012164184377999592,CTR-FORECAST-OUTPUT-001
FF_ard_h20_2026_W29,forward_forecast,ard,ARD,linear,20,H=20,medium,2026-W29,2026,2026-07-17,0.4815384615384615,0.0,0.0,0.0,0.5292307692307693,0.5,0.44171779141104295,0.25076923076923074,0.9679183203170622,NORMAL,True,transition,0.35784245204865717,1,-0.13374443613167067,0.9084137008439959,0.9209148500599168,-0.649025536664349,0.4815384615384615,0.4864033569838647,0.03042243169643608,False,False,0.5553846153846154,forward_ard_2026_W29.png,backtest_ard_h20.png,2026-08-25T18:00:19.082113,forward_ard_2026_W29.png,usdcop_forecast_zoo:ard:h20:2026-07-17,-0.0017545782650566235,CTR-FORECAST-OUTPUT-001
BT_ard_h20_2026_W29,backtest,ard,ARD,linear,20,H=20,medium,2026-W29,2026,2026-07-17,0.4815384615384615,0.038839279906104494,0.030152486610743125,-0.6754397691816114,0.5292307692307693,0.5,0.44171779141104295,0.25076923076923074,0.9679183203170622,NORMAL,True,transition,0.35784245204865717,1,-0.13374443613167067,0.9084137008439959,0.9209148500599168,-0.649025536664349,0.4815384615384615,0.4864033569838647,0.03042243169643608,False,False,0.5553846153846154,backtest_ard_h20.png,backtest_ard_h20.png,2026-08-25T18:00:19.082113,forward_ard_2026_W29.png,usdcop_forecast_zoo:ard:h20:2026-07-17,-0.0017545782650566235,CTR-FORECAST-OUTPUT-001
FF_ard_h25_2026_W29,forward_forecast,ard,ARD,linear,25,H=25,long,2026-W29,2026,2026-07-17,0.5523076923076923,0.0,0.0,0.0,0.5415384615384615,0.5,0.48466257668711654,0.25076923076923074,0.9679183203170622,NORMAL,True,transition,0.35784245204865717,1,0.20085705948317464,1.1781309851372843,0.9262624589787858,1.7175550475946775,0.5523076923076923,0.4864033569838647,0.03042243169643608,False,False,0.5615384615384615,forward_ard_2026_W29.png,backtest_ard_h25.png,2026-08-25T18:00:19.082113,forward_ard_2026_W29.png,usdcop_forecast_zoo:ard:h25:2026-07-17,0.026516403195193543,CTR-FORECAST-OUTPUT-001
BT_ard_h25_2026_W29,backtest,ard,ARD,linear,25,H=25,long,2026-W29,2026,2026-07-17,0.5523076923076923,0.043974210308950414,0.03315862527597289,-0.8209648198158852,0.5415384615384615,0.5,0.48466257668711654,0.25076923076923074,0.9679183203170622,NORMAL,True,transition,0.35784245204865717,1,0.20085705948317464,1.1781309851372843,0.9262624589787858,1.7175550475946775,0.5523076923076923,0.4864033569838647,0.03042243169643608,False,False,0.5615384615384615,backtest_ard_h25.png,backtest_ard_h25.png,2026-08-25T18:00:19.082113,forward_ard_2026_W29.png,usdcop_forecast_zoo:ard:h25:2026-07-17,0.026516403195193543,CTR-FORECAST-OUTPUT-001
FF_ard_h30_2026_W29,forward_forecast,ard,ARD,linear,30,H=30,long,2026-W29,2026,2026-07-17,0.5720930232558139,0.0,0.0,0.0,0.5820433436532507,0.5007751937984496,0.49382716049382713,0.25116279069767444,0.9679183203170622,NORMAL,True,transition,0.35784245204865717,1,0.32491904700314556,1.3363205211716556,0.9190625057908248,7.159457302642716,0.5720930232558139,0.4864033569838647,0.03042243169643608,False,True,0.5720930232558139,forward_ard_2026_W29.png,backtest_ard_h30.png,2026-08-25T18:00:19.082113,forward_ard_2026_W29.png,usdcop_forecast_zoo:ard:h30:2026-07-17,0.030989013674244135,CTR-FORECAST-OUTPUT-001
BT_ard_h30_2026_W29,backtest,ard,ARD,linear,30,H=30,long,2026-W29,2026,2026-07-17,0.5720930232558139,0.05086237480278964,0.03751814032953219,-1.2315790565816336,0.5820433436532507,0.5007751937984496,0.49382716049382713,0.25116279069767444,0.9679183203170622,NORMAL,True,transition,0.35784245204865717,1,0.32491904700314556,1.3363205211716556,0.9190625057908248,7.159457302642716,0.5720930232558139,0.4864033569838647,0.03042243169643608,False,True,0.5720930232558139,backtest_ard_h30.png,backtest_ard_h30.png,2026-08-25T18:00:19.082113,forward_ard_2026_W29.png,usdcop_forecast_zoo:ard:h30:2026-07-17,0.030989013674244135,CTR-FORECAST-OUTPUT-001
FF_xgboost_pure_h1_2026_W29,forward_forecast,xgboost_pure,XGBoost,boosting,1,H=1,short,2026-W29,2026,2026-07-17,0.5114503816793893,0.0,0.0,0.0,0.49390243902439024,0.500763358778626,0.4878048780487805,0.250381679389313,0.9679183203170622,NORMAL,True,transition,0.35784245204865717,1,0.32776734116167267,1.0567145842254142,0.1306301157088311,0.08468344624797353,0.5114503816793893,0.521162003863939,0.02652636455110764,False,False,0.5206106870229008,forward_xgboost_pure_2026_W29.png,backtest_xgboost_pure_h1.png,2026-08-25T18:00:19.082113,forward_xgboost_pure_2026_W29.png,usdcop_forecast_zoo:xgboost_pure:h1:2026-07-17,0.0004529758880380541,CTR-FORECAST-OUTPUT-001
BT_xgboost_pure_h1_2026_W29,backtest,xgboost_pure,XGBoost,boosting,1,H=1,short,2026-W29,2026,2026-07-17,0.5114503816793893,0.007806812310329454,0.005895973142759139,-0.14453959548740647,0.49390243902439024,0.500763358778626,0.4878048780487805,0.250381679389313,0.9679183203170622,NORMAL,True,transition,0.35784245204865717,1,0.32776734116167267,1.0567145842254142,0.1306301157088311,0.08468344624797353,0.5114503816793893,0.521162003863939,0.02652636455110764,False,False,0.5206106870229008,backtest_xgboost_pure_h1.png,backtest_xgboost_pure_h1.png,2026-08-25T18:00:19.082113,forward_xgboost_pure_2026_W29.png,usdcop_forecast_zoo:xgboost_pure:h1:2026-07-17,0.0004529758880380541,CTR-FORECAST-OUTPUT-001
FF_xgboost_pure_h5_2026_W29,forward_forecast,xgboost_pure,XGBoost,boosting,5,H=5,short,2026-W29,2026,2026-07-17,0.4854961832061069,0.0,0.0,0.0,0.4969512195121951,0.500763358778626,0.4878048780487805,0.250381679389313,0.9679183203170622,NORMAL,True,transition,0.35784245204865717,1,-0.5985955409641391,0.8037237915598775,0.7273544480650398,-0.6035282980439993,0.4854961832061069,0.521162003863939,0.02652636455110764,False,False,0.5053435114503817,forward_xgboost_pure_2026_W29.png,backtest_xgboost_pure_h5.png,2026-08-25T18:00:19.082113,forward_xgboost_pure_2026_W29.png,usdcop_forecast_zoo:xgboost_pure:h5:2026-07-17,0.0005175317055545747,CTR-FORECAST-OUTPUT-001
BT_xgboost_pure_h5_2026_W29,backtest,xgboost_pure,XGBoost,boosting,5,H=5,short,2026-W29,2026,2026-07-17,0.4854961832061069,0.017079510027079442,0.013133102317664572,-0.24174249748632226,0.4969512195121951,0.500763358778626,0.4878048780487805,0.250381679389313,0.9679183203170622,NORMAL,True,transition,0.35784245204865717,1,-0.5985955409641391,0.8037237915598775,0.7273544480650398,-0.6035282980439993,0.4854961832061069,0.521162003863939,0.02652636455110764,False,False,0.5053435114503817,backtest_xgboost_pure_h5.png,backtest_xgboost_pure_h5.png,2026-08-25T18:00:19.082113,forward_xgboost_pure_2026_W29.png,usdcop_forecast_zoo:xgboost_pure:h5:2026-07-17,0.0005175317055545747,CTR-FORECAST-OUTPUT-001
FF_xgboost_pure_h10_2026_W29,forward_forecast,xgboost_pure,XGBoost,boosting,10,H=10,medium,2026-W29,2026,2026-07-17,0.5068702290076336,0.0,0.0,0.0,0.4817073170731707,0.500763358778626,0.4634146341463415,0.250381679389313,0.9679183203170622,NORMAL,True,transition,0.35784245204865717,1,-0.2677531110491018,0.8727652592387302,0.8208980617848051,-0.6086599937691137,0.5068702290076336,0.521162003863939,0.02652636455110764,False,False,0.5221374045801527,forward_xgboost_pure_2026_W29.png,backtest_xgboost_pure_h10.png,2026-08-25T18:00:19.082113,forward_xgboost_pure_2026_W29.png,usdcop_forecast_zoo:xgboost_pure:h10:2026-07-17,0.004666944500058889,CTR-FORECAST-OUTPUT-001
BT_xgboost_pure_h10_2026_W29,backtest,xgboost_pure,XGBoost,boosting,10,H=10,medium,2026-W29,2026,2026-07-17,0.5068702290076336,0.02386364693580019,0.01834291007335929,-0.17207967525773382,0.4817073170731707,0.500763358778626,0.4634146341463415,0.250381679389313,0.9679183203170622,NORMAL,True,transition,0.35784245204865717,1,-0.2677531110491018,0.8727652592387302,0.8208980617848051,-0.6086599937691137,0.5068702290076336,0.521162003863939,0.02652636455110764,False,False,0.5221374045801527,backtest_xgboost_pure_h10.png,backtest_xgboost_pure_h10.png,2026-08-25T18:00:19.082113,forward_xgboost_pure_2026_W29.png,usdcop_forecast_zoo:xgboost_pure:h10:2026-07-17,0.004666944500058889,CTR-FORECAST-OUTPUT-001
FF_xgboost_pure_h15_2026_W29,forward_forecast,xgboost_pure,XGBoost,boosting,15,H=15,medium,2026-W29,2026,2026-07-17,0.5584615384615385,0.0,0.0,0.0,0.49230769230769234,0.5,0.48466257668711654,0.25076923076923074,0.9679183203170622,NORMAL,True,transition,0.35784245204865717,1,0.20225671600596237,1.1336037514993051,0.8107891328750234,0.8716665995328441,0.5584615384615385,0.521162003863939,0.02652636455110764,False,True,0.5584615384615385,forward_xgboost_pure_2026_W29.png,backtest_xgboost_pure_h15.png,2026-08-25T18:00:19.082113,forward_xgboost_pure_2026_W29.png,usdcop_forecast_zoo:xgboost_pure:h15:2026-07-17,0.007409414742141962,CTR-FORECAST-OUTPUT-001
BT_xgboost_pure_h15_2026_W29,backtest,xgboost_pure,XGBoost,boosting,15,H=15,medium,2026-W29,2026,2026-07-17,0.5584615384615385,0.029524070130511122,0.02251292496908625,-0.22273890417762132,0.49230769230769234,0.5,0.48466257668711654,0.25076923076923074,0.9679183203170622,NORMAL,True,transition,0.35784245204865717,1,0.20225671600596237,1.1336037514993051,0.8107891328750234,0.8716665995328441,0.5584615384615385,0.521162003863939,0.02652636455110764,False,True,0.5584615384615385,backtest_xgboost_pure_h15.png,backtest_xgboost_pure_h15.png,2026-08-25T18:00:19.082113,forward_xgboost_pure_2026_W29.png,usdcop_forecast_zoo:xgboost_pure:h15:2026-07-17,0.007409414742141962,CTR-FORECAST-OUTPUT-001
FF_xgboost_pure_h20_2026_W29,forward_forecast,xgboost_pure,XGBoost,boosting,20,H=20,medium,2026-W29,2026,2026-07-17,0.5076923076923077,0.0,0.0,0.0,0.48307692307692307,0.5,0.3987730061349693,0.25076923076923074,0.9679183203170622,NORMAL,True,transition,0.35784245204865717,1,-0.30711228060485835,0.8020173830947523,0.9438872275123803,-0.8659395522685395,0.5076923076923077,0.521162003863939,0.02652636455110764,False,False,0.5553846153846154,forward_xgboost_pure_2026_W29.png,backtest_xgboost_pure_h20.png,2026-08-25T18:00:19.082113,forward_xgboost_pure_2026_W29.png,usdcop_forecast_zoo:xgboost_pure:h20:2026-07-17,0.009304512292146683,CTR-FORECAST-OUTPUT-001
BT_xgboost_pure_h20_2026_W29,backtest,xgboost_pure,XGBoost,boosting,20,H=20,medium,2026-W29,2026,2026-07-17,0.5076923076923077,0.03483329579797167,0.026066791416610443,-0.34764534868443064,0.48307692307692307,0.5,0.3987730061349693,0.25076923076923074,0.9679183203170622,NORMAL,True,transition,0.35784245204865717,1,-0.30711228060485835,0.8020173830947523,0.9438872275123803,-0.8659395522685395,0.5076923076923077,0.521162003863939,0.02652636455110764,False,False,0.5553846153846154,backtest_xgboost_pure_h20.png,backtest_xgboost_pure_h20.png,2026-08-25T18:00:19.082113,forward_xgboost_pure_2026_W29.png,usdcop_forecast_zoo:xgboost_pure:h20:2026-07-17,0.009304512292146683,CTR-FORECAST-OUTPUT-001
FF_xgboost_pure_h25_2026_W29,forward_forecast,xgboost_pure,XGBoost,boosting,25,H=25,long,2026-W29,2026,2026-07-17,0.5169230769230769,0.0,0.0,0.0,0.4646153846153846,0.5,0.44171779141104295,0.25076923076923074,0.9679183203170622,NORMAL,True,transition,0.35784245204865717,1,-0.36409793440402594,0.7428034367823654,0.9937712514073584,-0.9404753494150141,0.5169230769230769,0.521162003863939,0.02652636455110764,False,False,0.5615384615384615,forward_xgboost_pure_2026_W29.png,backtest_xgboost_pure_h25.png,2026-08-25T18:00:19.082113,forward_xgboost_pure_2026_W29.png,usdcop_forecast_zoo:xgboost_pure:h25:2026-07-17,0.004988006316125393,CTR-FORECAST-OUTPUT-001
BT_xgboost_pure_h25_2026_W29,backtest,xgboost_pure,XGBoost,boosting,25,H=25,long,2026-W29,2026,2026-07-17,0.5169230769230769,0.03547457315911242,0.02640556375601411,-0.185058567668428,0.4646153846153846,0.5,0.44171779141104295,0.25076923076923074,0.9679183203170622,NORMAL,True,transition,0.35784245204865717,1,-0.36409793440402594,0.7428034367823654,0.9937712514073584,-0.9404753494150141,0.5169230769230769,0.521162003863939,0.02652636455110764,False,False,0.5615384615384615,backtest_xgboost_pure_h25.png,backtest_xgboost_pure_h25.png,2026-08-25T18:00:19.082113,forward_xgboost_pure_2026_W29.png,usdcop_forecast_zoo:xgboost_pure:h25:2026-07-17,0.004988006316125393,CTR-FORECAST-OUTPUT-001
FF_xgboost_pure_h30_2026_W29,forward_forecast,xgboost_pure,XGBoost,boosting,30,H=30,long,2026-W29,2026,2026-07-17,0.5612403100775194,0.0,0.0,0.0,0.4551083591331269,0.5007751937984496,0.2839506172839506,0.25116279069767444,0.9679183203170622,NORMAL,True,transition,0.35784245204865717,1,-0.010160389058717103,0.9909815312788581,0.9606089642355365,-0.3769801619256098,0.5612403100775194,0.521162003863939,0.02652636455110764,False,False,0.5720930232558139,forward_xgboost_pure_2026_W29.png,backtest_xgboost_pure_h30.png,2026-08-25T18:00:19.082113,forward_xgboost_pure_2026_W29.png,usdcop_forecast_zoo:xgboost_pure:h30:2026-07-17,0.003473263932392001,CTR-FORECAST-OUTPUT-001
BT_xgboost_pure_h30_2026_W29,backtest,xgboost_pure,XGBoost,boosting,30,H=30,long,2026-W29,2026,2026-07-17,0.5612403100775194,0.03710264349694917,0.02795515589366848,-0.1874865957257934,0.4551083591331269,0.5007751937984496,0.2839506172839506,0.25116279069767444,0.9679183203170622,NORMAL,True,transition,0.35784245204865717,1,-0.010160389058717103,0.9909815312788581,0.9606089642355365,-0.3769801619256098,0.5612403100775194,0.521162003863939,0.02652636455110764,False,False,0.5720930232558139,backtest_xgboost_pure_h30.png,backtest_xgboost_pure_h30.png,2026-08-25T18:00:19.082113,forward_xgboost_pure_2026_W29.png,usdcop_forecast_zoo:xgboost_pure:h30:2026-07-17,0.003473263932392001,CTR-FORECAST-OUTPUT-001
FF_lightgbm_pure_h1_2026_W29,forward_forecast,lightgbm_pure,LightGBM,boosting,1,H=1,short,2026-W29,2026,2026-07-17,0.500763358778626,0.0,0.0,0.0,0.4725609756097561,0.500763358778626,0.45121951219512196,0.250381679389313,0.9679183203170622,NORMAL,True,transition,0.35784245204865717,1,0.021999225715576255,1.0037092771812801,0.15366316022512755,-0.010777190361271338,0.500763358778626,0.5244419040335958,0.026694179105787714,False,False,0.5206106870229008,forward_lightgbm_pure_2026_W29.png,backtest_lightgbm_pure_h1.png,2026-08-25T18:00:19.082113,forward_lightgbm_pure_2026_W29.png,usdcop_forecast_zoo:lightgbm_pure:h1:2026-07-17,0.0003383721013105268,CTR-FORECAST-OUTPUT-001
BT_lightgbm_pure_h1_2026_W29,backtest,lightgbm_pure,LightGBM,boosting,1,H=1,short,2026-W29,2026,2026-07-17,0.500763358778626,0.007773192723668291,0.005890239406054859,-0.1347030340570392,0.4725609756097561,0.500763358778626,0.45121951219512196,0.250381679389313,0.9679183203170622,NORMAL,True,transition,0.35784245204865717,1,0.021999225715576255,1.0037092771812801,0.15366316022512755,-0.010777190361271338,0.500763358778626,0.5244419040335958,0.026694179105787714,False,False,0.5206106870229008,backtest_lightgbm_pure_h1.png,backtest_lightgbm_pure_h1.png,2026-08-25T18:00:19.082113,forward_lightgbm_pure_2026_W29.png,usdcop_forecast_zoo:lightgbm_pure:h1:2026-07-17,0.0003383721013105268,CTR-FORECAST-OUTPUT-001
FF_lightgbm_pure_h5_2026_W29,forward_forecast,lightgbm_pure,LightGBM,boosting,5,H=5,short,2026-W29,2026,2026-07-17,0.4946564885496183,0.0,0.0,0.0,0.4969512195121951,0.500763358778626,0.5121951219512195,0.250381679389313,0.9679183203170622,NORMAL,True,transition,0.35784245204865717,1,-0.2724450413731961,0.905367444697921,0.585127484740272,-0.37158797135905663,0.4946564885496183,0.5244419040335958,0.026694179105787714,False,False,0.5053435114503817,forward_lightgbm_pure_2026_W29.png,backtest_lightgbm_pure_h5.png,2026-08-25T18:00:19.082113,forward_lightgbm_pure_2026_W29.png,usdcop_forecast_zoo:lightgbm_pure:h5:2026-07-17,1.0142194092093538e-05,CTR-FORECAST-OUTPUT-001
BT_lightgbm_pure_h5_2026_W29,backtest,lightgbm_pure,LightGBM,boosting,5,H=5,short,2026-W29,2026,2026-07-17,0.4946564885496183,0.016989093820177655,0.013156268712732618,-0.22863012283519435,0.4969512195121951,0.500763358778626,0.5121951219512195,0.250381679389313,0.9679183203170622,NORMAL,True,transition,0.35784245204865717,1,-0.2724450413731961,0.905367444697921,0.585127484740272,-0.37158797135905663,0.4946564885496183,0.5244419040335958,0.026694179105787714,False,False,0.5053435114503817,backtest_lightgbm_pure_h5.png,backtest_lightgbm_pure_h5.png,2026-08-25T18:00:19.082113,forward_lightgbm_pure_2026_W29.png,usdcop_forecast_zoo:lightgbm_pure:h5:2026-07-17,1.0142194092093538e-05,CTR-FORECAST-OUTPUT-001
FF_lightgbm_pure_h10_2026_W29,forward_forecast,lightgbm_pure,LightGBM,boosting,10,H=10,medium,2026-W29,2026,2026-07-17,0.5221374045801527,0.0,0.0,0.0,0.47865853658536583,0.500763358778626,0.45121951219512196,0.250381679389313,0.9679183203170622,NORMAL,True,transition,0.35784245204865717,1,-0.10366632291078835,0.948679572068241,0.747904652470168,-0.37080260948107757,0.5221374045801527,0.5244419040335958,0.026694179105787714,False,True,0.5221374045801527,forward_lightgbm_pure_2026_W29.png,backtest_lightgbm_pure_h10.png,2026-08-25T18:00:19.082113,forward_lightgbm_pure_2026_W29.png,usdcop_forecast_zoo:lightgbm_pure:h10:2026-07-17,0.005983639064052691,CTR-FORECAST-OUTPUT-001
BT_lightgbm_pure_h10_2026_W29,backtest,lightgbm_pure,LightGBM,boosting,10,H=10,medium,2026-W29,2026,2026-07-17,0.5221374045801527,0.023961424799863105,0.018426044009037714,-0.18170420859458614,0.47865853658536583,0.500763358778626,0.45121951219512196,0.250381679389313,0.9679183203170622,NORMAL,True,transition,0.35784245204865717,1,-0.10366632291078835,0.948679572068241,0.747904652470168,-0.37080260948107757,0.5221374045801527,0.5244419040335958,0.026694179105787714,False,True,0.5221374045801527,backtest_lightgbm_pure_h10.png,backtest_lightgbm_pure_h10.png,2026-08-25T18:00:19.082113,forward_lightgbm_pure_2026_W29.png,usdcop_forecast_zoo:lightgbm_pure:h10:2026-07-17,0.005983639064052691,CTR-FORECAST-OUTPUT-001
FF_lightgbm_pure_h15_2026_W29,forward_forecast,lightgbm_pure,LightGBM,boosting,15,H=15,medium,2026-W29,2026,2026-07-17,0.5323076923076923,0.0,0.0,0.0,0.47384615384615386,0.5,0.39263803680981596,0.25076923076923074,0.9679183203170622,NORMAL,True,transition,0.35784245204865717,1,-0.05359767405050075,0.9673176447936939,0.8704681927221833,-0.3727511469406345,0.5323076923076923,0.5244419040335958,0.026694179105787714,False,False,0.5584615384615385,forward_lightgbm_pure_2026_W29.png,backtest_lightgbm_pure_h15.png,2026-08-25T18:00:19.082113,forward_lightgbm_pure_2026_W29.png,usdcop_forecast_zoo:lightgbm_pure:h15:2026-07-17,0.003534412979621035,CTR-FORECAST-OUTPUT-001
BT_lightgbm_pure_h15_2026_W29,backtest,lightgbm_pure,LightGBM,boosting,15,H=15,medium,2026-W29,2026,2026-07-17,0.5323076923076923,0.029879398486629207,0.02304112870295605,-0.25234784998930904,0.47384615384615386,0.5,0.39263803680981596,0.25076923076923074,0.9679183203170622,NORMAL,True,transition,0.35784245204865717,1,-0.05359767405050075,0.9673176447936939,0.8704681927221833,-0.3727511469406345,0.5323076923076923,0.5244419040335958,0.026694179105787714,False,False,0.5584615384615385,backtest_lightgbm_pure_h15.png,backtest_lightgbm_pure_h15.png,2026-08-25T18:00:19.082113,forward_lightgbm_pure_2026_W29.png,usdcop_forecast_zoo:lightgbm_pure:h15:2026-07-17,0.003534412979621035,CTR-FORECAST-OUTPUT-001
FF_lightgbm_pure_h20_2026_W29,forward_forecast,lightgbm_pure,LightGBM,boosting,20,H=20,medium,2026-W29,2026,2026-07-17,0.5030769230769231,0.0,0.0,0.0,0.4553846153846154,0.5,0.43558282208588955,0.25076923076923074,0.9679183203170622,NORMAL,True,transition,0.35784245204865717,1,-0.18916328370038174,0.872960171559739,0.9231752937737059,-0.7421639426467563,0.5030769230769231,0.5244419040335958,0.026694179105787714,False,False,0.5553846153846154,forward_lightgbm_pure_2026_W29.png,backtest_lightgbm_pure_h20.png,2026-08-25T18:00:19.082113,forward_lightgbm_pure_2026_W29.png,usdcop_forecast_zoo:lightgbm_pure:h20:2026-07-17,0.006763600254073826,CTR-FORECAST-OUTPUT-001
BT_lightgbm_pure_h20_2026_W29,backtest,lightgbm_pure,LightGBM,boosting,20,H=20,medium,2026-W29,2026,2026-07-17,0.5030769230769231,0.034595772842225175,0.026194806994485457,-0.32932923165979,0.4553846153846154,0.5,0.43558282208588955,0.25076923076923074,0.9679183203170622,NORMAL,True,transition,0.35784245204865717,1,-0.18916328370038174,0.872960171559739,0.9231752937737059,-0.7421639426467563,0.5030769230769231,0.5244419040335958,0.026694179105787714,False,False,0.5553846153846154,backtest_lightgbm_pure_h20.png,backtest_lightgbm_pure_h20.png,2026-08-25T18:00:19.082113,forward_lightgbm_pure_2026_W29.png,usdcop_forecast_zoo:lightgbm_pure:h20:2026-07-17,0.006763600254073826,CTR-FORECAST-OUTPUT-001
FF_lightgbm_pure_h25_2026_W29,forward_forecast,lightgbm_pure,LightGBM,boosting,25,H=25,long,2026-W29,2026,2026-07-17,0.5584615384615385,0.0,0.0,0.0,0.46153846153846156,0.5,0.31901840490797545,0.25076923076923074,0.9679183203170622,NORMAL,True,transition,0.35784245204865717,1,-0.12885993540554788,0.9001858063501846,0.9676788248574159,-0.7103062599896921,0.5584615384615385,0.5244419040335958,0.026694179105787714,False,False,0.5615384615384615,forward_lightgbm_pure_2026_W29.png,backtest_lightgbm_pure_h25.png,2026-08-25T18:00:19.082113,forward_lightgbm_pure_2026_W29.png,usdcop_forecast_zoo:lightgbm_pure:h25:2026-07-17,0.00698858643988288,CTR-FORECAST-OUTPUT-001
BT_lightgbm_pure_h25_2026_W29,backtest,lightgbm_pure,LightGBM,boosting,25,H=25,long,2026-W29,2026,2026-07-17,0.5584615384615385,0.03600709515308216,0.026678001232419993,-0.2209043189219826,0.46153846153846156,0.5,0.31901840490797545,0.25076923076923074,0.9679183203170622,NORMAL,True,transition,0.35784245204865717,1,-0.12885993540554788,0.9001858063501846,0.9676788248574159,-0.7103062599896921,0.5584615384615385,0.5244419040335958,0.026694179105787714,False,False,0.5615384615384615,backtest_lightgbm_pure_h25.png,backtest_lightgbm_pure_h25.png,2026-08-25T18:00:19.082113,forward_lightgbm_pure_2026_W29.png,usdcop_forecast_zoo:lightgbm_pure:h25:2026-07-17,0.00698858643988288,CTR-FORECAST-OUTPUT-001
FF_lightgbm_pure_h30_2026_W29,forward_forecast,lightgbm_pure,LightGBM,boosting,30,H=30,long,2026-W29,2026,2026-07-17,0.5596899224806201,0.0,0.0,0.0,0.4551083591331269,0.5007751937984496,0.2839506172839506,0.25116279069767444,0.9679183203170622,NORMAL,True,transition,0.35784245204865717,1,0.0021808014507208786,1.0019463742340151,0.9662017747986575,-0.31483512767083377,0.5596899224806201,0.5244419040335958,0.026694179105787714,False,False,0.5720930232558139,forward_lightgbm_pure_2026_W29.png,backtest_lightgbm_pure_h30.png,2026-08-25T18:00:19.082113,forward_lightgbm_pure_2026_W29.png,usdcop_forecast_zoo:lightgbm_pure:h30:2026-07-17,0.006036269939046575,CTR-FORECAST-OUTPUT-001
BT_lightgbm_pure_h30_2026_W29,backtest,lightgbm_pure,LightGBM,boosting,30,H=30,long,2026-W29,2026,2026-07-17,0.5596899224806201,0.037653275914868375,0.028479219087363818,-0.2229946089394177,0.4551083591331269,0.5007751937984496,0.2839506172839506,0.25116279069767444,0.9679183203170622,NORMAL,True,transition,0.35784245204865717,1,0.0021808014507208786,1.0019463742340151,0.9662017747986575,-0.31483512767083377,0.5596899224806201,0.5244419040335958,0.026694179105787714,False,False,0.5720930232558139,backtest_lightgbm_pure_h30.png,backtest_lightgbm_pure_h30.png,2026-08-25T18:00:19.082113,forward_lightgbm_pure_2026_W29.png,usdcop_forecast_zoo:lightgbm_pure:h30:2026-07-17,0.006036269939046575,CTR-FORECAST-OUTPUT-001
FF_catboost_pure_h1_2026_W29,forward_forecast,catboost_pure,CatBoost,boosting,1,H=1,short,2026-W29,2026,2026-07-17,0.5190839694656488,0.0,0.0,0.0,0.5335365853658537,0.500763358778626,0.5,0.250381679389313,0.9679183203170622,NORMAL,True,transition,0.35784245204865717,1,-0.09169690534835644,0.9846860630757136,0.18801325812769115,-0.044109878013509185,0.5190839694656488,0.5214255606515504,0.027962499970644556,False,False,0.5206106870229008,forward_catboost_pure_2026_W29.png,backtest_catboost_pure_h1.png,2026-08-25T18:00:19.082113,forward_catboost_pure_2026_W29.png,usdcop_forecast_zoo:catboost_pure:h1:2026-07-17,0.001180055018785812,CTR-FORECAST-OUTPUT-001
BT_catboost_pure_h1_2026_W29,backtest,catboost_pure,CatBoost,boosting,1,H=1,short,2026-W29,2026,2026-07-17,0.5190839694656488,0.008795882944998416,0.006494272063358469,-0.45292175798556067,0.5335365853658537,0.500763358778626,0.5,0.250381679389313,0.9679183203170622,NORMAL,True,transition,0.35784245204865717,1,-0.09169690534835644,0.9846860630757136,0.18801325812769115,-0.044109878013509185,0.5190839694656488,0.5214255606515504,0.027962499970644556,False,False,0.5206106870229008,backtest_catboost_pure_h1.png,backtest_catboost_pure_h1.png,2026-08-25T18:00:19.082113,forward_catboost_pure_2026_W29.png,usdcop_forecast_zoo:catboost_pure:h1:2026-07-17,0.001180055018785812,CTR-FORECAST-OUTPUT-001
FF_catboost_pure_h5_2026_W29,forward_forecast,catboost_pure,CatBoost,boosting,5,H=5,short,2026-W29,2026,2026-07-17,0.4778625954198473,0.0,0.0,0.0,0.4573170731707317,0.500763358778626,0.49390243902439024,0.250381679389313,0.9679183203170622,NORMAL,True,transition,0.35784245204865717,1,-0.4342528089708611,0.8534408630587043,0.5709463016753977,-0.5000889753732547,0.4778625954198473,0.5214255606515504,0.027962499970644556,False,False,0.5053435114503817,forward_catboost_pure_2026_W29.png,backtest_catboost_pure_h5.png,2026-08-25T18:00:19.082113,forward_catboost_pure_2026_W29.png,usdcop_forecast_zoo:catboost_pure:h5:2026-07-17,-0.004357441964878205,CTR-FORECAST-OUTPUT-001
BT_catboost_pure_h5_2026_W29,backtest,catboost_pure,CatBoost,boosting,5,H=5,short,2026-W29,2026,2026-07-17,0.4778625954198473,0.01886044175552954,0.013770008003440927,-0.5142042155634217,0.4573170731707317,0.500763358778626,0.49390243902439024,0.250381679389313,0.9679183203170622,NORMAL,True,transition,0.35784245204865717,1,-0.4342528089708611,0.8534408630587043,0.5709463016753977,-0.5000889753732547,0.4778625954198473,0.5214255606515504,0.027962499970644556,False,False,0.5053435114503817,backtest_catboost_pure_h5.png,backtest_catboost_pure_h5.png,2026-08-25T18:00:19.082113,forward_catboost_pure_2026_W29.png,usdcop_forecast_zoo:catboost_pure:h5:2026-07-17,-0.004357441964878205,CTR-FORECAST-OUTPUT-001
FF_catboost_pure_h10_2026_W29,forward_forecast,catboost_pure,CatBoost,boosting,10,H=10,medium,2026-W29,2026,2026-07-17,0.4763358778625954,0.0,0.0,0.0,0.49390243902439024,0.500763358778626,0.4024390243902439,0.250381679389313,0.9679183203170622,NORMAL,True,transition,0.35784245204865717,1,-0.4470745743339932,0.796696903880599,0.8795733374381602,-0.7663799290053621,0.4763358778625954,0.5214255606515504,0.027962499970644556,False,False,0.5221374045801527,forward_catboost_pure_2026_W29.png,backtest_catboost_pure_h10.png,2026-08-25T18:00:19.082113,forward_catboost_pure_2026_W29.png,usdcop_forecast_zoo:catboost_pure:h10:2026-07-17,0.008726332188283696,CTR-FORECAST-OUTPUT-001
BT_catboost_pure_h10_2026_W29,backtest,catboost_pure,CatBoost,boosting,10,H=10,medium,2026-W29,2026,2026-07-17,0.4763358778625954,0.028841862983764108,0.019944088980788664,-0.7121039284171795,0.49390243902439024,0.500763358778626,0.4024390243902439,0.250381679389313,0.9679183203170622,NORMAL,True,transition,0.35784245204865717,1,-0.4470745743339932,0.796696903880599,0.8795733374381602,-0.7663799290053621,0.4763358778625954,0.5214255606515504,0.027962499970644556,False,False,0.5221374045801527,backtest_catboost_pure_h10.png,backtest_catboost_pure_h10.png,2026-08-25T18:00:19.082113,forward_catboost_pure_2026_W29.png,usdcop_forecast_zoo:catboost_pure:h10:2026-07-17,0.008726332188283696,CTR-FORECAST-OUTPUT-001
FF_catboost_pure_h15_2026_W29,forward_forecast,catboost_pure,CatBoost,boosting,15,H=15,medium,2026-W29,2026,2026-07-17,0.5184615384615384,0.0,0.0,0.0,0.49538461538461537,0.5,0.38650306748466257,0.25076923076923074,0.9679183203170622,NORMAL,True,transition,0.35784245204865717,1,-0.13098126805243085,0.9220040770345352,0.894382124882079,-0.5493679922420611,0.5184615384615384,0.5214255606515504,0.027962499970644556,False,False,0.5584615384615385,forward_catboost_pure_2026_W29.png,backtest_catboost_pure_h15.png,2026-08-25T18:00:19.082113,forward_catboost_pure_2026_W29.png,usdcop_forecast_zoo:catboost_pure:h15:2026-07-17,0.01264181837620948,CTR-FORECAST-OUTPUT-001
BT_catboost_pure_h15_2026_W29,backtest,catboost_pure,CatBoost,boosting,15,H=15,medium,2026-W29,2026,2026-07-17,0.5184615384615384,0.031285167792962976,0.02303855390039926,-0.37296115862712087,0.49538461538461537,0.5,0.38650306748466257,0.25076923076923074,0.9679183203170622,NORMAL,True,transition,0.35784245204865717,1,-0.13098126805243085,0.9220040770345352,0.894382124882079,-0.5493679922420611,0.5184615384615384,0.5214255606515504,0.027962499970644556,False,False,0.5584615384615385,backtest_catboost_pure_h15.png,backtest_catboost_pure_h15.png,2026-08-25T18:00:19.082113,forward_catboost_pure_2026_W29.png,usdcop_forecast_zoo:catboost_pure:h15:2026-07-17,0.01264181837620948,CTR-FORECAST-OUTPUT-001
FF_catboost_pure_h20_2026_W29,forward_forecast,catboost_pure,CatBoost,boosting,20,H=20,medium,2026-W29,2026,2026-07-17,0.5553846153846154,0.0,0.0,0.0,0.47384615384615386,0.5,0.3803680981595092,0.25076923076923074,0.9679183203170622,NORMAL,True,transition,0.35784245204865717,1,-0.009593083297709968,0.9931343207274937,0.9141482210770345,-0.3005278700994849,0.5553846153846154,0.5214255606515504,0.027962499970644556,False,True,0.5553846153846154,forward_catboost_pure_2026_W29.png,backtest_catboost_pure_h20.png,2026-08-25T18:00:19.082113,forward_catboost_pure_2026_W29.png,usdcop_forecast_zoo:catboost_pure:h20:2026-07-17,0.014195358578919053,CTR-FORECAST-OUTPUT-001
BT_catboost_pure_h20_2026_W29,backtest,catboost_pure,CatBoost,boosting,20,H=20,medium,2026-W29,2026,2026-07-17,0.5553846153846154,0.03484562733858632,0.025664231603979154,-0.34859969334720176,0.47384615384615386,0.5,0.3803680981595092,0.25076923076923074,0.9679183203170622,NORMAL,True,transition,0.35784245204865717,1,-0.009593083297709968,0.9931343207274937,0.9141482210770345,-0.3005278700994849,0.5553846153846154,0.5214255606515504,0.027962499970644556,False,True,0.5553846153846154,backtest_catboost_pure_h20.png,backtest_catboost_pure_h20.png,2026-08-25T18:00:19.082113,forward_catboost_pure_2026_W29.png,usdcop_forecast_zoo:catboost_pure:h20:2026-07-17,0.014195358578919053,CTR-FORECAST-OUTPUT-001
FF_catboost_pure_h25_2026_W29,forward_forecast,catboost_pure,CatBoost,boosting,25,H=25,long,2026-W29,2026,2026-07-17,0.5323076923076923,0.0,0.0,0.0,0.44,0.5,0.32515337423312884,0.25076923076923074,0.9679183203170622,NORMAL,True,transition,0.35784245204865717,1,-0.275501854873398,0.7985973229938075,0.9928227538940116,-0.8923412913456146,0.5323076923076923,0.5214255606515504,0.027962499970644556,False,False,0.5615384615384615,forward_catboost_pure_2026_W29.png,backtest_catboost_pure_h25.png,2026-08-25T18:00:19.082113,forward_catboost_pure_2026_W29.png,usdcop_forecast_zoo:catboost_pure:h25:2026-07-17,0.001761561757166217,CTR-FORECAST-OUTPUT-001
BT_catboost_pure_h25_2026_W29,backtest,catboost_pure,CatBoost,boosting,25,H=25,long,2026-W29,2026,2026-07-17,0.5323076923076923,0.03577511041165116,0.02687066434285344,-0.20522303290859067,0.44,0.5,0.32515337423312884,0.25076923076923074,0.9679183203170622,NORMAL,True,transition,0.35784245204865717,1,-0.275501854873398,0.7985973229938075,0.9928227538940116,-0.8923412913456146,0.5323076923076923,0.5214255606515504,0.027962499970644556,False,False,0.5615384615384615,backtest_catboost_pure_h25.png,backtest_catboost_pure_h25.png,2026-08-25T18:00:19.082113,forward_catboost_pure_2026_W29.png,usdcop_forecast_zoo:catboost_pure:h25:2026-07-17,0.001761561757166217,CTR-FORECAST-OUTPUT-001
FF_catboost_pure_h30_2026_W29,forward_forecast,catboost_pure,CatBoost,boosting,30,H=30,long,2026-W29,2026,2026-07-17,0.5705426356589147,0.0,0.0,0.0,0.42724458204334365,0.5007751937984496,0.2654320987654321,0.25116279069767444,0.9679183203170622,NORMAL,True,transition,0.35784245204865717,1,0.08458418983650322,1.078339110441312,0.9360967653773441,0.2950302926646087,0.5705426356589147,0.5214255606515504,0.027962499970644556,False,False,0.5720930232558139,forward_catboost_pure_2026_W29.png,backtest_catboost_pure_h30.png,2026-08-25T18:00:19.082113,forward_catboost_pure_2026_W29.png,usdcop_forecast_zoo:catboost_pure:h30:2026-07-17,0.005748066967392723,CTR-FORECAST-OUTPUT-001
BT_catboost_pure_h30_2026_W29,backtest,catboost_pure,CatBoost,boosting,30,H=30,long,2026-W29,2026,2026-07-17,0.5705426356589147,0.03733340656701936,0.028422990148640862,-0.2023038808065556,0.42724458204334365,0.5007751937984496,0.2654320987654321,0.25116279069767444,0.9679183203170622,NORMAL,True,transition,0.35784245204865717,1,0.08458418983650322,1.078339110441312,0.9360967653773441,0.2950302926646087,0.5705426356589147,0.5214255606515504,0.027962499970644556,False,False,0.5720930232558139,backtest_catboost_pure_h30.png,backtest_catboost_pure_h30.png,2026-08-25T18:00:19.082113,forward_catboost_pure_2026_W29.png,usdcop_forecast_zoo:catboost_pure:h30:2026-07-17,0.005748066967392723,CTR-FORECAST-OUTPUT-001
FF_hybrid_xgboost_h1_2026_W29,forward_forecast,hybrid_xgboost,Hybrid XGBoost,hybrid,1,H=1,short,2026-W29,2026,2026-07-17,0.5053435114503817,0.0,0.0,0.0,0.5182926829268293,0.500763358778626,0.5121951219512195,0.250381679389313,0.9679183203170622,NORMAL,True,transition,0.35784245204865717,1,0.25703490876419427,1.0442087287646178,0.1646482391696255,0.061818528313112964,0.5053435114503817,0.4995688671349953,0.027504930104136988,False,False,0.5206106870229008,forward_hybrid_xgboost_2026_W29.png,backtest_hybrid_xgboost_h1.png,2026-08-25T18:00:19.082113,forward_hybrid_xgboost_2026_W29.png,usdcop_forecast_zoo:hybrid_xgboost:h1:2026-07-17,0.0010222080990694936,CTR-FORECAST-OUTPUT-001
BT_hybrid_xgboost_h1_2026_W29,backtest,hybrid_xgboost,Hybrid XGBoost,hybrid,1,H=1,short,2026-W29,2026,2026-07-17,0.5053435114503817,0.007660553566918192,0.005772931219966803,-0.10205597292055679,0.5182926829268293,0.500763358778626,0.5121951219512195,0.250381679389313,0.9679183203170622,NORMAL,True,transition,0.35784245204865717,1,0.25703490876419427,1.0442087287646178,0.1646482391696255,0.061818528313112964,0.5053435114503817,0.4995688671349953,0.027504930104136988,False,False,0.5206106870229008,backtest_hybrid_xgboost_h1.png,backtest_hybrid_xgboost_h1.png,2026-08-25T18:00:19.082113,forward_hybrid_xgboost_2026_W29.png,usdcop_forecast_zoo:hybrid_xgboost:h1:2026-07-17,0.0010222080990694936,CTR-FORECAST-OUTPUT-001
FF_hybrid_xgboost_h5_2026_W29,forward_forecast,hybrid_xgboost,Hybrid XGBoost,hybrid,5,H=5,short,2026-W29,2026,2026-07-17,0.4916030534351145,0.0,0.0,0.0,0.47865853658536583,0.500763358778626,0.5060975609756098,0.250381679389313,0.9679183203170622,NORMAL,True,transition,0.35784245204865717,1,-0.23257071865570275,0.9186387135153187,0.6410636761690278,-0.3350123378569181,0.4916030534351145,0.4995688671349953,0.027504930104136988,False,False,0.5053435114503817,forward_hybrid_xgboost_2026_W29.png,backtest_hybrid_xgboost_h5.png,2026-08-25T18:00:19.082113,forward_hybrid_xgboost_2026_W29.png,usdcop_forecast_zoo:hybrid_xgboost:h5:2026-07-17,0.002851484795212742,CTR-FORECAST-OUTPUT-001
BT_hybrid_xgboost_h5_2026_W29,backtest,hybrid_xgboost,Hybrid XGBoost,hybrid,5,H=5,short,2026-W29,2026,2026-07-17,0.4916030534351145,0.017151472282214364,0.013099341797302938,-0.2522283768319651,0.47865853658536583,0.500763358778626,0.5060975609756098,0.250381679389313,0.9679183203170622,NORMAL,True,transition,0.35784245204865717,1,-0.23257071865570275,0.9186387135153187,0.6410636761690278,-0.3350123378569181,0.4916030534351145,0.4995688671349953,0.027504930104136988,False,False,0.5053435114503817,backtest_hybrid_xgboost_h5.png,backtest_hybrid_xgboost_h5.png,2026-08-25T18:00:19.082113,forward_hybrid_xgboost_2026_W29.png,usdcop_forecast_zoo:hybrid_xgboost:h5:2026-07-17,0.002851484795212742,CTR-FORECAST-OUTPUT-001
FF_hybrid_xgboost_h10_2026_W29,forward_forecast,hybrid_xgboost,Hybrid XGBoost,hybrid,10,H=10,medium,2026-W29,2026,2026-07-17,0.49770992366412214,0.0,0.0,0.0,0.5121951219512195,0.500763358778626,0.4329268292682927,0.250381679389313,0.9679183203170622,NORMAL,True,transition,0.35784245204865717,1,-0.12059944140982194,0.9405503041246136,0.8137546632482957,-0.4005737189863585,0.49770992366412214,0.4995688671349953,0.027504930104136988,False,False,0.5221374045801527,forward_hybrid_xgboost_2026_W29.png,backtest_hybrid_xgboost_h10.png,2026-08-25T18:00:19.082113,forward_hybrid_xgboost_2026_W29.png,usdcop_forecast_zoo:hybrid_xgboost:h10:2026-07-17,0.008594875356865705,CTR-FORECAST-OUTPUT-001
BT_hybrid_xgboost_h10_2026_W29,backtest,hybrid_xgboost,Hybrid XGBoost,hybrid,10,H=10,medium,2026-W29,2026,2026-07-17,0.49770992366412214,0.02458404971883575,0.018857695769766786,-0.24391400124622376,0.5121951219512195,0.500763358778626,0.4329268292682927,0.250381679389313,0.9679183203170622,NORMAL,True,transition,0.35784245204865717,1,-0.12059944140982194,0.9405503041246136,0.8137546632482957,-0.4005737189863585,0.49770992366412214,0.4995688671349953,0.027504930104136988,False,False,0.5221374045801527,backtest_hybrid_xgboost_h10.png,backtest_hybrid_xgboost_h10.png,2026-08-25T18:00:19.082113,forward_hybrid_xgboost_2026_W29.png,usdcop_forecast_zoo:hybrid_xgboost:h10:2026-07-17,0.008594875356865705,CTR-FORECAST-OUTPUT-001
FF_hybrid_xgboost_h15_2026_W29,forward_forecast,hybrid_xgboost,Hybrid XGBoost,hybrid,15,H=15,medium,2026-W29,2026,2026-07-17,0.5123076923076924,0.0,0.0,0.0,0.5476923076923077,0.5,0.5153374233128835,0.25076923076923074,0.9679183203170622,NORMAL,True,transition,0.35784245204865717,1,-0.11136569579617481,0.9332859469500332,0.8780801806043784,-0.5099144014377598,0.5123076923076924,0.4995688671349953,0.027504930104136988,False,False,0.5584615384615385,forward_hybrid_xgboost_2026_W29.png,backtest_hybrid_xgboost_h15.png,2026-08-25T18:00:19.082113,forward_hybrid_xgboost_2026_W29.png,usdcop_forecast_zoo:hybrid_xgboost:h15:2026-07-17,0.012512558926188407,CTR-FORECAST-OUTPUT-001
BT_hybrid_xgboost_h15_2026_W29,backtest,hybrid_xgboost,Hybrid XGBoost,hybrid,15,H=15,medium,2026-W29,2026,2026-07-17,0.5123076923076924,0.030688832796324426,0.023045234996871538,-0.321119235579751,0.5476923076923077,0.5,0.5153374233128835,0.25076923076923074,0.9679183203170622,NORMAL,True,transition,0.35784245204865717,1,-0.11136569579617481,0.9332859469500332,0.8780801806043784,-0.5099144014377598,0.5123076923076924,0.4995688671349953,0.027504930104136988,False,False,0.5584615384615385,backtest_hybrid_xgboost_h15.png,backtest_hybrid_xgboost_h15.png,2026-08-25T18:00:19.082113,forward_hybrid_xgboost_2026_W29.png,usdcop_forecast_zoo:hybrid_xgboost:h15:2026-07-17,0.012512558926188407,CTR-FORECAST-OUTPUT-001
FF_hybrid_xgboost_h20_2026_W29,forward_forecast,hybrid_xgboost,Hybrid XGBoost,hybrid,20,H=20,medium,2026-W29,2026,2026-07-17,0.49230769230769234,0.0,0.0,0.0,0.5138461538461538,0.5,0.5276073619631901,0.25076923076923074,0.9679183203170622,NORMAL,True,transition,0.35784245204865717,1,-0.22622303622556802,0.8500231865259523,0.9305048520808586,-0.7900034506226022,0.49230769230769234,0.4995688671349953,0.027504930104136988,False,False,0.5553846153846154,forward_hybrid_xgboost_2026_W29.png,backtest_hybrid_xgboost_h20.png,2026-08-25T18:00:19.082113,forward_hybrid_xgboost_2026_W29.png,usdcop_forecast_zoo:hybrid_xgboost:h20:2026-07-17,0.014320735601509435,CTR-FORECAST-OUTPUT-001
BT_hybrid_xgboost_h20_2026_W29,backtest,hybrid_xgboost,Hybrid XGBoost,hybrid,20,H=20,medium,2026-W29,2026,2026-07-17,0.49230769230769234,0.03603152330821649,0.02638763176570728,-0.4419550675967929,0.5138461538461538,0.5,0.5276073619631901,0.25076923076923074,0.9679183203170622,NORMAL,True,transition,0.35784245204865717,1,-0.22622303622556802,0.8500231865259523,0.9305048520808586,-0.7900034506226022,0.49230769230769234,0.4995688671349953,0.027504930104136988,False,False,0.5553846153846154,backtest_hybrid_xgboost_h20.png,backtest_hybrid_xgboost_h20.png,2026-08-25T18:00:19.082113,forward_hybrid_xgboost_2026_W29.png,usdcop_forecast_zoo:hybrid_xgboost:h20:2026-07-17,0.014320735601509435,CTR-FORECAST-OUTPUT-001
FF_hybrid_xgboost_h25_2026_W29,forward_forecast,hybrid_xgboost,Hybrid XGBoost,hybrid,25,H=25,long,2026-W29,2026,2026-07-17,0.49538461538461537,0.0,0.0,0.0,0.556923076923077,0.5,0.5766871165644172,0.25076923076923074,0.9679183203170622,NORMAL,True,transition,0.35784245204865717,1,-0.13218482817289456,0.897746212864234,0.9262624589787859,-0.716013036496753,0.49538461538461537,0.4995688671349953,0.027504930104136988,False,False,0.5615384615384615,forward_hybrid_xgboost_2026_W29.png,backtest_hybrid_xgboost_h25.png,2026-08-25T18:00:19.082113,forward_hybrid_xgboost_2026_W29.png,usdcop_forecast_zoo:hybrid_xgboost:h25:2026-07-17,0.012223797309400547,CTR-FORECAST-OUTPUT-001
BT_hybrid_xgboost_h25_2026_W29,backtest,hybrid_xgboost,Hybrid XGBoost,hybrid,25,H=25,long,2026-W29,2026,2026-07-17,0.49538461538461537,0.03755397309620682,0.027334895326956602,-0.3280586011687119,0.556923076923077,0.5,0.5766871165644172,0.25076923076923074,0.9679183203170622,NORMAL,True,transition,0.35784245204865717,1,-0.13218482817289456,0.897746212864234,0.9262624589787859,-0.716013036496753,0.49538461538461537,0.4995688671349953,0.027504930104136988,False,False,0.5615384615384615,backtest_hybrid_xgboost_h25.png,backtest_hybrid_xgboost_h25.png,2026-08-25T18:00:19.082113,forward_hybrid_xgboost_2026_W29.png,usdcop_forecast_zoo:hybrid_xgboost:h25:2026-07-17,0.012223797309400547,CTR-FORECAST-OUTPUT-001
FF_hybrid_xgboost_h30_2026_W29,forward_forecast,hybrid_xgboost,Hybrid XGBoost,hybrid,30,H=30,long,2026-W29,2026,2026-07-17,0.5023255813953489,0.0,0.0,0.0,0.5634674922600619,0.5007751937984496,0.6419753086419753,0.25116279069767444,0.9679183203170622,NORMAL,True,transition,0.35784245204865717,1,-0.10781890549383984,0.9083342774576766,0.9386252758753117,-0.7060028952581032,0.5023255813953489,0.4995688671349953,0.027504930104136988,False,False,0.5720930232558139,forward_hybrid_xgboost_2026_W29.png,backtest_hybrid_xgboost_h30.png,2026-08-25T18:00:19.082113,forward_hybrid_xgboost_2026_W29.png,usdcop_forecast_zoo:hybrid_xgboost:h30:2026-07-17,0.01431467380206826,CTR-FORECAST-OUTPUT-001
BT_hybrid_xgboost_h30_2026_W29,backtest,hybrid_xgboost,Hybrid XGBoost,hybrid,30,H=30,long,2026-W29,2026,2026-07-17,0.5023255813953489,0.03886410596024286,0.02941367226737433,-0.30291586484310895,0.5634674922600619,0.5007751937984496,0.6419753086419753,0.25116279069767444,0.9679183203170622,NORMAL,True,transition,0.35784245204865717,1,-0.10781890549383984,0.9083342774576766,0.9386252758753117,-0.7060028952581032,0.5023255813953489,0.4995688671349953,0.027504930104136988,False,False,0.5720930232558139,backtest_hybrid_xgboost_h30.png,backtest_hybrid_xgboost_h30.png,2026-08-25T18:00:19.082113,forward_hybrid_xgboost_2026_W29.png,usdcop_forecast_zoo:hybrid_xgboost:h30:2026-07-17,0.01431467380206826,CTR-FORECAST-OUTPUT-001
FF_hybrid_lightgbm_h1_2026_W29,forward_forecast,hybrid_lightgbm,Hybrid LightGBM,hybrid,1,H=1,short,2026-W29,2026,2026-07-17,0.4900763358778626,0.0,0.0,0.0,0.49390243902439024,0.500763358778626,0.5060975609756098,0.250381679389313,0.9679183203170622,NORMAL,True,transition,0.35784245204865717,1,-0.10827115900561494,0.9819431711118543,0.16619259420785973,-0.048857174731975817,0.4900763358778626,0.4978477171092119,0.027602072488704086,False,False,0.5206106870229008,forward_hybrid_lightgbm_2026_W29.png,backtest_hybrid_lightgbm_h1.png,2026-08-25T18:00:19.082113,forward_hybrid_lightgbm_2026_W29.png,usdcop_forecast_zoo:hybrid_lightgbm:h1:2026-07-17,0.0009422251116180793,CTR-FORECAST-OUTPUT-001
BT_hybrid_lightgbm_h1_2026_W29,backtest,hybrid_lightgbm,Hybrid LightGBM,hybrid,1,H=1,short,2026-W29,2026,2026-07-17,0.4900763358778626,0.007636380738705259,0.005752532085346858,-0.0951118849752739,0.49390243902439024,0.500763358778626,0.5060975609756098,0.250381679389313,0.9679183203170622,NORMAL,True,transition,0.35784245204865717,1,-0.10827115900561494,0.9819431711118543,0.16619259420785973,-0.048857174731975817,0.4900763358778626,0.4978477171092119,0.027602072488704086,False,False,0.5206106870229008,backtest_hybrid_lightgbm_h1.png,backtest_hybrid_lightgbm_h1.png,2026-08-25T18:00:19.082113,forward_hybrid_lightgbm_2026_W29.png,usdcop_forecast_zoo:hybrid_lightgbm:h1:2026-07-17,0.0009422251116180793,CTR-FORECAST-OUTPUT-001
FF_hybrid_lightgbm_h5_2026_W29,forward_forecast,hybrid_lightgbm,Hybrid LightGBM,hybrid,5,H=5,short,2026-W29,2026,2026-07-17,0.48854961832061067,0.0,0.0,0.0,0.5,0.500763358778626,0.5182926829268293,0.250381679389313,0.9679183203170622,NORMAL,True,transition,0.35784245204865717,1,-0.2392838969992888,0.9163909072510014,0.6082334293074734,-0.3413123556481745,0.48854961832061067,0.4978477171092119,0.027602072488704086,False,False,0.5053435114503817,forward_hybrid_lightgbm_2026_W29.png,backtest_hybrid_lightgbm_h5.png,2026-08-25T18:00:19.082113,forward_hybrid_lightgbm_2026_W29.png,usdcop_forecast_zoo:hybrid_lightgbm:h5:2026-07-17,0.001986617355872541,CTR-FORECAST-OUTPUT-001
BT_hybrid_lightgbm_h5_2026_W29,backtest,hybrid_lightgbm,Hybrid LightGBM,hybrid,5,H=5,short,2026-W29,2026,2026-07-17,0.48854961832061067,0.01703936619178036,0.013087444417883643,-0.23591215173654811,0.5,0.500763358778626,0.5182926829268293,0.250381679389313,0.9679183203170622,NORMAL,True,transition,0.35784245204865717,1,-0.2392838969992888,0.9163909072510014,0.6082334293074734,-0.3413123556481745,0.48854961832061067,0.4978477171092119,0.027602072488704086,False,False,0.5053435114503817,backtest_hybrid_lightgbm_h5.png,backtest_hybrid_lightgbm_h5.png,2026-08-25T18:00:19.082113,forward_hybrid_lightgbm_2026_W29.png,usdcop_forecast_zoo:hybrid_lightgbm:h5:2026-07-17,0.001986617355872541,CTR-FORECAST-OUTPUT-001
FF_hybrid_lightgbm_h10_2026_W29,forward_forecast,hybrid_lightgbm,Hybrid LightGBM,hybrid,10,H=10,medium,2026-W29,2026,2026-07-17,0.49312977099236643,0.0,0.0,0.0,0.4878048780487805,0.500763358778626,0.4329268292682927,0.250381679389313,0.9679183203170622,NORMAL,True,transition,0.35784245204865717,1,-0.11506475710809347,0.9431997255228536,0.820709726939646,-0.39087295615057016,0.49312977099236643,0.4978477171092119,0.027602072488704086,False,False,0.5221374045801527,forward_hybrid_lightgbm_2026_W29.png,backtest_hybrid_lightgbm_h10.png,2026-08-25T18:00:19.082113,forward_hybrid_lightgbm_2026_W29.png,usdcop_forecast_zoo:hybrid_lightgbm:h10:2026-07-17,0.009697904434640837,CTR-FORECAST-OUTPUT-001
BT_hybrid_lightgbm_h10_2026_W29,backtest,hybrid_lightgbm,Hybrid LightGBM,hybrid,10,H=10,medium,2026-W29,2026,2026-07-17,0.49312977099236643,0.024587942696830678,0.018851461148144667,-0.244307989487083,0.4878048780487805,0.500763358778626,0.4329268292682927,0.250381679389313,0.9679183203170622,NORMAL,True,transition,0.35784245204865717,1,-0.11506475710809347,0.9431997255228536,0.820709726939646,-0.39087295615057016,0.49312977099236643,0.4978477171092119,0.027602072488704086,False,False,0.5221374045801527,backtest_hybrid_lightgbm_h10.png,backtest_hybrid_lightgbm_h10.png,2026-08-25T18:00:19.082113,forward_hybrid_lightgbm_2026_W29.png,usdcop_forecast_zoo:hybrid_lightgbm:h10:2026-07-17,0.009697904434640837,CTR-FORECAST-OUTPUT-001
FF_hybrid_lightgbm_h15_2026_W29,forward_forecast,hybrid_lightgbm,Hybrid LightGBM,hybrid,15,H=15,medium,2026-W29,2026,2026-07-17,0.5015384615384615,0.0,0.0,0.0,0.5323076923076923,0.5,0.5276073619631901,0.25076923076923074,0.9679183203170622,NORMAL,True,transition,0.35784245204865717,1,-0.23714129221061694,0.863263094619707,0.9088603041320612,-0.7133835558028543,0.5015384615384615,0.4978477171092119,0.027602072488704086,False,False,0.5584615384615385,forward_hybrid_lightgbm_2026_W29.png,backtest_hybrid_lightgbm_h15.png,2026-08-25T18:00:19.082113,forward_hybrid_lightgbm_2026_W29.png,usdcop_forecast_zoo:hybrid_lightgbm:h15:2026-07-17,0.012078217056980157,CTR-FORECAST-OUTPUT-001
BT_hybrid_lightgbm_h15_2026_W29,backtest,hybrid_lightgbm,Hybrid LightGBM,hybrid,15,H=15,medium,2026-W29,2026,2026-07-17,0.5015384615384615,0.030877783206957457,0.023338269939222223,-0.33743751620306384,0.5323076923076923,0.5,0.5276073619631901,0.25076923076923074,0.9679183203170622,NORMAL,True,transition,0.35784245204865717,1,-0.23714129221061694,0.863263094619707,0.9088603041320612,-0.7133835558028543,0.5015384615384615,0.4978477171092119,0.027602072488704086,False,False,0.5584615384615385,backtest_hybrid_lightgbm_h15.png,backtest_hybrid_lightgbm_h15.png,2026-08-25T18:00:19.082113,forward_hybrid_lightgbm_2026_W29.png,usdcop_forecast_zoo:hybrid_lightgbm:h15:2026-07-17,0.012078217056980157,CTR-FORECAST-OUTPUT-001
FF_hybrid_lightgbm_h20_2026_W29,forward_forecast,hybrid_lightgbm,Hybrid LightGBM,hybrid,20,H=20,medium,2026-W29,2026,2026-07-17,0.48615384615384616,0.0,0.0,0.0,0.5046153846153846,0.5,0.5705521472392638,0.25076923076923074,0.9679183203170622,NORMAL,True,transition,0.35784245204865717,1,-0.2813437994307504,0.8170108607109441,0.9399753422846292,-0.8451716878942397,0.48615384615384616,0.4978477171092119,0.027602072488704086,False,False,0.5553846153846154,forward_hybrid_lightgbm_2026_W29.png,backtest_hybrid_lightgbm_h20.png,2026-08-25T18:00:19.082113,forward_hybrid_lightgbm_2026_W29.png,usdcop_forecast_zoo:hybrid_lightgbm:h20:2026-07-17,0.012587438183630048,CTR-FORECAST-OUTPUT-001
BT_hybrid_lightgbm_h20_2026_W29,backtest,hybrid_lightgbm,Hybrid LightGBM,hybrid,20,H=20,medium,2026-W29,2026,2026-07-17,0.48615384615384616,0.0360012822861084,0.026773609875263144,-0.4395356363944045,0.5046153846153846,0.5,0.5705521472392638,0.25076923076923074,0.9679183203170622,NORMAL,True,transition,0.35784245204865717,1,-0.2813437994307504,0.8170108607109441,0.9399753422846292,-0.8451716878942397,0.48615384615384616,0.4978477171092119,0.027602072488704086,False,False,0.5553846153846154,backtest_hybrid_lightgbm_h20.png,backtest_hybrid_lightgbm_h20.png,2026-08-25T18:00:19.082113,forward_hybrid_lightgbm_2026_W29.png,usdcop_forecast_zoo:hybrid_lightgbm:h20:2026-07-17,0.012587438183630048,CTR-FORECAST-OUTPUT-001
FF_hybrid_lightgbm_h25_2026_W29,forward_forecast,hybrid_lightgbm,Hybrid LightGBM,hybrid,25,H=25,long,2026-W29,2026,2026-07-17,0.5123076923076924,0.0,0.0,0.0,0.5446153846153846,0.5,0.5950920245398773,0.25076923076923074,0.9679183203170622,NORMAL,True,transition,0.35784245204865717,1,-0.0757856002800558,0.9400335980221085,0.9262624589787858,-0.5837731790927219,0.5123076923076924,0.4978477171092119,0.027602072488704086,False,False,0.5615384615384615,forward_hybrid_lightgbm_2026_W29.png,backtest_hybrid_lightgbm_h25.png,2026-08-25T18:00:19.082113,forward_hybrid_lightgbm_2026_W29.png,usdcop_forecast_zoo:hybrid_lightgbm:h25:2026-07-17,0.013645357068510576,CTR-FORECAST-OUTPUT-001
BT_hybrid_lightgbm_h25_2026_W29,backtest,hybrid_lightgbm,Hybrid LightGBM,hybrid,25,H=25,long,2026-W29,2026,2026-07-17,0.5123076923076924,0.03790967498276815,0.027490032110430135,-0.3533358277837948,0.5446153846153846,0.5,0.5950920245398773,0.25076923076923074,0.9679183203170622,NORMAL,True,transition,0.35784245204865717,1,-0.0757856002800558,0.9400335980221085,0.9262624589787858,-0.5837731790927219,0.5123076923076924,0.4978477171092119,0.027602072488704086,False,False,0.5615384615384615,backtest_hybrid_lightgbm_h25.png,backtest_hybrid_lightgbm_h25.png,2026-08-25T18:00:19.082113,forward_hybrid_lightgbm_2026_W29.png,usdcop_forecast_zoo:hybrid_lightgbm:h25:2026-07-17,0.013645357068510576,CTR-FORECAST-OUTPUT-001
FF_hybrid_lightgbm_h30_2026_W29,forward_forecast,hybrid_lightgbm,Hybrid LightGBM,hybrid,30,H=30,long,2026-W29,2026,2026-07-17,0.5131782945736434,0.0,0.0,0.0,0.5510835913312694,0.5007751937984496,0.6234567901234568,0.25116279069767444,0.9679183203170622,NORMAL,True,transition,0.35784245204865717,1,-0.030501257904512972,0.9731702781936259,0.9204611269766634,-0.4663675673276584,0.5131782945736434,0.4978477171092119,0.027602072488704086,False,False,0.5720930232558139,forward_hybrid_lightgbm_2026_W29.png,backtest_hybrid_lightgbm_h30.png,2026-08-25T18:00:19.082113,forward_hybrid_lightgbm_2026_W29.png,usdcop_forecast_zoo:hybrid_lightgbm:h30:2026-07-17,0.016270649803305393,CTR-FORECAST-OUTPUT-001
BT_hybrid_lightgbm_h30_2026_W29,backtest,hybrid_lightgbm,Hybrid LightGBM,hybrid,30,H=30,long,2026-W29,2026,2026-07-17,0.5131782945736434,0.03916207731777829,0.029648780178542118,-0.32297138324653596,0.5510835913312694,0.5007751937984496,0.6234567901234568,0.25116279069767444,0.9679183203170622,NORMAL,True,transition,0.35784245204865717,1,-0.030501257904512972,0.9731702781936259,0.9204611269766634,-0.4663675673276584,0.5131782945736434,0.4978477171092119,0.027602072488704086,False,False,0.5720930232558139,backtest_hybrid_lightgbm_h30.png,backtest_hybrid_lightgbm_h30.png,2026-08-25T18:00:19.082113,forward_hybrid_lightgbm_2026_W29.png,usdcop_forecast_zoo:hybrid_lightgbm:h30:2026-07-17,0.016270649803305393,CTR-FORECAST-OUTPUT-001
FF_hybrid_catboost_h1_2026_W29,forward_forecast,hybrid_catboost,Hybrid CatBoost,hybrid,1,H=1,short,2026-W29,2026,2026-07-17,0.5145038167938931,0.0,0.0,0.0,0.5304878048780488,0.500763358778626,0.49390243902439024,0.250381679389313,0.9679183203170622,NORMAL,True,transition,0.35784245204865717,1,0.08348189580732196,1.0141489916802333,0.21645087880800537,0.007714659072343366,0.5145038167938931,0.49824161518107907,0.028064462195543132,False,False,0.5206106870229008,forward_hybrid_catboost_2026_W29.png,backtest_hybrid_catboost_h1.png,2026-08-25T18:00:19.082113,forward_hybrid_catboost_2026_W29.png,usdcop_forecast_zoo:hybrid_catboost:h1:2026-07-17,0.0011232346983385006,CTR-FORECAST-OUTPUT-001
BT_hybrid_catboost_h1_2026_W29,backtest,hybrid_catboost,Hybrid CatBoost,hybrid,1,H=1,short,2026-W29,2026,2026-07-17,0.5145038167938931,0.008199792330045318,0.006120646858575917,-0.2626676450739953,0.5304878048780488,0.500763358778626,0.49390243902439024,0.250381679389313,0.9679183203170622,NORMAL,True,transition,0.35784245204865717,1,0.08348189580732196,1.0141489916802333,0.21645087880800537,0.007714659072343366,0.5145038167938931,0.49824161518107907,0.028064462195543132,False,False,0.5206106870229008,backtest_hybrid_catboost_h1.png,backtest_hybrid_catboost_h1.png,2026-08-25T18:00:19.082113,forward_hybrid_catboost_2026_W29.png,usdcop_forecast_zoo:hybrid_catboost:h1:2026-07-17,0.0011232346983385006,CTR-FORECAST-OUTPUT-001
FF_hybrid_catboost_h5_2026_W29,forward_forecast,hybrid_catboost,Hybrid CatBoost,hybrid,5,H=5,short,2026-W29,2026,2026-07-17,0.4900763358778626,0.0,0.0,0.0,0.4817073170731707,0.500763358778626,0.5060975609756098,0.250381679389313,0.9679183203170622,NORMAL,True,transition,0.35784245204865717,1,-0.25734203322788096,0.9103715444195396,0.549445548098557,-0.3579147539367239,0.4900763358778626,0.49824161518107907,0.028064462195543132,False,False,0.5053435114503817,forward_hybrid_catboost_2026_W29.png,backtest_hybrid_catboost_h5.png,2026-08-25T18:00:19.082113,forward_hybrid_catboost_2026_W29.png,usdcop_forecast_zoo:hybrid_catboost:h5:2026-07-17,-0.0012843788935898064,CTR-FORECAST-OUTPUT-001
BT_hybrid_catboost_h5_2026_W29,backtest,hybrid_catboost,Hybrid CatBoost,hybrid,5,H=5,short,2026-W29,2026,2026-07-17,0.4900763358778626,0.01789393884543651,0.013304355634701854,-0.3629898666799778,0.4817073170731707,0.500763358778626,0.5060975609756098,0.250381679389313,0.9679183203170622,NORMAL,True,transition,0.35784245204865717,1,-0.25734203322788096,0.9103715444195396,0.549445548098557,-0.3579147539367239,0.4900763358778626,0.49824161518107907,0.028064462195543132,False,False,0.5053435114503817,backtest_hybrid_catboost_h5.png,backtest_hybrid_catboost_h5.png,2026-08-25T18:00:19.082113,forward_hybrid_catboost_2026_W29.png,usdcop_forecast_zoo:hybrid_catboost:h5:2026-07-17,-0.0012843788935898064,CTR-FORECAST-OUTPUT-001
FF_hybrid_catboost_h10_2026_W29,forward_forecast,hybrid_catboost,Hybrid CatBoost,hybrid,10,H=10,medium,2026-W29,2026,2026-07-17,0.4870229007633588,0.0,0.0,0.0,0.4878048780487805,0.500763358778626,0.4451219512195122,0.250381679389313,0.9679183203170622,NORMAL,True,transition,0.35784245204865717,1,-0.23238513227710808,0.8885992690237884,0.8592275084223386,-0.5663050179054143,0.4870229007633588,0.49824161518107907,0.028064462195543132,False,False,0.5221374045801527,forward_hybrid_catboost_2026_W29.png,backtest_hybrid_catboost_h10.png,2026-08-25T18:00:19.082113,forward_hybrid_catboost_2026_W29.png,usdcop_forecast_zoo:hybrid_catboost:h10:2026-07-17,0.010674422696036443,CTR-FORECAST-OUTPUT-001
BT_hybrid_catboost_h10_2026_W29,backtest,hybrid_catboost,Hybrid CatBoost,hybrid,10,H=10,medium,2026-W29,2026,2026-07-17,0.4870229007633588,0.026811586952182588,0.019570608690433002,-0.4795462496847369,0.4878048780487805,0.500763358778626,0.4451219512195122,0.250381679389313,0.9679183203170622,NORMAL,True,transition,0.35784245204865717,1,-0.23238513227710808,0.8885992690237884,0.8592275084223386,-0.5663050179054143,0.4870229007633588,0.49824161518107907,0.028064462195543132,False,False,0.5221374045801527,backtest_hybrid_catboost_h10.png,backtest_hybrid_catboost_h10.png,2026-08-25T18:00:19.082113,forward_hybrid_catboost_2026_W29.png,usdcop_forecast_zoo:hybrid_catboost:h10:2026-07-17,0.010674422696036443,CTR-FORECAST-OUTPUT-001
FF_hybrid_catboost_h15_2026_W29,forward_forecast,hybrid_catboost,Hybrid CatBoost,hybrid,15,H=15,medium,2026-W29,2026,2026-07-17,0.4907692307692308,0.0,0.0,0.0,0.5415384615384615,0.5,0.5214723926380368,0.25076923076923074,0.9679183203170622,NORMAL,True,transition,0.35784245204865717,1,-0.26180260465721744,0.8501595484710344,0.9165385148145265,-0.7419127954310056,0.4907692307692308,0.49824161518107907,0.028064462195543132,False,False,0.5584615384615385,forward_hybrid_catboost_2026_W29.png,backtest_hybrid_catboost_h15.png,2026-08-25T18:00:19.082113,forward_hybrid_catboost_2026_W29.png,usdcop_forecast_zoo:hybrid_catboost:h15:2026-07-17,0.01023682221394114,CTR-FORECAST-OUTPUT-001
BT_hybrid_catboost_h15_2026_W29,backtest,hybrid_catboost,Hybrid CatBoost,hybrid,15,H=15,medium,2026-W29,2026,2026-07-17,0.4907692307692308,0.031143268414255094,0.022918065936120703,-0.3605347902464979,0.5415384615384615,0.5,0.5214723926380368,0.25076923076923074,0.9679183203170622,NORMAL,True,transition,0.35784245204865717,1,-0.26180260465721744,0.8501595484710344,0.9165385148145265,-0.7419127954310056,0.4907692307692308,0.49824161518107907,0.028064462195543132,False,False,0.5584615384615385,backtest_hybrid_catboost_h15.png,backtest_hybrid_catboost_h15.png,2026-08-25T18:00:19.082113,forward_hybrid_catboost_2026_W29.png,usdcop_forecast_zoo:hybrid_catboost:h15:2026-07-17,0.01023682221394114,CTR-FORECAST-OUTPUT-001
FF_hybrid_catboost_h20_2026_W29,forward_forecast,hybrid_catboost,Hybrid CatBoost,hybrid,20,H=20,medium,2026-W29,2026,2026-07-17,0.5246153846153846,0.0,0.0,0.0,0.5384615384615384,0.5,0.558282208588957,0.25076923076923074,0.9679183203170622,NORMAL,True,transition,0.35784245204865717,1,-0.03228937593743432,0.9770778281382793,0.9367353717087575,-0.38304283058733934,0.5246153846153846,0.49824161518107907,0.028064462195543132,False,False,0.5553846153846154,forward_hybrid_catboost_2026_W29.png,backtest_hybrid_catboost_h20.png,2026-08-25T18:00:19.082113,forward_hybrid_catboost_2026_W29.png,usdcop_forecast_zoo:hybrid_catboost:h20:2026-07-17,0.009333065506440169,CTR-FORECAST-OUTPUT-001
BT_hybrid_catboost_h20_2026_W29,backtest,hybrid_catboost,Hybrid CatBoost,hybrid,20,H=20,medium,2026-W29,2026,2026-07-17,0.5246153846153846,0.03583232443809309,0.025884985590468333,-0.42605555473003065,0.5384615384615384,0.5,0.558282208588957,0.25076923076923074,0.9679183203170622,NORMAL,True,transition,0.35784245204865717,1,-0.03228937593743432,0.9770778281382793,0.9367353717087575,-0.38304283058733934,0.5246153846153846,0.49824161518107907,0.028064462195543132,False,False,0.5553846153846154,backtest_hybrid_catboost_h20.png,backtest_hybrid_catboost_h20.png,2026-08-25T18:00:19.082113,forward_hybrid_catboost_2026_W29.png,usdcop_forecast_zoo:hybrid_catboost:h20:2026-07-17,0.009333065506440169,CTR-FORECAST-OUTPUT-001
FF_hybrid_catboost_h25_2026_W29,forward_forecast,hybrid_catboost,Hybrid CatBoost,hybrid,25,H=25,long,2026-W29,2026,2026-07-17,0.48923076923076925,0.0,0.0,0.0,0.5323076923076923,0.5,0.558282208588957,0.25076923076923074,0.9679183203170622,NORMAL,True,transition,0.35784245204865717,1,-0.19347131228996034,0.8539363115295929,0.9596775631662031,-0.8124098753430802,0.48923076923076925,0.49824161518107907,0.028064462195543132,False,False,0.5615384615384615,forward_hybrid_catboost_2026_W29.png,backtest_hybrid_catboost_h25.png,2026-08-25T18:00:19.082113,forward_hybrid_catboost_2026_W29.png,usdcop_forecast_zoo:hybrid_catboost:h25:2026-07-17,0.009478513665448227,CTR-FORECAST-OUTPUT-001
BT_hybrid_catboost_h25_2026_W29,backtest,hybrid_catboost,Hybrid CatBoost,hybrid,25,H=25,long,2026-W29,2026,2026-07-17,0.48923076923076925,0.037682401352427626,0.02759437972524881,-0.33715760614050905,0.5323076923076923,0.5,0.558282208588957,0.25076923076923074,0.9679183203170622,NORMAL,True,transition,0.35784245204865717,1,-0.19347131228996034,0.8539363115295929,0.9596775631662031,-0.8124098753430802,0.48923076923076925,0.49824161518107907,0.028064462195543132,False,False,0.5615384615384615,backtest_hybrid_catboost_h25.png,backtest_hybrid_catboost_h25.png,2026-08-25T18:00:19.082113,forward_hybrid_catboost_2026_W29.png,usdcop_forecast_zoo:hybrid_catboost:h25:2026-07-17,0.009478513665448227,CTR-FORECAST-OUTPUT-001
FF_hybrid_catboost_h30_2026_W29,forward_forecast,hybrid_catboost,Hybrid CatBoost,hybrid,30,H=30,long,2026-W29,2026,2026-07-17,0.49147286821705427,0.0,0.0,0.0,0.5325077399380805,0.5007751937984496,0.6234567901234568,0.25116279069767444,0.9679183203170622,NORMAL,True,transition,0.35784245204865717,1,-0.12420465252764662,0.8951562929435672,0.9428992514259352,-0.7408344472976893,0.49147286821705427,0.49824161518107907,0.028064462195543132,False,False,0.5720930232558139,forward_hybrid_catboost_2026_W29.png,backtest_hybrid_catboost_h30.png,2026-08-25T18:00:19.082113,forward_hybrid_catboost_2026_W29.png,usdcop_forecast_zoo:hybrid_catboost:h30:2026-07-17,0.015880336439432246,CTR-FORECAST-OUTPUT-001
BT_hybrid_catboost_h30_2026_W29,backtest,hybrid_catboost,Hybrid CatBoost,hybrid,30,H=30,long,2026-W29,2026,2026-07-17,0.49147286821705427,0.0388879230363617,0.02966277801409203,-0.30451328509085696,0.5325077399380805,0.5007751937984496,0.6234567901234568,0.25116279069767444,0.9679183203170622,NORMAL,True,transition,0.35784245204865717,1,-0.12420465252764662,0.8951562929435672,0.9428992514259352,-0.7408344472976893,0.49147286821705427,0.49824161518107907,0.028064462195543132,False,False,0.5720930232558139,backtest_hybrid_catboost_h30.png,backtest_hybrid_catboost_h30.png,2026-08-25T18:00:19.082113,forward_hybrid_catboost_2026_W29.png,usdcop_forecast_zoo:hybrid_catboost:h30:2026-07-17,0.015880336439432246,CTR-FORECAST-OUTPUT-001
FF_ridge_h1_2026_W30,forward_forecast,ridge,Ridge,linear,1,H=1,short,2026-W30,2026,2026-07-24,0.5060606060606061,0.0,0.0,0.0,0.5242424242424243,0.5,0.503030303030303,0.25,1.0031243140610429,NORMAL,True,transition,1.341640786499874,1,0.33007906390986835,1.0570211225440183,0.27043458435797324,0.08607059296182884,0.5060606060606061,0.5272025684239424,0.03418028451001998,True,False,0.5242424242424243,forward_ridge_2026_W30.png,backtest_ridge_h1.png,2026-08-25T18:05:41.786330,forward_ridge_2026_W30.png,usdcop_forecast_zoo:ridge:h1:2026-07-24,0.0033148705303862446,CTR-FORECAST-OUTPUT-001
BT_ridge_h1_2026_W30,backtest,ridge,Ridge,linear,1,H=1,short,2026-W30,2026,2026-07-24,0.5060606060606061,0.007600069510851067,0.0056996142401286665,-0.08586877220454237,0.5242424242424243,0.5,0.503030303030303,0.25,1.0031243140610429,NORMAL,True,transition,1.341640786499874,1,0.33007906390986835,1.0570211225440183,0.27043458435797324,0.08607059296182884,0.5060606060606061,0.5272025684239424,0.03418028451001998,True,False,0.5242424242424243,backtest_ridge_h1.png,backtest_ridge_h1.png,2026-08-25T18:05:41.786330,forward_ridge_2026_W30.png,usdcop_forecast_zoo:ridge:h1:2026-07-24,0.0033148705303862446,CTR-FORECAST-OUTPUT-001
FF_ridge_h5_2026_W30,forward_forecast,ridge,Ridge,linear,5,H=5,short,2026-W30,2026,2026-07-24,0.503030303030303,0.0,0.0,0.0,0.47575757575757577,0.5,0.43636363636363634,0.25,1.0031243140610429,NORMAL,True,transition,1.341640786499874,1,-0.01871648578724657,0.9931997127644985,0.5718347478638788,-0.10022722500188475,0.503030303030303,0.5272025684239424,0.03418028451001998,True,True,0.503030303030303,forward_ridge_2026_W30.png,backtest_ridge_h5.png,2026-08-25T18:05:41.786330,forward_ridge_2026_W30.png,usdcop_forecast_zoo:ridge:h5:2026-07-24,0.01285368128357275,CTR-FORECAST-OUTPUT-001
BT_ridge_h5_2026_W30,backtest,ridge,Ridge,linear,5,H=5,short,2026-W30,2026,2026-07-24,0.503030303030303,0.018787408685590923,0.014332808178210555,-0.49624437027204626,0.47575757575757577,0.5,0.43636363636363634,0.25,1.0031243140610429,NORMAL,True,transition,1.341640786499874,1,-0.01871648578724657,0.9931997127644985,0.5718347478638788,-0.10022722500188475,0.503030303030303,0.5272025684239424,0.03418028451001998,True,True,0.503030303030303,backtest_ridge_h5.png,backtest_ridge_h5.png,2026-08-25T18:05:41.786330,forward_ridge_2026_W30.png,usdcop_forecast_zoo:ridge:h5:2026-07-24,0.01285368128357275,CTR-FORECAST-OUTPUT-001
FF_ridge_h10_2026_W30,forward_forecast,ridge,Ridge,linear,10,H=10,medium,2026-W30,2026,2026-07-24,0.5038167938931297,0.0,0.0,0.0,0.4725609756097561,0.500763358778626,0.3719512195121951,0.250381679389313,1.0031243140610429,NORMAL,True,transition,1.341640786499874,1,0.003257442072611539,1.001655053782786,0.7696495095482085,-0.14128150359853275,0.5038167938931297,0.5272025684239424,0.03418028451001998,True,False,0.5145038167938931,forward_ridge_2026_W30.png,backtest_ridge_h10.png,2026-08-25T18:05:41.786330,forward_ridge_2026_W30.png,usdcop_forecast_zoo:ridge:h10:2026-07-24,0.016907283870575805,CTR-FORECAST-OUTPUT-001
BT_ridge_h10_2026_W30,backtest,ridge,Ridge,linear,10,H=10,medium,2026-W30,2026,2026-07-24,0.5038167938931297,0.028631007812809972,0.0217585355718935,-0.6890927295416014,0.4725609756097561,0.500763358778626,0.3719512195121951,0.250381679389313,1.0031243140610429,NORMAL,True,transition,1.341640786499874,1,0.003257442072611539,1.001655053782786,0.7696495095482085,-0.14128150359853275,0.5038167938931297,0.5272025684239424,0.03418028451001998,True,False,0.5145038167938931,backtest_ridge_h10.png,backtest_ridge_h10.png,2026-08-25T18:05:41.786330,forward_ridge_2026_W30.png,usdcop_forecast_zoo:ridge:h10:2026-07-24,0.016907283870575805,CTR-FORECAST-OUTPUT-001
FF_ridge_h15_2026_W30,forward_forecast,ridge,Ridge,linear,15,H=15,medium,2026-W30,2026,2026-07-24,0.5236641221374045,0.0,0.0,0.0,0.5213414634146342,0.500763358778626,0.4268292682926829,0.250381679389313,1.0031243140610429,NORMAL,True,transition,1.341640786499874,1,-0.03707406868811128,0.9772492387729785,0.8739310215460303,-0.336488267391835,0.5236641221374045,0.5272025684239424,0.03418028451001998,True,True,0.5236641221374045,forward_ridge_2026_W30.png,backtest_ridge_h15.png,2026-08-25T18:05:41.786330,forward_ridge_2026_W30.png,usdcop_forecast_zoo:ridge:h15:2026-07-24,0.02384184091378534,CTR-FORECAST-OUTPUT-001
BT_ridge_h15_2026_W30,backtest,ridge,Ridge,linear,15,H=15,medium,2026-W30,2026,2026-07-24,0.5236641221374045,0.03738637183700119,0.02734927489577059,-0.9005194206323788,0.5213414634146342,0.500763358778626,0.4268292682926829,0.250381679389313,1.0031243140610429,NORMAL,True,transition,1.341640786499874,1,-0.03707406868811128,0.9772492387729785,0.8739310215460303,-0.336488267391835,0.5236641221374045,0.5272025684239424,0.03418028451001998,True,True,0.5236641221374045,backtest_ridge_h15.png,backtest_ridge_h15.png,2026-08-25T18:05:41.786330,forward_ridge_2026_W30.png,usdcop_forecast_zoo:ridge:h15:2026-07-24,0.02384184091378534,CTR-FORECAST-OUTPUT-001
FF_ridge_h20_2026_W30,forward_forecast,ridge,Ridge,linear,20,H=20,medium,2026-W30,2026,2026-07-24,0.5461538461538461,0.0,0.0,0.0,0.5507692307692308,0.5,0.4785276073619632,0.25076923076923074,1.0031243140610429,NORMAL,True,transition,1.341640786499874,1,0.1680433041787906,1.128409006233129,0.8948246458582306,0.8865214953967133,0.5461538461538461,0.5272025684239424,0.03418028451001998,True,True,0.5461538461538461,forward_ridge_2026_W30.png,backtest_ridge_h20.png,2026-08-25T18:05:41.786330,forward_ridge_2026_W30.png,usdcop_forecast_zoo:ridge:h20:2026-07-24,0.028133845092745045,CTR-FORECAST-OUTPUT-001
BT_ridge_h20_2026_W30,backtest,ridge,Ridge,linear,20,H=20,medium,2026-W30,2026,2026-07-24,0.5461538461538461,0.043363475390562345,0.03110394982291312,-1.0616104813558196,0.5507692307692308,0.5,0.4785276073619632,0.25076923076923074,1.0031243140610429,NORMAL,True,transition,1.341640786499874,1,0.1680433041787906,1.128409006233129,0.8948246458582306,0.8865214953967133,0.5461538461538461,0.5272025684239424,0.03418028451001998,True,True,0.5461538461538461,backtest_ridge_h20.png,backtest_ridge_h20.png,2026-08-25T18:05:41.786330,forward_ridge_2026_W30.png,usdcop_forecast_zoo:ridge:h20:2026-07-24,0.028133845092745045,CTR-FORECAST-OUTPUT-001
FF_ridge_h25_2026_W30,forward_forecast,ridge,Ridge,linear,25,H=25,long,2026-W30,2026,2026-07-24,0.5538461538461539,0.0,0.0,0.0,0.56,0.5,0.5398773006134969,0.25076923076923074,1.0031243140610429,NORMAL,True,transition,1.341640786499874,1,0.21923882697123442,1.1960567012036265,0.9337572223254195,2.098894297867327,0.5538461538461539,0.5272025684239424,0.03418028451001998,True,False,0.5553846153846154,forward_ridge_2026_W30.png,backtest_ridge_h25.png,2026-08-25T18:05:41.786330,forward_ridge_2026_W30.png,usdcop_forecast_zoo:ridge:h25:2026-07-24,0.03464991906939399,CTR-FORECAST-OUTPUT-001
BT_ridge_h25_2026_W30,backtest,ridge,Ridge,linear,25,H=25,long,2026-W30,2026,2026-07-24,0.5538461538461539,0.04925416314070873,0.03490833322226605,-1.244631554185002,0.56,0.5,0.5398773006134969,0.25076923076923074,1.0031243140610429,NORMAL,True,transition,1.341640786499874,1,0.21923882697123442,1.1960567012036265,0.9337572223254195,2.098894297867327,0.5538461538461539,0.5272025684239424,0.03418028451001998,True,False,0.5553846153846154,backtest_ridge_h25.png,backtest_ridge_h25.png,2026-08-25T18:05:41.786330,forward_ridge_2026_W30.png,usdcop_forecast_zoo:ridge:h25:2026-07-24,0.03464991906939399,CTR-FORECAST-OUTPUT-001
FF_ridge_h30_2026_W30,forward_forecast,ridge,Ridge,linear,30,H=30,long,2026-W30,2026,2026-07-24,0.5538461538461539,0.0,0.0,0.0,0.5661538461538461,0.5,0.5030674846625767,0.25076923076923074,1.0031243140610429,NORMAL,True,transition,1.341640786499874,1,0.13829949166125868,1.1334036648430876,0.963285089508006,0.992908542366312,0.5538461538461539,0.5272025684239424,0.03418028451001998,True,True,0.5538461538461539,forward_ridge_2026_W30.png,backtest_ridge_h30.png,2026-08-25T18:05:41.786330,forward_ridge_2026_W30.png,usdcop_forecast_zoo:ridge:h30:2026-07-24,0.04022751335429173,CTR-FORECAST-OUTPUT-001
BT_ridge_h30_2026_W30,backtest,ridge,Ridge,linear,30,H=30,long,2026-W30,2026,2026-07-24,0.5538461538461539,0.05423949519261563,0.038393662980624695,-1.317927335083379,0.5661538461538461,0.5,0.5030674846625767,0.25076923076923074,1.0031243140610429,NORMAL,True,transition,1.341640786499874,1,0.13829949166125868,1.1334036648430876,0.963285089508006,0.992908542366312,0.5538461538461539,0.5272025684239424,0.03418028451001998,True,True,0.5538461538461539,backtest_ridge_h30.png,backtest_ridge_h30.png,2026-08-25T18:05:41.786330,forward_ridge_2026_W30.png,usdcop_forecast_zoo:ridge:h30:2026-07-24,0.04022751335429173,CTR-FORECAST-OUTPUT-001
FF_bayesian_ridge_h1_2026_W30,forward_forecast,bayesian_ridge,Bayesian Ridge,linear,1,H=1,short,2026-W30,2026,2026-07-24,0.509090909090909,0.0,0.0,0.0,0.5212121212121212,0.5,0.5272727272727272,0.25,1.0031243140610429,NORMAL,True,transition,1.341640786499874,1,0.29854553028979625,1.0514356920871986,0.27117473468774506,0.0757297053709507,0.509090909090909,0.5263234221249489,0.03319558174601099,False,False,0.5242424242424243,forward_bayesian_ridge_2026_W30.png,backtest_bayesian_ridge_h1.png,2026-08-25T18:05:41.786330,forward_bayesian_ridge_2026_W30.png,usdcop_forecast_zoo:bayesian_ridge:h1:2026-07-24,0.0027762729083607397,CTR-FORECAST-OUTPUT-001
BT_bayesian_ridge_h1_2026_W30,backtest,bayesian_ridge,Bayesian Ridge,linear,1,H=1,short,2026-W30,2026,2026-07-24,0.509090909090909,0.0074872516062420595,0.005611678005302746,-0.05387006901241831,0.5212121212121212,0.5,0.5272727272727272,0.25,1.0031243140610429,NORMAL,True,transition,1.341640786499874,1,0.29854553028979625,1.0514356920871986,0.27117473468774506,0.0757297053709507,0.509090909090909,0.5263234221249489,0.03319558174601099,False,False,0.5242424242424243,backtest_bayesian_ridge_h1.png,backtest_bayesian_ridge_h1.png,2026-08-25T18:05:41.786330,forward_bayesian_ridge_2026_W30.png,usdcop_forecast_zoo:bayesian_ridge:h1:2026-07-24,0.0027762729083607397,CTR-FORECAST-OUTPUT-001
FF_bayesian_ridge_h5_2026_W30,forward_forecast,bayesian_ridge,Bayesian Ridge,linear,5,H=5,short,2026-W30,2026,2026-07-24,0.4984848484848485,0.0,0.0,0.0,0.48484848484848486,0.5,0.4484848484848485,0.25,1.0031243140610429,NORMAL,True,transition,1.341640786499874,1,-0.06265896709947257,0.9774151189010748,0.5709404895520113,-0.1552157139661523,0.4984848484848485,0.5263234221249489,0.03319558174601099,False,False,0.503030303030303,forward_bayesian_ridge_2026_W30.png,backtest_bayesian_ridge_h5.png,2026-08-25T18:05:41.786330,forward_bayesian_ridge_2026_W30.png,usdcop_forecast_zoo:bayesian_ridge:h5:2026-07-24,0.012024010430178185,CTR-FORECAST-OUTPUT-001
BT_bayesian_ridge_h5_2026_W30,backtest,bayesian_ridge,Bayesian Ridge,linear,5,H=5,short,2026-W30,2026,2026-07-24,0.4984848484848485,0.01815457217662183,0.013879903626166193,-0.39714281529778206,0.48484848484848486,0.5,0.4484848484848485,0.25,1.0031243140610429,NORMAL,True,transition,1.341640786499874,1,-0.06265896709947257,0.9774151189010748,0.5709404895520113,-0.1552157139661523,0.4984848484848485,0.5263234221249489,0.03319558174601099,False,False,0.503030303030303,backtest_bayesian_ridge_h5.png,backtest_bayesian_ridge_h5.png,2026-08-25T18:05:41.786330,forward_bayesian_ridge_2026_W30.png,usdcop_forecast_zoo:bayesian_ridge:h5:2026-07-24,0.012024010430178185,CTR-FORECAST-OUTPUT-001
FF_bayesian_ridge_h10_2026_W30,forward_forecast,bayesian_ridge,Bayesian Ridge,linear,10,H=10,medium,2026-W30,2026,2026-07-24,0.5068702290076336,0.0,0.0,0.0,0.4725609756097561,0.500763358778626,0.38414634146341464,0.250381679389313,1.0031243140610429,NORMAL,True,transition,1.341640786499874,1,-0.033021452086869636,0.9833759028768195,0.7696495095482083,-0.2270431796291985,0.5068702290076336,0.5263234221249489,0.03319558174601099,False,False,0.5145038167938931,forward_bayesian_ridge_2026_W30.png,backtest_bayesian_ridge_h10.png,2026-08-25T18:05:41.786330,forward_bayesian_ridge_2026_W30.png,usdcop_forecast_zoo:bayesian_ridge:h10:2026-07-24,0.017619540818140673,CTR-FORECAST-OUTPUT-001
BT_bayesian_ridge_h10_2026_W30,backtest,bayesian_ridge,Bayesian Ridge,linear,10,H=10,medium,2026-W30,2026,2026-07-24,0.5068702290076336,0.027561146384861592,0.02099521368179771,-0.5652177963395666,0.4725609756097561,0.500763358778626,0.38414634146341464,0.250381679389313,1.0031243140610429,NORMAL,True,transition,1.341640786499874,1,-0.033021452086869636,0.9833759028768195,0.7696495095482083,-0.2270431796291985,0.5068702290076336,0.5263234221249489,0.03319558174601099,False,False,0.5145038167938931,backtest_bayesian_ridge_h10.png,backtest_bayesian_ridge_h10.png,2026-08-25T18:05:41.786330,forward_bayesian_ridge_2026_W30.png,usdcop_forecast_zoo:bayesian_ridge:h10:2026-07-24,0.017619540818140673,CTR-FORECAST-OUTPUT-001
FF_bayesian_ridge_h15_2026_W30,forward_forecast,bayesian_ridge,Bayesian Ridge,linear,15,H=15,medium,2026-W30,2026,2026-07-24,0.5236641221374045,0.0,0.0,0.0,0.5396341463414634,0.500763358778626,0.4451219512195122,0.250381679389313,1.0031243140610429,NORMAL,True,transition,1.341640786499874,1,-0.013790462971323485,0.9914761943662459,0.8739310215460303,-0.2649965402203678,0.5236641221374045,0.5263234221249489,0.03319558174601099,False,False,0.5236641221374045,forward_bayesian_ridge_2026_W30.png,backtest_bayesian_ridge_h15.png,2026-08-25T18:05:41.786330,forward_bayesian_ridge_2026_W30.png,usdcop_forecast_zoo:bayesian_ridge:h15:2026-07-24,0.02483506105786153,CTR-FORECAST-OUTPUT-001
BT_bayesian_ridge_h15_2026_W30,backtest,bayesian_ridge,Bayesian Ridge,linear,15,H=15,medium,2026-W30,2026,2026-07-24,0.5236641221374045,0.03619830775680487,0.026569654767261097,-0.781649235641876,0.5396341463414634,0.500763358778626,0.4451219512195122,0.250381679389313,1.0031243140610429,NORMAL,True,transition,1.341640786499874,1,-0.013790462971323485,0.9914761943662459,0.8739310215460303,-0.2649965402203678,0.5236641221374045,0.5263234221249489,0.03319558174601099,False,False,0.5236641221374045,backtest_bayesian_ridge_h15.png,backtest_bayesian_ridge_h15.png,2026-08-25T18:05:41.786330,forward_bayesian_ridge_2026_W30.png,usdcop_forecast_zoo:bayesian_ridge:h15:2026-07-24,0.02483506105786153,CTR-FORECAST-OUTPUT-001
FF_bayesian_ridge_h20_2026_W30,forward_forecast,bayesian_ridge,Bayesian Ridge,linear,20,H=20,medium,2026-W30,2026,2026-07-24,0.5415384615384615,0.0,0.0,0.0,0.5507692307692308,0.5,0.4785276073619632,0.25076923076923074,1.0031243140610429,NORMAL,True,transition,1.341640786499874,1,0.15197763032377007,1.1154489052138734,0.8948246458582307,0.7244717201841238,0.5415384615384615,0.5263234221249489,0.03319558174601099,False,False,0.5461538461538461,forward_bayesian_ridge_2026_W30.png,backtest_bayesian_ridge_h20.png,2026-08-25T18:05:41.786330,forward_bayesian_ridge_2026_W30.png,usdcop_forecast_zoo:bayesian_ridge:h20:2026-07-24,0.029388648154003053,CTR-FORECAST-OUTPUT-001
BT_bayesian_ridge_h20_2026_W30,backtest,bayesian_ridge,Bayesian Ridge,linear,20,H=20,medium,2026-W30,2026,2026-07-24,0.5415384615384615,0.04203004956885799,0.030231297467865854,-0.9367709147650676,0.5507692307692308,0.5,0.4785276073619632,0.25076923076923074,1.0031243140610429,NORMAL,True,transition,1.341640786499874,1,0.15197763032377007,1.1154489052138734,0.8948246458582307,0.7244717201841238,0.5415384615384615,0.5263234221249489,0.03319558174601099,False,False,0.5461538461538461,backtest_bayesian_ridge_h20.png,backtest_bayesian_ridge_h20.png,2026-08-25T18:05:41.786330,forward_bayesian_ridge_2026_W30.png,usdcop_forecast_zoo:bayesian_ridge:h20:2026-07-24,0.029388648154003053,CTR-FORECAST-OUTPUT-001
FF_bayesian_ridge_h25_2026_W30,forward_forecast,bayesian_ridge,Bayesian Ridge,linear,25,H=25,long,2026-W30,2026,2026-07-24,0.5553846153846154,0.0,0.0,0.0,0.556923076923077,0.5,0.5337423312883436,0.25076923076923074,1.0031243140610429,NORMAL,True,transition,1.341640786499874,1,0.23956581193397977,1.2160891046319966,0.9337572223254195,2.5590003634329275,0.5553846153846154,0.5263234221249489,0.03319558174601099,False,True,0.5553846153846154,forward_bayesian_ridge_2026_W30.png,backtest_bayesian_ridge_h25.png,2026-08-25T18:05:41.786330,forward_bayesian_ridge_2026_W30.png,usdcop_forecast_zoo:bayesian_ridge:h25:2026-07-24,0.03531464612428279,CTR-FORECAST-OUTPUT-001
BT_bayesian_ridge_h25_2026_W30,backtest,bayesian_ridge,Bayesian Ridge,linear,25,H=25,long,2026-W30,2026,2026-07-24,0.5553846153846154,0.04797344273574261,0.034174895176210654,-1.1294181270030497,0.556923076923077,0.5,0.5337423312883436,0.25076923076923074,1.0031243140610429,NORMAL,True,transition,1.341640786499874,1,0.23956581193397977,1.2160891046319966,0.9337572223254195,2.5590003634329275,0.5553846153846154,0.5263234221249489,0.03319558174601099,False,True,0.5553846153846154,backtest_bayesian_ridge_h25.png,backtest_bayesian_ridge_h25.png,2026-08-25T18:05:41.786330,forward_bayesian_ridge_2026_W30.png,usdcop_forecast_zoo:bayesian_ridge:h25:2026-07-24,0.03531464612428279,CTR-FORECAST-OUTPUT-001
FF_bayesian_ridge_h30_2026_W30,forward_forecast,bayesian_ridge,Bayesian Ridge,linear,30,H=30,long,2026-W30,2026,2026-07-24,0.5492307692307692,0.0,0.0,0.0,0.5692307692307692,0.5,0.5030674846625767,0.25076923076923074,1.0031243140610429,NORMAL,True,transition,1.341640786499874,1,0.10366331765548933,1.098402064877513,0.963285089508006,0.5026320322208928,0.5492307692307692,0.5263234221249489,0.03319558174601099,False,False,0.5538461538461539,forward_bayesian_ridge_2026_W30.png,backtest_bayesian_ridge_h30.png,2026-08-25T18:05:41.786330,forward_bayesian_ridge_2026_W30.png,usdcop_forecast_zoo:bayesian_ridge:h30:2026-07-24,0.040472293490682,CTR-FORECAST-OUTPUT-001
BT_bayesian_ridge_h30_2026_W30,backtest,bayesian_ridge,Bayesian Ridge,linear,30,H=30,long,2026-W30,2026,2026-07-24,0.5492307692307692,0.052964301992945995,0.03767767299172071,-1.2102176649554384,0.5692307692307692,0.5,0.5030674846625767,0.25076923076923074,1.0031243140610429,NORMAL,True,transition,1.341640786499874,1,0.10366331765548933,1.098402064877513,0.963285089508006,0.5026320322208928,0.5492307692307692,0.5263234221249489,0.03319558174601099,False,False,0.5538461538461539,backtest_bayesian_ridge_h30.png,backtest_bayesian_ridge_h30.png,2026-08-25T18:05:41.786330,forward_bayesian_ridge_2026_W30.png,usdcop_forecast_zoo:bayesian_ridge:h30:2026-07-24,0.040472293490682,CTR-FORECAST-OUTPUT-001
FF_ard_h1_2026_W30,forward_forecast,ard,ARD,linear,1,H=1,short,2026-W30,2026,2026-07-24,0.5015151515151515,0.0,0.0,0.0,0.49393939393939396,0.5,0.46060606060606063,0.25,1.0031243140610429,NORMAL,True,transition,1.341640786499874,1,-0.22330888067840995,0.9631789795742375,0.26393528904369534,-0.08185014377023303,0.5015151515151515,0.48161627176894356,0.030974271786103676,False,False,0.5242424242424243,forward_ard_2026_W30.png,backtest_ard_h1.png,2026-08-25T18:05:41.786330,forward_ard_2026_W30.png,usdcop_forecast_zoo:ard:h1:2026-07-24,-5.4562439563233635e-05,CTR-FORECAST-OUTPUT-001
BT_ard_h1_2026_W30,backtest,ard,ARD,linear,1,H=1,short,2026-W30,2026,2026-07-24,0.5015151515151515,0.0074062962140588814,0.005554104299919168,-0.031203480520179294,0.49393939393939396,0.5,0.46060606060606063,0.25,1.0031243140610429,NORMAL,True,transition,1.341640786499874,1,-0.22330888067840995,0.9631789795742375,0.26393528904369534,-0.08185014377023303,0.5015151515151515,0.48161627176894356,0.030974271786103676,False,False,0.5242424242424243,backtest_ard_h1.png,backtest_ard_h1.png,2026-08-25T18:05:41.786330,forward_ard_2026_W30.png,usdcop_forecast_zoo:ard:h1:2026-07-24,-5.4562439563233635e-05,CTR-FORECAST-OUTPUT-001
FF_ard_h5_2026_W30,forward_forecast,ard,ARD,linear,5,H=5,short,2026-W30,2026,2026-07-24,0.43636363636363634,0.0,0.0,0.0,0.4636363636363636,0.5,0.40606060606060607,0.25,1.0031243140610429,NORMAL,True,transition,1.341640786499874,1,-0.7038993271976468,0.773544918910303,0.8097043459197173,-0.6616644100215554,0.43636363636363634,0.48161627176894356,0.030974271786103676,False,False,0.503030303030303,forward_ard_2026_W30.png,backtest_ard_h5.png,2026-08-25T18:05:41.786330,forward_ard_2026_W30.png,usdcop_forecast_zoo:ard:h5:2026-07-24,-0.0002443348846751107,CTR-FORECAST-OUTPUT-001
BT_ard_h5_2026_W30,backtest,ard,ARD,linear,5,H=5,short,2026-W30,2026,2026-07-24,0.43636363636363634,0.015485082901517358,0.012010354103892843,-0.016472967578245568,0.4636363636363636,0.5,0.40606060606060607,0.25,1.0031243140610429,NORMAL,True,transition,1.341640786499874,1,-0.7038993271976468,0.773544918910303,0.8097043459197173,-0.6616644100215554,0.43636363636363634,0.48161627176894356,0.030974271786103676,False,False,0.503030303030303,backtest_ard_h5.png,backtest_ard_h5.png,2026-08-25T18:05:41.786330,forward_ard_2026_W30.png,usdcop_forecast_zoo:ard:h5:2026-07-24,-0.0002443348846751107,CTR-FORECAST-OUTPUT-001
FF_ard_h10_2026_W30,forward_forecast,ard,ARD,linear,10,H=10,medium,2026-W30,2026,2026-07-24,0.4152671755725191,0.0,0.0,0.0,0.40853658536585363,0.500763358778626,0.4878048780487805,0.250381679389313,1.0031243140610429,NORMAL,True,transition,1.341640786499874,1,-0.646775059361546,0.7199473727061136,0.9576178716412527,-0.8674550758045646,0.4152671755725191,0.48161627176894356,0.030974271786103676,False,False,0.5145038167938931,forward_ard_2026_W30.png,backtest_ard_h10.png,2026-08-25T18:05:41.786330,forward_ard_2026_W30.png,usdcop_forecast_zoo:ard:h10:2026-07-24,-0.0007396468404486815,CTR-FORECAST-OUTPUT-001
BT_ard_h10_2026_W30,backtest,ard,ARD,linear,10,H=10,medium,2026-W30,2026,2026-07-24,0.4152671755725191,0.022847254474305256,0.01856849553519619,-0.07559372393404606,0.40853658536585363,0.500763358778626,0.4878048780487805,0.250381679389313,1.0031243140610429,NORMAL,True,transition,1.341640786499874,1,-0.646775059361546,0.7199473727061136,0.9576178716412527,-0.8674550758045646,0.4152671755725191,0.48161627176894356,0.030974271786103676,False,False,0.5145038167938931,backtest_ard_h10.png,backtest_ard_h10.png,2026-08-25T18:05:41.786330,forward_ard_2026_W30.png,usdcop_forecast_zoo:ard:h10:2026-07-24,-0.0007396468404486815,CTR-FORECAST-OUTPUT-001
FF_ard_h15_2026_W30,forward_forecast,ard,ARD,linear,15,H=15,medium,2026-W30,2026,2026-07-24,0.4381679389312977,0.0,0.0,0.0,0.4451219512195122,0.500763358778626,0.4146341463414634,0.250381679389313,1.0031243140610429,NORMAL,True,transition,1.341640786499874,1,-0.4067759715429489,0.7767756118647946,0.9633799715568239,-0.8676938957963041,0.4381679389312977,0.48161627176894356,0.030974271786103676,False,False,0.5236641221374045,forward_ard_2026_W30.png,backtest_ard_h15.png,2026-08-25T18:05:41.786330,forward_ard_2026_W30.png,usdcop_forecast_zoo:ard:h15:2026-07-24,-0.0013689497427537497,CTR-FORECAST-OUTPUT-001
BT_ard_h15_2026_W30,backtest,ard,ARD,linear,15,H=15,medium,2026-W30,2026,2026-07-24,0.4381679389312977,0.03388265789183134,0.026912852818631535,-0.5609917627132937,0.4451219512195122,0.500763358778626,0.4146341463414634,0.250381679389313,1.0031243140610429,NORMAL,True,transition,1.341640786499874,1,-0.4067759715429489,0.7767756118647946,0.9633799715568239,-0.8676938957963041,0.4381679389312977,0.48161627176894356,0.030974271786103676,False,False,0.5236641221374045,backtest_ard_h15.png,backtest_ard_h15.png,2026-08-25T18:05:41.786330,forward_ard_2026_W30.png,usdcop_forecast_zoo:ard:h15:2026-07-24,-0.0013689497427537497,CTR-FORECAST-OUTPUT-001
FF_ard_h20_2026_W30,forward_forecast,ard,ARD,linear,20,H=20,medium,2026-W30,2026,2026-07-24,0.4815384615384615,0.0,0.0,0.0,0.5353846153846153,0.5,0.4539877300613497,0.25076923076923074,1.0031243140610429,NORMAL,True,transition,1.341640786499874,1,-0.14986555366358284,0.8978625176765175,0.9209148500599169,-0.6824236088078922,0.4815384615384615,0.48161627176894356,0.030974271786103676,False,False,0.5461538461538461,forward_ard_2026_W30.png,backtest_ard_h20.png,2026-08-25T18:05:41.786330,forward_ard_2026_W30.png,usdcop_forecast_zoo:ard:h20:2026-07-24,-0.0019468929342282262,CTR-FORECAST-OUTPUT-001
BT_ard_h20_2026_W30,backtest,ard,ARD,linear,20,H=20,medium,2026-W30,2026,2026-07-24,0.4815384615384615,0.03871425304885736,0.029946735201724042,-0.643237052182912,0.5353846153846153,0.5,0.4539877300613497,0.25076923076923074,1.0031243140610429,NORMAL,True,transition,1.341640786499874,1,-0.14986555366358284,0.8978625176765175,0.9209148500599169,-0.6824236088078922,0.4815384615384615,0.48161627176894356,0.030974271786103676,False,False,0.5461538461538461,backtest_ard_h20.png,backtest_ard_h20.png,2026-08-25T18:05:41.786330,forward_ard_2026_W30.png,usdcop_forecast_zoo:ard:h20:2026-07-24,-0.0019468929342282262,CTR-FORECAST-OUTPUT-001
FF_ard_h25_2026_W30,forward_forecast,ard,ARD,linear,25,H=25,long,2026-W30,2026,2026-07-24,0.5492307692307692,0.0,0.0,0.0,0.5476923076923077,0.5,0.50920245398773,0.25076923076923074,1.0031243140610429,NORMAL,True,transition,1.341640786499874,1,0.1578235647982478,1.1375314765950155,0.9409465097879213,1.0382250657416199,0.5492307692307692,0.48161627176894356,0.030974271786103676,False,False,0.5553846153846154,forward_ard_2026_W30.png,backtest_ard_h25.png,2026-08-25T18:05:41.786330,forward_ard_2026_W30.png,usdcop_forecast_zoo:ard:h25:2026-07-24,-0.0024584861339305955,CTR-FORECAST-OUTPUT-001
BT_ard_h25_2026_W30,backtest,ard,ARD,linear,25,H=25,long,2026-W30,2026,2026-07-24,0.5492307692307692,0.043932787745317885,0.0328918078777005,-0.7858159564400609,0.5476923076923077,0.5,0.50920245398773,0.25076923076923074,1.0031243140610429,NORMAL,True,transition,1.341640786499874,1,0.1578235647982478,1.1375314765950155,0.9409465097879213,1.0382250657416199,0.5492307692307692,0.48161627176894356,0.030974271786103676,False,False,0.5553846153846154,backtest_ard_h25.png,backtest_ard_h25.png,2026-08-25T18:05:41.786330,forward_ard_2026_W30.png,usdcop_forecast_zoo:ard:h25:2026-07-24,-0.0024584861339305955,CTR-FORECAST-OUTPUT-001
FF_ard_h30_2026_W30,forward_forecast,ard,ARD,linear,30,H=30,long,2026-W30,2026,2026-07-24,0.5492307692307692,0.0,0.0,0.0,0.5415384615384615,0.5,0.50920245398773,0.25076923076923074,1.0031243140610429,NORMAL,True,transition,1.341640786499874,1,0.07207338580764669,1.0674278103543966,0.9669383895572331,0.16037479371023977,0.5492307692307692,0.48161627176894356,0.030974271786103676,False,False,0.5538461538461539,forward_ard_2026_W30.png,backtest_ard_h30.png,2026-08-25T18:05:41.786330,forward_ard_2026_W30.png,usdcop_forecast_zoo:ard:h30:2026-07-24,0.03686620710343995,CTR-FORECAST-OUTPUT-001
BT_ard_h30_2026_W30,backtest,ard,ARD,linear,30,H=30,long,2026-W30,2026,2026-07-24,0.5492307692307692,0.05455157022683766,0.03932249920206723,-1.3446771508990087,0.5415384615384615,0.5,0.50920245398773,0.25076923076923074,1.0031243140610429,NORMAL,True,transition,1.341640786499874,1,0.07207338580764669,1.0674278103543966,0.9669383895572331,0.16037479371023977,0.5492307692307692,0.48161627176894356,0.030974271786103676,False,False,0.5538461538461539,backtest_ard_h30.png,backtest_ard_h30.png,2026-08-25T18:05:41.786330,forward_ard_2026_W30.png,usdcop_forecast_zoo:ard:h30:2026-07-24,0.03686620710343995,CTR-FORECAST-OUTPUT-001
FF_xgboost_pure_h1_2026_W30,forward_forecast,xgboost_pure,XGBoost,boosting,1,H=1,short,2026-W30,2026,2026-07-24,0.5075757575757576,0.0,0.0,0.0,0.5060606060606061,0.5,0.48484848484848486,0.25,1.0031243140610429,NORMAL,True,transition,1.341640786499874,1,0.1505950187615332,1.0256225580765146,0.13126529840549558,0.0285245841192574,0.5075757575757576,0.506351866962554,0.02715334553290536,False,False,0.5242424242424243,forward_xgboost_pure_2026_W30.png,backtest_xgboost_pure_h1.png,2026-08-25T18:05:41.786330,forward_xgboost_pure_2026_W30.png,usdcop_forecast_zoo:xgboost_pure:h1:2026-07-24,0.00019102540682069957,CTR-FORECAST-OUTPUT-001
BT_xgboost_pure_h1_2026_W30,backtest,xgboost_pure,XGBoost,boosting,1,H=1,short,2026-W30,2026,2026-07-24,0.5075757575757576,0.007806822566087438,0.005915071320252805,-0.14575255014856703,0.5060606060606061,0.5,0.48484848484848486,0.25,1.0031243140610429,NORMAL,True,transition,1.341640786499874,1,0.1505950187615332,1.0256225580765146,0.13126529840549558,0.0285245841192574,0.5075757575757576,0.506351866962554,0.02715334553290536,False,False,0.5242424242424243,backtest_xgboost_pure_h1.png,backtest_xgboost_pure_h1.png,2026-08-25T18:05:41.786330,forward_xgboost_pure_2026_W30.png,usdcop_forecast_zoo:xgboost_pure:h1:2026-07-24,0.00019102540682069957,CTR-FORECAST-OUTPUT-001
FF_xgboost_pure_h5_2026_W30,forward_forecast,xgboost_pure,XGBoost,boosting,5,H=5,short,2026-W30,2026,2026-07-24,0.4954545454545455,0.0,0.0,0.0,0.49393939393939396,0.5,0.503030303030303,0.25,1.0031243140610429,NORMAL,True,transition,1.341640786499874,1,-0.38803913440359833,0.8680612113053001,0.6523900491808617,-0.4700492234201732,0.4954545454545455,0.506351866962554,0.02715334553290536,False,False,0.503030303030303,forward_xgboost_pure_2026_W30.png,backtest_xgboost_pure_h5.png,2026-08-25T18:05:41.786330,forward_xgboost_pure_2026_W30.png,usdcop_forecast_zoo:xgboost_pure:h5:2026-07-24,-0.0008413837640546262,CTR-FORECAST-OUTPUT-001
BT_xgboost_pure_h5_2026_W30,backtest,xgboost_pure,XGBoost,boosting,5,H=5,short,2026-W30,2026,2026-07-24,0.4954545454545455,0.017204272242600304,0.01325228820863745,-0.25470427115330097,0.49393939393939396,0.5,0.503030303030303,0.25,1.0031243140610429,NORMAL,True,transition,1.341640786499874,1,-0.38803913440359833,0.8680612113053001,0.6523900491808617,-0.4700492234201732,0.4954545454545455,0.506351866962554,0.02715334553290536,False,False,0.503030303030303,backtest_xgboost_pure_h5.png,backtest_xgboost_pure_h5.png,2026-08-25T18:05:41.786330,forward_xgboost_pure_2026_W30.png,usdcop_forecast_zoo:xgboost_pure:h5:2026-07-24,-0.0008413837640546262,CTR-FORECAST-OUTPUT-001
FF_xgboost_pure_h10_2026_W30,forward_forecast,xgboost_pure,XGBoost,boosting,10,H=10,medium,2026-W30,2026,2026-07-24,0.5022900763358779,0.0,0.0,0.0,0.4634146341463415,0.500763358778626,0.47560975609756095,0.250381679389313,1.0031243140610429,NORMAL,True,transition,1.341640786499874,1,-0.36242031275434944,0.8319127770490953,0.8366617957738078,-0.7019374106085198,0.5022900763358779,0.506351866962554,0.02715334553290536,False,False,0.5145038167938931,forward_xgboost_pure_2026_W30.png,backtest_xgboost_pure_h10.png,2026-08-25T18:05:41.786330,forward_xgboost_pure_2026_W30.png,usdcop_forecast_zoo:xgboost_pure:h10:2026-07-24,0.004645348526537418,CTR-FORECAST-OUTPUT-001
BT_xgboost_pure_h10_2026_W30,backtest,xgboost_pure,XGBoost,boosting,10,H=10,medium,2026-W30,2026,2026-07-24,0.5022900763358779,0.024144544874964848,0.018586073167809653,-0.20120814494800077,0.4634146341463415,0.500763358778626,0.47560975609756095,0.250381679389313,1.0031243140610429,NORMAL,True,transition,1.341640786499874,1,-0.36242031275434944,0.8319127770490953,0.8366617957738078,-0.7019374106085198,0.5022900763358779,0.506351866962554,0.02715334553290536,False,False,0.5145038167938931,backtest_xgboost_pure_h10.png,backtest_xgboost_pure_h10.png,2026-08-25T18:05:41.786330,forward_xgboost_pure_2026_W30.png,usdcop_forecast_zoo:xgboost_pure:h10:2026-07-24,0.004645348526537418,CTR-FORECAST-OUTPUT-001
FF_xgboost_pure_h15_2026_W30,forward_forecast,xgboost_pure,XGBoost,boosting,15,H=15,medium,2026-W30,2026,2026-07-24,0.5114503816793893,0.0,0.0,0.0,0.4725609756097561,0.500763358778626,0.35365853658536583,0.250381679389313,1.0031243140610429,NORMAL,True,transition,1.341640786499874,1,-0.157551689494508,0.9068258333990549,0.9021150449932502,-0.6088300215224005,0.5114503816793893,0.506351866962554,0.02715334553290536,False,False,0.5236641221374045,forward_xgboost_pure_2026_W30.png,backtest_xgboost_pure_h15.png,2026-08-25T18:05:41.786330,forward_xgboost_pure_2026_W30.png,usdcop_forecast_zoo:xgboost_pure:h15:2026-07-24,0.009812992997467518,CTR-FORECAST-OUTPUT-001
BT_xgboost_pure_h15_2026_W30,backtest,xgboost_pure,XGBoost,boosting,15,H=15,medium,2026-W30,2026,2026-07-24,0.5114503816793893,0.030755418854929016,0.023455126417817176,-0.2861421215521689,0.4725609756097561,0.500763358778626,0.35365853658536583,0.250381679389313,1.0031243140610429,NORMAL,True,transition,1.341640786499874,1,-0.157551689494508,0.9068258333990549,0.9021150449932502,-0.6088300215224005,0.5114503816793893,0.506351866962554,0.02715334553290536,False,False,0.5236641221374045,backtest_xgboost_pure_h15.png,backtest_xgboost_pure_h15.png,2026-08-25T18:05:41.786330,forward_xgboost_pure_2026_W30.png,usdcop_forecast_zoo:xgboost_pure:h15:2026-07-24,0.009812992997467518,CTR-FORECAST-OUTPUT-001
FF_xgboost_pure_h20_2026_W30,forward_forecast,xgboost_pure,XGBoost,boosting,20,H=20,medium,2026-W30,2026,2026-07-24,0.5138461538461538,0.0,0.0,0.0,0.47692307692307695,0.5,0.5030674846625767,0.25076923076923074,1.0031243140610429,NORMAL,True,transition,1.341640786499874,1,-0.1994572145714844,0.8664089626237018,0.9248483087336382,-0.7596060784122605,0.5138461538461538,0.506351866962554,0.02715334553290536,False,False,0.5461538461538461,forward_xgboost_pure_2026_W30.png,backtest_xgboost_pure_h20.png,2026-08-25T18:05:41.786330,forward_xgboost_pure_2026_W30.png,usdcop_forecast_zoo:xgboost_pure:h20:2026-07-24,0.007332193199545145,CTR-FORECAST-OUTPUT-001
BT_xgboost_pure_h20_2026_W30,backtest,xgboost_pure,XGBoost,boosting,20,H=20,medium,2026-W30,2026,2026-07-24,0.5138461538461538,0.03481227448676913,0.02601031348258351,-0.3286887212991034,0.47692307692307695,0.5,0.5030674846625767,0.25076923076923074,1.0031243140610429,NORMAL,True,transition,1.341640786499874,1,-0.1994572145714844,0.8664089626237018,0.9248483087336382,-0.7596060784122605,0.5138461538461538,0.506351866962554,0.02715334553290536,False,False,0.5461538461538461,backtest_xgboost_pure_h20.png,backtest_xgboost_pure_h20.png,2026-08-25T18:05:41.786330,forward_xgboost_pure_2026_W30.png,usdcop_forecast_zoo:xgboost_pure:h20:2026-07-24,0.007332193199545145,CTR-FORECAST-OUTPUT-001
FF_xgboost_pure_h25_2026_W30,forward_forecast,xgboost_pure,XGBoost,boosting,25,H=25,long,2026-W30,2026,2026-07-24,0.4676923076923077,0.0,0.0,0.0,0.4492307692307692,0.5,0.44785276073619634,0.25076923076923074,1.0031243140610429,NORMAL,True,transition,1.341640786499874,1,-0.5847352971874344,0.6197867071897295,0.9942174753659163,-0.9866453687394682,0.4676923076923077,0.506351866962554,0.02715334553290536,False,False,0.5553846153846154,forward_xgboost_pure_2026_W30.png,backtest_xgboost_pure_h25.png,2026-08-25T18:05:41.786330,forward_xgboost_pure_2026_W30.png,usdcop_forecast_zoo:xgboost_pure:h25:2026-07-24,0.003822536673396826,CTR-FORECAST-OUTPUT-001
BT_xgboost_pure_h25_2026_W30,backtest,xgboost_pure,XGBoost,boosting,25,H=25,long,2026-W30,2026,2026-07-24,0.4676923076923077,0.035999785337617836,0.026796192108737273,-0.19910992315107756,0.4492307692307692,0.5,0.44785276073619634,0.25076923076923074,1.0031243140610429,NORMAL,True,transition,1.341640786499874,1,-0.5847352971874344,0.6197867071897295,0.9942174753659163,-0.9866453687394682,0.4676923076923077,0.506351866962554,0.02715334553290536,False,False,0.5553846153846154,backtest_xgboost_pure_h25.png,backtest_xgboost_pure_h25.png,2026-08-25T18:05:41.786330,forward_xgboost_pure_2026_W30.png,usdcop_forecast_zoo:xgboost_pure:h25:2026-07-24,0.003822536673396826,CTR-FORECAST-OUTPUT-001
FF_xgboost_pure_h30_2026_W30,forward_forecast,xgboost_pure,XGBoost,boosting,30,H=30,long,2026-W30,2026,2026-07-24,0.5461538461538461,0.0,0.0,0.0,0.4430769230769231,0.5,0.31901840490797545,0.25076923076923074,1.0031243140610429,NORMAL,True,transition,1.341640786499874,1,-0.146815041139488,0.8755188712720399,0.9846478450212772,-0.8059269379137858,0.5461538461538461,0.506351866962554,0.02715334553290536,False,False,0.5538461538461539,forward_xgboost_pure_2026_W30.png,backtest_xgboost_pure_h30.png,2026-08-25T18:05:41.786330,forward_xgboost_pure_2026_W30.png,usdcop_forecast_zoo:xgboost_pure:h30:2026-07-24,0.0038730353116989136,CTR-FORECAST-OUTPUT-001
BT_xgboost_pure_h30_2026_W30,backtest,xgboost_pure,XGBoost,boosting,30,H=30,long,2026-W30,2026,2026-07-24,0.5461538461538461,0.03935030036736897,0.02909375378800578,-0.2200135181052929,0.4430769230769231,0.5,0.31901840490797545,0.25076923076923074,1.0031243140610429,NORMAL,True,transition,1.341640786499874,1,-0.146815041139488,0.8755188712720399,0.9846478450212772,-0.8059269379137858,0.5461538461538461,0.506351866962554,0.02715334553290536,False,False,0.5538461538461539,backtest_xgboost_pure_h30.png,backtest_xgboost_pure_h30.png,2026-08-25T18:05:41.786330,forward_xgboost_pure_2026_W30.png,usdcop_forecast_zoo:xgboost_pure:h30:2026-07-24,0.0038730353116989136,CTR-FORECAST-OUTPUT-001
FF_lightgbm_pure_h1_2026_W30,forward_forecast,lightgbm_pure,LightGBM,boosting,1,H=1,short,2026-W30,2026,2026-07-24,0.5,0.0,0.0,0.0,0.47878787878787876,0.5,0.4484848484848485,0.25,1.0031243140610429,NORMAL,True,transition,1.341640786499874,1,0.003703696717749393,1.0006224055103614,0.14298327341835076,-0.01632357348340796,0.5,0.516265286875974,0.027243201947628325,False,False,0.5242424242424243,forward_lightgbm_pure_2026_W30.png,backtest_lightgbm_pure_h1.png,2026-08-25T18:05:41.786330,forward_lightgbm_pure_2026_W30.png,usdcop_forecast_zoo:lightgbm_pure:h1:2026-07-24,9.346610528026885e-05,CTR-FORECAST-OUTPUT-001
BT_lightgbm_pure_h1_2026_W30,backtest,lightgbm_pure,LightGBM,boosting,1,H=1,short,2026-W30,2026,2026-07-24,0.5,0.0077947828487466625,0.005917064438683392,-0.14222130559144275,0.47878787878787876,0.5,0.4484848484848485,0.25,1.0031243140610429,NORMAL,True,transition,1.341640786499874,1,0.003703696717749393,1.0006224055103614,0.14298327341835076,-0.01632357348340796,0.5,0.516265286875974,0.027243201947628325,False,False,0.5242424242424243,backtest_lightgbm_pure_h1.png,backtest_lightgbm_pure_h1.png,2026-08-25T18:05:41.786330,forward_lightgbm_pure_2026_W30.png,usdcop_forecast_zoo:lightgbm_pure:h1:2026-07-24,9.346610528026885e-05,CTR-FORECAST-OUTPUT-001
FF_lightgbm_pure_h5_2026_W30,forward_forecast,lightgbm_pure,LightGBM,boosting,5,H=5,short,2026-W30,2026,2026-07-24,0.49242424242424243,0.0,0.0,0.0,0.503030303030303,0.5,0.48484848484848486,0.25,1.0031243140610429,NORMAL,True,transition,1.341640786499874,1,-0.24059946173667118,0.9160157030882856,0.5590581366274783,-0.3454834909907245,0.49242424242424243,0.516265286875974,0.027243201947628325,False,False,0.503030303030303,forward_lightgbm_pure_2026_W30.png,backtest_lightgbm_pure_h5.png,2026-08-25T18:05:41.786330,forward_lightgbm_pure_2026_W30.png,usdcop_forecast_zoo:lightgbm_pure:h5:2026-07-24,-0.0017266210510087706,CTR-FORECAST-OUTPUT-001
BT_lightgbm_pure_h5_2026_W30,backtest,lightgbm_pure,LightGBM,boosting,5,H=5,short,2026-W30,2026,2026-07-24,0.49242424242424243,0.017200929049912692,0.013317244319755964,-0.2542166817314009,0.503030303030303,0.5,0.48484848484848486,0.25,1.0031243140610429,NORMAL,True,transition,1.341640786499874,1,-0.24059946173667118,0.9160157030882856,0.5590581366274783,-0.3454834909907245,0.49242424242424243,0.516265286875974,0.027243201947628325,False,False,0.503030303030303,backtest_lightgbm_pure_h5.png,backtest_lightgbm_pure_h5.png,2026-08-25T18:05:41.786330,forward_lightgbm_pure_2026_W30.png,usdcop_forecast_zoo:lightgbm_pure:h5:2026-07-24,-0.0017266210510087706,CTR-FORECAST-OUTPUT-001
FF_lightgbm_pure_h10_2026_W30,forward_forecast,lightgbm_pure,LightGBM,boosting,10,H=10,medium,2026-W30,2026,2026-07-24,0.5145038167938931,0.0,0.0,0.0,0.47865853658536583,0.500763358778626,0.4817073170731707,0.250381679389313,1.0031243140610429,NORMAL,True,transition,1.341640786499874,1,-0.07206340728394318,0.9640768193749734,0.7421711563722898,-0.31011454770999414,0.5145038167938931,0.516265286875974,0.027243201947628325,False,True,0.5145038167938931,forward_lightgbm_pure_2026_W30.png,backtest_lightgbm_pure_h10.png,2026-08-25T18:05:41.786330,forward_lightgbm_pure_2026_W30.png,usdcop_forecast_zoo:lightgbm_pure:h10:2026-07-24,0.004835696069047915,CTR-FORECAST-OUTPUT-001
BT_lightgbm_pure_h10_2026_W30,backtest,lightgbm_pure,LightGBM,boosting,10,H=10,medium,2026-W30,2026,2026-07-24,0.5145038167938931,0.02399095563562274,0.018490560819280653,-0.18597440620914152,0.47865853658536583,0.500763358778626,0.4817073170731707,0.250381679389313,1.0031243140610429,NORMAL,True,transition,1.341640786499874,1,-0.07206340728394318,0.9640768193749734,0.7421711563722898,-0.31011454770999414,0.5145038167938931,0.516265286875974,0.027243201947628325,False,True,0.5145038167938931,backtest_lightgbm_pure_h10.png,backtest_lightgbm_pure_h10.png,2026-08-25T18:05:41.786330,forward_lightgbm_pure_2026_W30.png,usdcop_forecast_zoo:lightgbm_pure:h10:2026-07-24,0.004835696069047915,CTR-FORECAST-OUTPUT-001
FF_lightgbm_pure_h15_2026_W30,forward_forecast,lightgbm_pure,LightGBM,boosting,15,H=15,medium,2026-W30,2026,2026-07-24,0.49923664122137407,0.0,0.0,0.0,0.5,0.500763358778626,0.38414634146341464,0.250381679389313,1.0031243140610429,NORMAL,True,transition,1.341640786499874,1,-0.31371960169546825,0.823011635211683,0.9614281882963054,-0.8021533742268381,0.49923664122137407,0.516265286875974,0.027243201947628325,False,False,0.5236641221374045,forward_lightgbm_pure_2026_W30.png,backtest_lightgbm_pure_h15.png,2026-08-25T18:05:41.786330,forward_lightgbm_pure_2026_W30.png,usdcop_forecast_zoo:lightgbm_pure:h15:2026-07-24,0.006702394742635549,CTR-FORECAST-OUTPUT-001
BT_lightgbm_pure_h15_2026_W30,backtest,lightgbm_pure,LightGBM,boosting,15,H=15,medium,2026-W30,2026,2026-07-24,0.49923664122137407,0.03055635390298662,0.023528682742479358,-0.2695468506395815,0.5,0.500763358778626,0.38414634146341464,0.250381679389313,1.0031243140610429,NORMAL,True,transition,1.341640786499874,1,-0.31371960169546825,0.823011635211683,0.9614281882963054,-0.8021533742268381,0.49923664122137407,0.516265286875974,0.027243201947628325,False,False,0.5236641221374045,backtest_lightgbm_pure_h15.png,backtest_lightgbm_pure_h15.png,2026-08-25T18:05:41.786330,forward_lightgbm_pure_2026_W30.png,usdcop_forecast_zoo:lightgbm_pure:h15:2026-07-24,0.006702394742635549,CTR-FORECAST-OUTPUT-001
FF_lightgbm_pure_h20_2026_W30,forward_forecast,lightgbm_pure,LightGBM,boosting,20,H=20,medium,2026-W30,2026,2026-07-24,0.5046153846153846,0.0,0.0,0.0,0.46153846153846156,0.5,0.44785276073619634,0.25076923076923074,1.0031243140610429,NORMAL,True,transition,1.341640786499874,1,-0.19797107007617393,0.8673354235562272,0.9335307482353383,-0.757418249112928,0.5046153846153846,0.516265286875974,0.027243201947628325,False,False,0.5461538461538461,forward_lightgbm_pure_2026_W30.png,backtest_lightgbm_pure_h20.png,2026-08-25T18:05:41.786330,forward_lightgbm_pure_2026_W30.png,usdcop_forecast_zoo:lightgbm_pure:h20:2026-07-24,0.005430484071782198,CTR-FORECAST-OUTPUT-001
BT_lightgbm_pure_h20_2026_W30,backtest,lightgbm_pure,LightGBM,boosting,20,H=20,medium,2026-W30,2026,2026-07-24,0.5046153846153846,0.034724835307085,0.02629398449358348,-0.3220224779923071,0.46153846153846156,0.5,0.44785276073619634,0.25076923076923074,1.0031243140610429,NORMAL,True,transition,1.341640786499874,1,-0.19797107007617393,0.8673354235562272,0.9335307482353383,-0.757418249112928,0.5046153846153846,0.516265286875974,0.027243201947628325,False,False,0.5461538461538461,backtest_lightgbm_pure_h20.png,backtest_lightgbm_pure_h20.png,2026-08-25T18:05:41.786330,forward_lightgbm_pure_2026_W30.png,usdcop_forecast_zoo:lightgbm_pure:h20:2026-07-24,0.005430484071782198,CTR-FORECAST-OUTPUT-001
FF_lightgbm_pure_h25_2026_W30,forward_forecast,lightgbm_pure,LightGBM,boosting,25,H=25,long,2026-W30,2026,2026-07-24,0.5538461538461539,0.0,0.0,0.0,0.4461538461538462,0.5,0.3374233128834356,0.25076923076923074,1.0031243140610429,NORMAL,True,transition,1.341640786499874,1,-0.16738340524095693,0.872259287952739,0.9676788248574157,-0.7809150705027346,0.5538461538461539,0.516265286875974,0.027243201947628325,False,False,0.5553846153846154,forward_lightgbm_pure_2026_W30.png,backtest_lightgbm_pure_h25.png,2026-08-25T18:05:41.786330,forward_lightgbm_pure_2026_W30.png,usdcop_forecast_zoo:lightgbm_pure:h25:2026-07-24,0.005681524611942922,CTR-FORECAST-OUTPUT-001
BT_lightgbm_pure_h25_2026_W30,backtest,lightgbm_pure,LightGBM,boosting,25,H=25,long,2026-W30,2026,2026-07-24,0.5538461538461539,0.03652104556214578,0.027053592529206485,-0.2340864379789913,0.4461538461538462,0.5,0.3374233128834356,0.25076923076923074,1.0031243140610429,NORMAL,True,transition,1.341640786499874,1,-0.16738340524095693,0.872259287952739,0.9676788248574157,-0.7809150705027346,0.5538461538461539,0.516265286875974,0.027243201947628325,False,False,0.5553846153846154,backtest_lightgbm_pure_h25.png,backtest_lightgbm_pure_h25.png,2026-08-25T18:05:41.786330,forward_lightgbm_pure_2026_W30.png,usdcop_forecast_zoo:lightgbm_pure:h25:2026-07-24,0.005681524611942922,CTR-FORECAST-OUTPUT-001
FF_lightgbm_pure_h30_2026_W30,forward_forecast,lightgbm_pure,LightGBM,boosting,30,H=30,long,2026-W30,2026,2026-07-24,0.5492307692307692,0.0,0.0,0.0,0.4369230769230769,0.5,0.31901840490797545,0.25076923076923074,1.0031243140610429,NORMAL,True,transition,1.341640786499874,1,-0.13806809081342858,0.8824831335179801,0.9707167766754785,-0.791769059154737,0.5492307692307692,0.516265286875974,0.027243201947628325,False,False,0.5538461538461539,forward_lightgbm_pure_2026_W30.png,backtest_lightgbm_pure_h30.png,2026-08-25T18:05:41.786330,forward_lightgbm_pure_2026_W30.png,usdcop_forecast_zoo:lightgbm_pure:h30:2026-07-24,0.003828638322656342,CTR-FORECAST-OUTPUT-001
BT_lightgbm_pure_h30_2026_W30,backtest,lightgbm_pure,LightGBM,boosting,30,H=30,long,2026-W30,2026,2026-07-24,0.5492307692307692,0.03991351132689878,0.029563280767242933,-0.2551869374344835,0.4369230769230769,0.5,0.31901840490797545,0.25076923076923074,1.0031243140610429,NORMAL,True,transition,1.341640786499874,1,-0.13806809081342858,0.8824831335179801,0.9707167766754785,-0.791769059154737,0.5492307692307692,0.516265286875974,0.027243201947628325,False,False,0.5538461538461539,backtest_lightgbm_pure_h30.png,backtest_lightgbm_pure_h30.png,2026-08-25T18:05:41.786330,forward_lightgbm_pure_2026_W30.png,usdcop_forecast_zoo:lightgbm_pure:h30:2026-07-24,0.003828638322656342,CTR-FORECAST-OUTPUT-001
FF_catboost_pure_h1_2026_W30,forward_forecast,catboost_pure,CatBoost,boosting,1,H=1,short,2026-W30,2026,2026-07-24,0.5242424242424243,0.0,0.0,0.0,0.5303030303030303,0.5,0.5151515151515151,0.25,1.0031243140610429,NORMAL,True,transition,1.341640786499874,1,0.6188377657698871,1.109575918565966,0.18436292106581773,0.18542170100133148,0.5242424242424243,0.49717147991957156,0.029330211374610622,False,True,0.5242424242424243,forward_catboost_pure_2026_W30.png,backtest_catboost_pure_h1.png,2026-08-25T18:05:41.786330,forward_catboost_pure_2026_W30.png,usdcop_forecast_zoo:catboost_pure:h1:2026-07-24,-9.019872597878397e-05,CTR-FORECAST-OUTPUT-001
BT_catboost_pure_h1_2026_W30,backtest,catboost_pure,CatBoost,boosting,1,H=1,short,2026-W30,2026,2026-07-24,0.5242424242424243,0.008726906005047549,0.006465304112806255,-0.4317355597921604,0.5303030303030303,0.5,0.5151515151515151,0.25,1.0031243140610429,NORMAL,True,transition,1.341640786499874,1,0.6188377657698871,1.109575918565966,0.18436292106581773,0.18542170100133148,0.5242424242424243,0.49717147991957156,0.029330211374610622,False,True,0.5242424242424243,backtest_catboost_pure_h1.png,backtest_catboost_pure_h1.png,2026-08-25T18:05:41.786330,forward_catboost_pure_2026_W30.png,usdcop_forecast_zoo:catboost_pure:h1:2026-07-24,-9.019872597878397e-05,CTR-FORECAST-OUTPUT-001
FF_catboost_pure_h5_2026_W30,forward_forecast,catboost_pure,CatBoost,boosting,5,H=5,short,2026-W30,2026,2026-07-24,0.4818181818181818,0.0,0.0,0.0,0.49696969696969695,0.5,0.509090909090909,0.25,1.0031243140610429,NORMAL,True,transition,1.341640786499874,1,-0.258537983620483,0.9100433196783303,0.5590581366274783,-0.3620210669217173,0.4818181818181818,0.49717147991957156,0.029330211374610622,False,False,0.503030303030303,forward_catboost_pure_2026_W30.png,backtest_catboost_pure_h5.png,2026-08-25T18:05:41.786330,forward_catboost_pure_2026_W30.png,usdcop_forecast_zoo:catboost_pure:h5:2026-07-24,-0.0018926597989879206,CTR-FORECAST-OUTPUT-001
BT_catboost_pure_h5_2026_W30,backtest,catboost_pure,CatBoost,boosting,5,H=5,short,2026-W30,2026,2026-07-24,0.4818181818181818,0.020144631228760895,0.014334381134326026,-0.7202335237205943,0.49696969696969695,0.5,0.509090909090909,0.25,1.0031243140610429,NORMAL,True,transition,1.341640786499874,1,-0.258537983620483,0.9100433196783303,0.5590581366274783,-0.3620210669217173,0.4818181818181818,0.49717147991957156,0.029330211374610622,False,False,0.503030303030303,backtest_catboost_pure_h5.png,backtest_catboost_pure_h5.png,2026-08-25T18:05:41.786330,forward_catboost_pure_2026_W30.png,usdcop_forecast_zoo:catboost_pure:h5:2026-07-24,-0.0018926597989879206,CTR-FORECAST-OUTPUT-001
FF_catboost_pure_h10_2026_W30,forward_forecast,catboost_pure,CatBoost,boosting,10,H=10,medium,2026-W30,2026,2026-07-24,0.47022900763358777,0.0,0.0,0.0,0.46646341463414637,0.500763358778626,0.4024390243902439,0.250381679389313,1.0031243140610429,NORMAL,True,transition,1.341640786499874,1,-0.5705907717679524,0.7483930707704237,0.9214297685719958,-0.8356850775608506,0.47022900763358777,0.49717147991957156,0.029330211374610622,False,False,0.5145038167938931,forward_catboost_pure_2026_W30.png,backtest_catboost_pure_h10.png,2026-08-25T18:05:41.786330,forward_catboost_pure_2026_W30.png,usdcop_forecast_zoo:catboost_pure:h10:2026-07-24,-0.004157157787373744,CTR-FORECAST-OUTPUT-001
BT_catboost_pure_h10_2026_W30,backtest,catboost_pure,CatBoost,boosting,10,H=10,medium,2026-W30,2026,2026-07-24,0.47022900763358777,0.030527022252388517,0.020686757954612275,-0.9202116849062689,0.46646341463414637,0.500763358778626,0.4024390243902439,0.250381679389313,1.0031243140610429,NORMAL,True,transition,1.341640786499874,1,-0.5705907717679524,0.7483930707704237,0.9214297685719958,-0.8356850775608506,0.47022900763358777,0.49717147991957156,0.029330211374610622,False,False,0.5145038167938931,backtest_catboost_pure_h10.png,backtest_catboost_pure_h10.png,2026-08-25T18:05:41.786330,forward_catboost_pure_2026_W30.png,usdcop_forecast_zoo:catboost_pure:h10:2026-07-24,-0.004157157787373744,CTR-FORECAST-OUTPUT-001
FF_catboost_pure_h15_2026_W30,forward_forecast,catboost_pure,CatBoost,boosting,15,H=15,medium,2026-W30,2026,2026-07-24,0.4916030534351145,0.0,0.0,0.0,0.4603658536585366,0.500763358778626,0.42073170731707316,0.250381679389313,1.0031243140610429,NORMAL,True,transition,1.341640786499874,1,-0.3475185064946135,0.8059110082656928,0.9467026787173672,-0.8291877615101539,0.4916030534351145,0.49717147991957156,0.029330211374610622,False,False,0.5236641221374045,forward_catboost_pure_2026_W30.png,backtest_catboost_pure_h15.png,2026-08-25T18:05:41.786330,forward_catboost_pure_2026_W30.png,usdcop_forecast_zoo:catboost_pure:h15:2026-07-24,0.0068756809802693105,CTR-FORECAST-OUTPUT-001
BT_catboost_pure_h15_2026_W30,backtest,catboost_pure,CatBoost,boosting,15,H=15,medium,2026-W30,2026,2026-07-24,0.4916030534351145,0.034524167784095304,0.024533924468057477,-0.620660722315592,0.4603658536585366,0.500763358778626,0.42073170731707316,0.250381679389313,1.0031243140610429,NORMAL,True,transition,1.341640786499874,1,-0.3475185064946135,0.8059110082656928,0.9467026787173672,-0.8291877615101539,0.4916030534351145,0.49717147991957156,0.029330211374610622,False,False,0.5236641221374045,backtest_catboost_pure_h15.png,backtest_catboost_pure_h15.png,2026-08-25T18:05:41.786330,forward_catboost_pure_2026_W30.png,usdcop_forecast_zoo:catboost_pure:h15:2026-07-24,0.0068756809802693105,CTR-FORECAST-OUTPUT-001
FF_catboost_pure_h20_2026_W30,forward_forecast,catboost_pure,CatBoost,boosting,20,H=20,medium,2026-W30,2026,2026-07-24,0.5030769230769231,0.0,0.0,0.0,0.4646153846153846,0.5,0.4049079754601227,0.25076923076923074,1.0031243140610429,NORMAL,True,transition,1.341640786499874,1,-0.38531720955629567,0.757959117010861,0.959085241171473,-0.9143983799216208,0.5030769230769231,0.49717147991957156,0.029330211374610622,False,False,0.5461538461538461,forward_catboost_pure_2026_W30.png,backtest_catboost_pure_h20.png,2026-08-25T18:05:41.786330,forward_catboost_pure_2026_W30.png,usdcop_forecast_zoo:catboost_pure:h20:2026-07-24,0.0033549230906035994,CTR-FORECAST-OUTPUT-001
BT_catboost_pure_h20_2026_W30,backtest,catboost_pure,CatBoost,boosting,20,H=20,medium,2026-W30,2026,2026-07-24,0.5030769230769231,0.03560677769699839,0.026009758346917742,-0.39002879334965157,0.4646153846153846,0.5,0.4049079754601227,0.25076923076923074,1.0031243140610429,NORMAL,True,transition,1.341640786499874,1,-0.38531720955629567,0.757959117010861,0.959085241171473,-0.9143983799216208,0.5030769230769231,0.49717147991957156,0.029330211374610622,False,False,0.5461538461538461,backtest_catboost_pure_h20.png,backtest_catboost_pure_h20.png,2026-08-25T18:05:41.786330,forward_catboost_pure_2026_W30.png,usdcop_forecast_zoo:catboost_pure:h20:2026-07-24,0.0033549230906035994,CTR-FORECAST-OUTPUT-001
FF_catboost_pure_h25_2026_W30,forward_forecast,catboost_pure,CatBoost,boosting,25,H=25,long,2026-W30,2026,2026-07-24,0.48,0.0,0.0,0.0,0.4276923076923077,0.5,0.3496932515337423,0.25076923076923074,1.0031243140610429,NORMAL,True,transition,1.341640786499874,1,-0.5188343138807188,0.6542510458034608,0.9941630212454449,-0.9794315935576915,0.48,0.49717147991957156,0.029330211374610622,False,False,0.5553846153846154,forward_catboost_pure_2026_W30.png,backtest_catboost_pure_h25.png,2026-08-25T18:05:41.786330,forward_catboost_pure_2026_W30.png,usdcop_forecast_zoo:catboost_pure:h25:2026-07-24,0.0003553511352386396,CTR-FORECAST-OUTPUT-001
BT_catboost_pure_h25_2026_W30,backtest,catboost_pure,CatBoost,boosting,25,H=25,long,2026-W30,2026,2026-07-24,0.48,0.03625014776145431,0.027263848597824176,-0.2158464666822386,0.4276923076923077,0.5,0.3496932515337423,0.25076923076923074,1.0031243140610429,NORMAL,True,transition,1.341640786499874,1,-0.5188343138807188,0.6542510458034608,0.9941630212454449,-0.9794315935576915,0.48,0.49717147991957156,0.029330211374610622,False,False,0.5553846153846154,backtest_catboost_pure_h25.png,backtest_catboost_pure_h25.png,2026-08-25T18:05:41.786330,forward_catboost_pure_2026_W30.png,usdcop_forecast_zoo:catboost_pure:h25:2026-07-24,0.0003553511352386396,CTR-FORECAST-OUTPUT-001
FF_catboost_pure_h30_2026_W30,forward_forecast,catboost_pure,CatBoost,boosting,30,H=30,long,2026-W30,2026,2026-07-24,0.5292307692307693,0.0,0.0,0.0,0.40307692307692305,0.5,0.2085889570552147,0.25076923076923074,1.0031243140610429,NORMAL,True,transition,1.341640786499874,1,-0.24692329190124188,0.7995842702312709,0.9911424454434039,-0.9139090179289519,0.5292307692307693,0.49717147991957156,0.029330211374610622,False,False,0.5538461538461539,forward_catboost_pure_2026_W30.png,backtest_catboost_pure_h30.png,2026-08-25T18:05:41.786330,forward_catboost_pure_2026_W30.png,usdcop_forecast_zoo:catboost_pure:h30:2026-07-24,0.005342016135256507,CTR-FORECAST-OUTPUT-001
BT_catboost_pure_h30_2026_W30,backtest,catboost_pure,CatBoost,boosting,30,H=30,long,2026-W30,2026,2026-07-24,0.5292307692307693,0.039531826893529395,0.029568929333599888,-0.23129554809945563,0.40307692307692305,0.5,0.2085889570552147,0.25076923076923074,1.0031243140610429,NORMAL,True,transition,1.341640786499874,1,-0.24692329190124188,0.7995842702312709,0.9911424454434039,-0.9139090179289519,0.5292307692307693,0.49717147991957156,0.029330211374610622,False,False,0.5538461538461539,backtest_catboost_pure_h30.png,backtest_catboost_pure_h30.png,2026-08-25T18:05:41.786330,forward_catboost_pure_2026_W30.png,usdcop_forecast_zoo:catboost_pure:h30:2026-07-24,0.005342016135256507,CTR-FORECAST-OUTPUT-001
FF_hybrid_xgboost_h1_2026_W30,forward_forecast,hybrid_xgboost,Hybrid XGBoost,hybrid,1,H=1,short,2026-W30,2026,2026-07-24,0.503030303030303,0.0,0.0,0.0,0.5151515151515151,0.5,0.49696969696969695,0.25,1.0031243140610429,NORMAL,True,transition,1.341640786499874,1,0.03160171938343115,1.0053231304694106,0.1567180519054943,-0.007958298092163196,0.503030303030303,0.49957556438472467,0.028274144556180016,False,False,0.5242424242424243,forward_hybrid_xgboost_2026_W30.png,backtest_hybrid_xgboost_h1.png,2026-08-25T18:05:41.786330,forward_hybrid_xgboost_2026_W30.png,usdcop_forecast_zoo:hybrid_xgboost:h1:2026-07-24,0.0011281789409799763,CTR-FORECAST-OUTPUT-001
BT_hybrid_xgboost_h1_2026_W30,backtest,hybrid_xgboost,Hybrid XGBoost,hybrid,1,H=1,short,2026-W30,2026,2026-07-24,0.503030303030303,0.007658656511117187,0.005787026133536448,-0.10267467131927233,0.5151515151515151,0.5,0.49696969696969695,0.25,1.0031243140610429,NORMAL,True,transition,1.341640786499874,1,0.03160171938343115,1.0053231304694106,0.1567180519054943,-0.007958298092163196,0.503030303030303,0.49957556438472467,0.028274144556180016,False,False,0.5242424242424243,backtest_hybrid_xgboost_h1.png,backtest_hybrid_xgboost_h1.png,2026-08-25T18:05:41.786330,forward_hybrid_xgboost_2026_W30.png,usdcop_forecast_zoo:hybrid_xgboost:h1:2026-07-24,0.0011281789409799763,CTR-FORECAST-OUTPUT-001
FF_hybrid_xgboost_h5_2026_W30,forward_forecast,hybrid_xgboost,Hybrid XGBoost,hybrid,5,H=5,short,2026-W30,2026,2026-07-24,0.4984848484848485,0.0,0.0,0.0,0.48484848484848486,0.5,0.503030303030303,0.25,1.0031243140610429,NORMAL,True,transition,1.341640786499874,1,-0.21974159706081184,0.9230091136081952,0.6392544396016665,-0.3257047038614068,0.4984848484848485,0.49957556438472467,0.028274144556180016,False,False,0.503030303030303,forward_hybrid_xgboost_2026_W30.png,backtest_hybrid_xgboost_h5.png,2026-08-25T18:05:41.786330,forward_hybrid_xgboost_2026_W30.png,usdcop_forecast_zoo:hybrid_xgboost:h5:2026-07-24,0.0032671357560543563,CTR-FORECAST-OUTPUT-001
BT_hybrid_xgboost_h5_2026_W30,backtest,hybrid_xgboost,Hybrid XGBoost,hybrid,5,H=5,short,2026-W30,2026,2026-07-24,0.4984848484848485,0.017313104556534436,0.01325389362662145,-0.2706287200059596,0.48484848484848486,0.5,0.503030303030303,0.25,1.0031243140610429,NORMAL,True,transition,1.341640786499874,1,-0.21974159706081184,0.9230091136081952,0.6392544396016665,-0.3257047038614068,0.4984848484848485,0.49957556438472467,0.028274144556180016,False,False,0.503030303030303,backtest_hybrid_xgboost_h5.png,backtest_hybrid_xgboost_h5.png,2026-08-25T18:05:41.786330,forward_hybrid_xgboost_2026_W30.png,usdcop_forecast_zoo:hybrid_xgboost:h5:2026-07-24,0.0032671357560543563,CTR-FORECAST-OUTPUT-001
FF_hybrid_xgboost_h10_2026_W30,forward_forecast,hybrid_xgboost,Hybrid XGBoost,hybrid,10,H=10,medium,2026-W30,2026,2026-07-24,0.48854961832061067,0.0,0.0,0.0,0.49085365853658536,0.500763358778626,0.4329268292682927,0.250381679389313,1.0031243140610429,NORMAL,True,transition,1.341640786499874,1,-0.19148786404720264,0.9073587978006824,0.8504834960291584,-0.5115998491662408,0.48854961832061067,0.49957556438472467,0.028274144556180016,False,False,0.5145038167938931,forward_hybrid_xgboost_2026_W30.png,backtest_hybrid_xgboost_h10.png,2026-08-25T18:05:41.786330,forward_hybrid_xgboost_2026_W30.png,usdcop_forecast_zoo:hybrid_xgboost:h10:2026-07-24,0.008323929129748955,CTR-FORECAST-OUTPUT-001
BT_hybrid_xgboost_h10_2026_W30,backtest,hybrid_xgboost,Hybrid XGBoost,hybrid,10,H=10,medium,2026-W30,2026,2026-07-24,0.48854961832061067,0.024795660342688392,0.019017651527120604,-0.266868619950021,0.49085365853658536,0.500763358778626,0.4329268292682927,0.250381679389313,1.0031243140610429,NORMAL,True,transition,1.341640786499874,1,-0.19148786404720264,0.9073587978006824,0.8504834960291584,-0.5115998491662408,0.48854961832061067,0.49957556438472467,0.028274144556180016,False,False,0.5145038167938931,backtest_hybrid_xgboost_h10.png,backtest_hybrid_xgboost_h10.png,2026-08-25T18:05:41.786330,forward_hybrid_xgboost_2026_W30.png,usdcop_forecast_zoo:hybrid_xgboost:h10:2026-07-24,0.008323929129748955,CTR-FORECAST-OUTPUT-001
FF_hybrid_xgboost_h15_2026_W30,forward_forecast,hybrid_xgboost,Hybrid XGBoost,hybrid,15,H=15,medium,2026-W30,2026,2026-07-24,0.4946564885496183,0.0,0.0,0.0,0.524390243902439,0.500763358778626,0.4817073170731707,0.250381679389313,1.0031243140610429,NORMAL,True,transition,1.341640786499874,1,-0.258912488490286,0.8515102712391602,0.9398123657194961,-0.7487721390994775,0.4946564885496183,0.49957556438472467,0.028274144556180016,False,False,0.5236641221374045,forward_hybrid_xgboost_2026_W30.png,backtest_hybrid_xgboost_h15.png,2026-08-25T18:05:41.786330,forward_hybrid_xgboost_2026_W30.png,usdcop_forecast_zoo:hybrid_xgboost:h15:2026-07-24,0.014021647186098336,CTR-FORECAST-OUTPUT-001
BT_hybrid_xgboost_h15_2026_W30,backtest,hybrid_xgboost,Hybrid XGBoost,hybrid,15,H=15,medium,2026-W30,2026,2026-07-24,0.4946564885496183,0.03191668445428973,0.023848943177975087,-0.38510025630914924,0.524390243902439,0.500763358778626,0.4817073170731707,0.250381679389313,1.0031243140610429,NORMAL,True,transition,1.341640786499874,1,-0.258912488490286,0.8515102712391602,0.9398123657194961,-0.7487721390994775,0.4946564885496183,0.49957556438472467,0.028274144556180016,False,False,0.5236641221374045,backtest_hybrid_xgboost_h15.png,backtest_hybrid_xgboost_h15.png,2026-08-25T18:05:41.786330,forward_hybrid_xgboost_2026_W30.png,usdcop_forecast_zoo:hybrid_xgboost:h15:2026-07-24,0.014021647186098336,CTR-FORECAST-OUTPUT-001
FF_hybrid_xgboost_h20_2026_W30,forward_forecast,hybrid_xgboost,Hybrid XGBoost,hybrid,20,H=20,medium,2026-W30,2026,2026-07-24,0.5015384615384615,0.0,0.0,0.0,0.5292307692307693,0.5,0.5398773006134969,0.25076923076923074,1.0031243140610429,NORMAL,True,transition,1.341640786499874,1,-0.19210243762867113,0.8710035583192511,0.9370221346806087,-0.7493071149127659,0.5015384615384615,0.49957556438472467,0.028274144556180016,False,False,0.5461538461538461,forward_hybrid_xgboost_2026_W30.png,backtest_hybrid_xgboost_h20.png,2026-08-25T18:05:41.786330,forward_hybrid_xgboost_2026_W30.png,usdcop_forecast_zoo:hybrid_xgboost:h20:2026-07-24,0.013572688534674502,CTR-FORECAST-OUTPUT-001
BT_hybrid_xgboost_h20_2026_W30,backtest,hybrid_xgboost,Hybrid XGBoost,hybrid,20,H=20,medium,2026-W30,2026,2026-07-24,0.5015384615384615,0.03618436652134105,0.026369278779984684,-0.43549074826256606,0.5292307692307693,0.5,0.5398773006134969,0.25076923076923074,1.0031243140610429,NORMAL,True,transition,1.341640786499874,1,-0.19210243762867113,0.8710035583192511,0.9370221346806087,-0.7493071149127659,0.5015384615384615,0.49957556438472467,0.028274144556180016,False,False,0.5461538461538461,backtest_hybrid_xgboost_h20.png,backtest_hybrid_xgboost_h20.png,2026-08-25T18:05:41.786330,forward_hybrid_xgboost_2026_W30.png,usdcop_forecast_zoo:hybrid_xgboost:h20:2026-07-24,0.013572688534674502,CTR-FORECAST-OUTPUT-001
FF_hybrid_xgboost_h25_2026_W30,forward_forecast,hybrid_xgboost,Hybrid XGBoost,hybrid,25,H=25,long,2026-W30,2026,2026-07-24,0.4907692307692308,0.0,0.0,0.0,0.5507692307692308,0.5,0.5644171779141104,0.25076923076923074,1.0031243140610429,NORMAL,True,transition,1.341640786499874,1,-0.17194017878410178,0.8690188550921717,0.9409465097879213,-0.7870432498691117,0.4907692307692308,0.49957556438472467,0.028274144556180016,False,False,0.5553846153846154,forward_hybrid_xgboost_2026_W30.png,backtest_hybrid_xgboost_h25.png,2026-08-25T18:05:41.786330,forward_hybrid_xgboost_2026_W30.png,usdcop_forecast_zoo:hybrid_xgboost:h25:2026-07-24,0.013070751392195953,CTR-FORECAST-OUTPUT-001
BT_hybrid_xgboost_h25_2026_W30,backtest,hybrid_xgboost,Hybrid XGBoost,hybrid,25,H=25,long,2026-W30,2026,2026-07-24,0.4907692307692308,0.03816847856181549,0.027662607453704954,-0.34793475845802324,0.5507692307692308,0.5,0.5644171779141104,0.25076923076923074,1.0031243140610429,NORMAL,True,transition,1.341640786499874,1,-0.17194017878410178,0.8690188550921717,0.9409465097879213,-0.7870432498691117,0.4907692307692308,0.49957556438472467,0.028274144556180016,False,False,0.5553846153846154,backtest_hybrid_xgboost_h25.png,backtest_hybrid_xgboost_h25.png,2026-08-25T18:05:41.786330,forward_hybrid_xgboost_2026_W30.png,usdcop_forecast_zoo:hybrid_xgboost:h25:2026-07-24,0.013070751392195953,CTR-FORECAST-OUTPUT-001
FF_hybrid_xgboost_h30_2026_W30,forward_forecast,hybrid_xgboost,Hybrid XGBoost,hybrid,30,H=30,long,2026-W30,2026,2026-07-24,0.52,0.0,0.0,0.0,0.563076923076923,0.5,0.6196319018404908,0.25076923076923074,1.0031243140610429,NORMAL,True,transition,1.341640786499874,1,-0.07948232705391388,0.9305678807596324,0.963285089508006,-0.6634095566028725,0.52,0.49957556438472467,0.028274144556180016,False,False,0.5538461538461539,forward_hybrid_xgboost_2026_W30.png,backtest_hybrid_xgboost_h30.png,2026-08-25T18:05:41.786330,forward_hybrid_xgboost_2026_W30.png,usdcop_forecast_zoo:hybrid_xgboost:h30:2026-07-24,0.014779378724476792,CTR-FORECAST-OUTPUT-001
BT_hybrid_xgboost_h30_2026_W30,backtest,hybrid_xgboost,Hybrid XGBoost,hybrid,30,H=30,long,2026-W30,2026,2026-07-24,0.52,0.04188206094547382,0.0306448003164593,-0.3820527777684606,0.563076923076923,0.5,0.6196319018404908,0.25076923076923074,1.0031243140610429,NORMAL,True,transition,1.341640786499874,1,-0.07948232705391388,0.9305678807596324,0.963285089508006,-0.6634095566028725,0.52,0.49957556438472467,0.028274144556180016,False,False,0.5538461538461539,backtest_hybrid_xgboost_h30.png,backtest_hybrid_xgboost_h30.png,2026-08-25T18:05:41.786330,forward_hybrid_xgboost_2026_W30.png,usdcop_forecast_zoo:hybrid_xgboost:h30:2026-07-24,0.014779378724476792,CTR-FORECAST-OUTPUT-001
FF_hybrid_lightgbm_h1_2026_W30,forward_forecast,hybrid_lightgbm,Hybrid LightGBM,hybrid,1,H=1,short,2026-W30,2026,2026-07-24,0.5060606060606061,0.0,0.0,0.0,0.4909090909090909,0.5,0.4909090909090909,0.25,1.0031243140610429,NORMAL,True,transition,1.341640786499874,1,0.21129365680743709,1.0361349490428946,0.12845153650923272,0.047641739866043364,0.5060606060606061,0.4991609408403302,0.028398247929285608,False,False,0.5242424242424243,forward_hybrid_lightgbm_2026_W30.png,backtest_hybrid_lightgbm_h1.png,2026-08-25T18:05:41.786330,forward_hybrid_lightgbm_2026_W30.png,usdcop_forecast_zoo:hybrid_lightgbm:h1:2026-07-24,0.001055621150410569,CTR-FORECAST-OUTPUT-001
BT_hybrid_lightgbm_h1_2026_W30,backtest,hybrid_lightgbm,Hybrid LightGBM,hybrid,1,H=1,short,2026-W30,2026,2026-07-24,0.5060606060606061,0.0076360457649638945,0.005759961372046022,-0.09617340230883653,0.4909090909090909,0.5,0.4909090909090909,0.25,1.0031243140610429,NORMAL,True,transition,1.341640786499874,1,0.21129365680743709,1.0361349490428946,0.12845153650923272,0.047641739866043364,0.5060606060606061,0.4991609408403302,0.028398247929285608,False,False,0.5242424242424243,backtest_hybrid_lightgbm_h1.png,backtest_hybrid_lightgbm_h1.png,2026-08-25T18:05:41.786330,forward_hybrid_lightgbm_2026_W30.png,usdcop_forecast_zoo:hybrid_lightgbm:h1:2026-07-24,0.001055621150410569,CTR-FORECAST-OUTPUT-001
FF_hybrid_lightgbm_h5_2026_W30,forward_forecast,hybrid_lightgbm,Hybrid LightGBM,hybrid,5,H=5,short,2026-W30,2026,2026-07-24,0.4818181818181818,0.0,0.0,0.0,0.49696969696969695,0.5,0.49696969696969695,0.25,1.0031243140610429,NORMAL,True,transition,1.341640786499874,1,-0.34299648248261766,0.8824403602007983,0.6189011372327015,-0.4347937224838849,0.4818181818181818,0.4991609408403302,0.028398247929285608,False,False,0.503030303030303,forward_hybrid_lightgbm_2026_W30.png,backtest_hybrid_lightgbm_h5.png,2026-08-25T18:05:41.786330,forward_hybrid_lightgbm_2026_W30.png,usdcop_forecast_zoo:hybrid_lightgbm:h5:2026-07-24,0.003125003458529015,CTR-FORECAST-OUTPUT-001
BT_hybrid_lightgbm_h5_2026_W30,backtest,hybrid_lightgbm,Hybrid LightGBM,hybrid,5,H=5,short,2026-W30,2026,2026-07-24,0.4818181818181818,0.017284147314438728,0.013271338837819027,-0.26638186372490935,0.49696969696969695,0.5,0.49696969696969695,0.25,1.0031243140610429,NORMAL,True,transition,1.341640786499874,1,-0.34299648248261766,0.8824403602007983,0.6189011372327015,-0.4347937224838849,0.4818181818181818,0.4991609408403302,0.028398247929285608,False,False,0.503030303030303,backtest_hybrid_lightgbm_h5.png,backtest_hybrid_lightgbm_h5.png,2026-08-25T18:05:41.786330,forward_hybrid_lightgbm_2026_W30.png,usdcop_forecast_zoo:hybrid_lightgbm:h5:2026-07-24,0.003125003458529015,CTR-FORECAST-OUTPUT-001
FF_hybrid_lightgbm_h10_2026_W30,forward_forecast,hybrid_lightgbm,Hybrid LightGBM,hybrid,10,H=10,medium,2026-W30,2026,2026-07-24,0.4870229007633588,0.0,0.0,0.0,0.47865853658536583,0.500763358778626,0.4268292682926829,0.250381679389313,1.0031243140610429,NORMAL,True,transition,1.341640786499874,1,-0.20199374218203606,0.9025314034020036,0.8702472710409589,-0.5262378466148552,0.4870229007633588,0.4991609408403302,0.028398247929285608,False,False,0.5145038167938931,forward_hybrid_lightgbm_2026_W30.png,backtest_hybrid_lightgbm_h10.png,2026-08-25T18:05:41.786330,forward_hybrid_lightgbm_2026_W30.png,usdcop_forecast_zoo:hybrid_lightgbm:h10:2026-07-24,0.0071945253636461265,CTR-FORECAST-OUTPUT-001
BT_hybrid_lightgbm_h10_2026_W30,backtest,hybrid_lightgbm,Hybrid LightGBM,hybrid,10,H=10,medium,2026-W30,2026,2026-07-24,0.4870229007633588,0.024740950338044868,0.01900401369452122,-0.2612842618243063,0.47865853658536583,0.500763358778626,0.4268292682926829,0.250381679389313,1.0031243140610429,NORMAL,True,transition,1.341640786499874,1,-0.20199374218203606,0.9025314034020036,0.8702472710409589,-0.5262378466148552,0.4870229007633588,0.4991609408403302,0.028398247929285608,False,False,0.5145038167938931,backtest_hybrid_lightgbm_h10.png,backtest_hybrid_lightgbm_h10.png,2026-08-25T18:05:41.786330,forward_hybrid_lightgbm_2026_W30.png,usdcop_forecast_zoo:hybrid_lightgbm:h10:2026-07-24,0.0071945253636461265,CTR-FORECAST-OUTPUT-001
FF_hybrid_lightgbm_h15_2026_W30,forward_forecast,hybrid_lightgbm,Hybrid LightGBM,hybrid,15,H=15,medium,2026-W30,2026,2026-07-24,0.500763358778626,0.0,0.0,0.0,0.5182926829268293,0.500763358778626,0.47560975609756095,0.250381679389313,1.0031243140610429,NORMAL,True,transition,1.341640786499874,1,-0.2589854844038638,0.8514716702150343,0.9501146652577056,-0.7488387323731672,0.500763358778626,0.4991609408403302,0.028398247929285608,False,False,0.5236641221374045,forward_hybrid_lightgbm_2026_W30.png,backtest_hybrid_lightgbm_h15.png,2026-08-25T18:05:41.786330,forward_hybrid_lightgbm_2026_W30.png,usdcop_forecast_zoo:hybrid_lightgbm:h15:2026-07-24,0.010020662689469642,CTR-FORECAST-OUTPUT-001
BT_hybrid_lightgbm_h15_2026_W30,backtest,hybrid_lightgbm,Hybrid LightGBM,hybrid,15,H=15,medium,2026-W30,2026,2026-07-24,0.500763358778626,0.032034189539071445,0.02421063346109902,-0.39531785436202926,0.5182926829268293,0.500763358778626,0.47560975609756095,0.250381679389313,1.0031243140610429,NORMAL,True,transition,1.341640786499874,1,-0.2589854844038638,0.8514716702150343,0.9501146652577056,-0.7488387323731672,0.500763358778626,0.4991609408403302,0.028398247929285608,False,False,0.5236641221374045,backtest_hybrid_lightgbm_h15.png,backtest_hybrid_lightgbm_h15.png,2026-08-25T18:05:41.786330,forward_hybrid_lightgbm_2026_W30.png,usdcop_forecast_zoo:hybrid_lightgbm:h15:2026-07-24,0.010020662689469642,CTR-FORECAST-OUTPUT-001
FF_hybrid_lightgbm_h20_2026_W30,forward_forecast,hybrid_lightgbm,Hybrid LightGBM,hybrid,20,H=20,medium,2026-W30,2026,2026-07-24,0.4815384615384615,0.0,0.0,0.0,0.5076923076923077,0.5,0.5766871165644172,0.25076923076923074,1.0031243140610429,NORMAL,True,transition,1.341640786499874,1,-0.31948346610683154,0.794740452573068,0.9596622184037257,-0.8766315991349685,0.4815384615384615,0.4991609408403302,0.028398247929285608,False,False,0.5461538461538461,forward_hybrid_lightgbm_2026_W30.png,backtest_hybrid_lightgbm_h20.png,2026-08-25T18:05:41.786330,forward_hybrid_lightgbm_2026_W30.png,usdcop_forecast_zoo:hybrid_lightgbm:h20:2026-07-24,0.012161358864670535,CTR-FORECAST-OUTPUT-001
BT_hybrid_lightgbm_h20_2026_W30,backtest,hybrid_lightgbm,Hybrid LightGBM,hybrid,20,H=20,medium,2026-W30,2026,2026-07-24,0.4815384615384615,0.0363685861863344,0.02693768407620718,-0.4501445236381405,0.5076923076923077,0.5,0.5766871165644172,0.25076923076923074,1.0031243140610429,NORMAL,True,transition,1.341640786499874,1,-0.31948346610683154,0.794740452573068,0.9596622184037257,-0.8766315991349685,0.4815384615384615,0.4991609408403302,0.028398247929285608,False,False,0.5461538461538461,backtest_hybrid_lightgbm_h20.png,backtest_hybrid_lightgbm_h20.png,2026-08-25T18:05:41.786330,forward_hybrid_lightgbm_2026_W30.png,usdcop_forecast_zoo:hybrid_lightgbm:h20:2026-07-24,0.012161358864670535,CTR-FORECAST-OUTPUT-001
FF_hybrid_lightgbm_h25_2026_W30,forward_forecast,hybrid_lightgbm,Hybrid LightGBM,hybrid,25,H=25,long,2026-W30,2026,2026-07-24,0.5153846153846153,0.0,0.0,0.0,0.5476923076923077,0.5,0.5766871165644172,0.25076923076923074,1.0031243140610429,NORMAL,True,transition,1.341640786499874,1,-0.0649333134549846,0.9483700320777151,0.9409465097879212,-0.5571021010082938,0.5153846153846153,0.4991609408403302,0.028398247929285608,False,False,0.5553846153846154,forward_hybrid_lightgbm_2026_W30.png,backtest_hybrid_lightgbm_h25.png,2026-08-25T18:05:41.786330,forward_hybrid_lightgbm_2026_W30.png,usdcop_forecast_zoo:hybrid_lightgbm:h25:2026-07-24,0.014355688872195498,CTR-FORECAST-OUTPUT-001
BT_hybrid_lightgbm_h25_2026_W30,backtest,hybrid_lightgbm,Hybrid LightGBM,hybrid,25,H=25,long,2026-W30,2026,2026-07-24,0.5153846153846153,0.038537306471210994,0.027811664149333733,-0.3741112279026608,0.5476923076923077,0.5,0.5766871165644172,0.25076923076923074,1.0031243140610429,NORMAL,True,transition,1.341640786499874,1,-0.0649333134549846,0.9483700320777151,0.9409465097879212,-0.5571021010082938,0.5153846153846153,0.4991609408403302,0.028398247929285608,False,False,0.5553846153846154,backtest_hybrid_lightgbm_h25.png,backtest_hybrid_lightgbm_h25.png,2026-08-25T18:05:41.786330,forward_hybrid_lightgbm_2026_W30.png,usdcop_forecast_zoo:hybrid_lightgbm:h25:2026-07-24,0.014355688872195498,CTR-FORECAST-OUTPUT-001
FF_hybrid_lightgbm_h30_2026_W30,forward_forecast,hybrid_lightgbm,Hybrid LightGBM,hybrid,30,H=30,long,2026-W30,2026,2026-07-24,0.5215384615384615,0.0,0.0,0.0,0.556923076923077,0.5,0.588957055214724,0.25076923076923074,1.0031243140610429,NORMAL,True,transition,1.341640786499874,1,-0.06884147366187642,0.9395769400647342,0.963285089508006,-0.6328703000104122,0.5215384615384615,0.4991609408403302,0.028398247929285608,False,False,0.5538461538461539,forward_hybrid_lightgbm_2026_W30.png,backtest_hybrid_lightgbm_h30.png,2026-08-25T18:05:41.786330,forward_hybrid_lightgbm_2026_W30.png,usdcop_forecast_zoo:hybrid_lightgbm:h30:2026-07-24,0.015518016290328349,CTR-FORECAST-OUTPUT-001
BT_hybrid_lightgbm_h30_2026_W30,backtest,hybrid_lightgbm,Hybrid LightGBM,hybrid,30,H=30,long,2026-W30,2026,2026-07-24,0.5215384615384615,0.04218650989093494,0.030856578791781435,-0.40221863452230755,0.556923076923077,0.5,0.588957055214724,0.25076923076923074,1.0031243140610429,NORMAL,True,transition,1.341640786499874,1,-0.06884147366187642,0.9395769400647342,0.963285089508006,-0.6328703000104122,0.5215384615384615,0.4991609408403302,0.028398247929285608,False,False,0.5538461538461539,backtest_hybrid_lightgbm_h30.png,backtest_hybrid_lightgbm_h30.png,2026-08-25T18:05:41.786330,forward_hybrid_lightgbm_2026_W30.png,usdcop_forecast_zoo:hybrid_lightgbm:h30:2026-07-24,0.015518016290328349,CTR-FORECAST-OUTPUT-001
FF_hybrid_catboost_h1_2026_W30,forward_forecast,hybrid_catboost,Hybrid CatBoost,hybrid,1,H=1,short,2026-W30,2026,2026-07-24,0.5181818181818182,0.0,0.0,0.0,0.5363636363636364,0.5,0.5272727272727272,0.25,1.0031243140610429,NORMAL,True,transition,1.341640786499874,1,0.05359156225911064,1.0090439107419533,0.1645513536314794,-0.0013290980104523342,0.5181818181818182,0.5039260739260739,0.02931307607394639,False,False,0.5242424242424243,forward_hybrid_catboost_2026_W30.png,backtest_hybrid_catboost_h1.png,2026-08-25T18:05:41.786330,forward_hybrid_catboost_2026_W30.png,usdcop_forecast_zoo:hybrid_catboost:h1:2026-07-24,0.000968749968529303,CTR-FORECAST-OUTPUT-001
BT_hybrid_catboost_h1_2026_W30,backtest,hybrid_catboost,Hybrid CatBoost,hybrid,1,H=1,short,2026-W30,2026,2026-07-24,0.5181818181818182,0.00814715025918598,0.0060804748290603245,-0.24782495636578528,0.5363636363636364,0.5,0.5272727272727272,0.25,1.0031243140610429,NORMAL,True,transition,1.341640786499874,1,0.05359156225911064,1.0090439107419533,0.1645513536314794,-0.0013290980104523342,0.5181818181818182,0.5039260739260739,0.02931307607394639,False,False,0.5242424242424243,backtest_hybrid_catboost_h1.png,backtest_hybrid_catboost_h1.png,2026-08-25T18:05:41.786330,forward_hybrid_catboost_2026_W30.png,usdcop_forecast_zoo:hybrid_catboost:h1:2026-07-24,0.000968749968529303,CTR-FORECAST-OUTPUT-001
FF_hybrid_catboost_h5_2026_W30,forward_forecast,hybrid_catboost,Hybrid CatBoost,hybrid,5,H=5,short,2026-W30,2026,2026-07-24,0.4954545454545455,0.0,0.0,0.0,0.47575757575757577,0.5,0.45454545454545453,0.25,1.0031243140610429,NORMAL,True,transition,1.341640786499874,1,-0.08813921540548382,0.9683773892932834,0.5590581366274785,-0.18548552639181592,0.4954545454545455,0.5039260739260739,0.02931307607394639,False,False,0.503030303030303,forward_hybrid_catboost_2026_W30.png,backtest_hybrid_catboost_h5.png,2026-08-25T18:05:41.786330,forward_hybrid_catboost_2026_W30.png,usdcop_forecast_zoo:hybrid_catboost:h5:2026-07-24,0.0018669205665230392,CTR-FORECAST-OUTPUT-001
BT_hybrid_catboost_h5_2026_W30,backtest,hybrid_catboost,Hybrid CatBoost,hybrid,5,H=5,short,2026-W30,2026,2026-07-24,0.4954545454545455,0.018497642913868885,0.013763191240834586,-0.4504459396894174,0.47575757575757577,0.5,0.45454545454545453,0.25,1.0031243140610429,NORMAL,True,transition,1.341640786499874,1,-0.08813921540548382,0.9683773892932834,0.5590581366274785,-0.18548552639181592,0.4954545454545455,0.5039260739260739,0.02931307607394639,False,False,0.503030303030303,backtest_hybrid_catboost_h5.png,backtest_hybrid_catboost_h5.png,2026-08-25T18:05:41.786330,forward_hybrid_catboost_2026_W30.png,usdcop_forecast_zoo:hybrid_catboost:h5:2026-07-24,0.0018669205665230392,CTR-FORECAST-OUTPUT-001
FF_hybrid_catboost_h10_2026_W30,forward_forecast,hybrid_catboost,Hybrid CatBoost,hybrid,10,H=10,medium,2026-W30,2026,2026-07-24,0.49312977099236643,0.0,0.0,0.0,0.4725609756097561,0.500763358778626,0.40853658536585363,0.250381679389313,1.0031243140610429,NORMAL,True,transition,1.341640786499874,1,-0.18629506149057887,0.9097543532075621,0.8740463838509521,-0.5041870921383674,0.49312977099236643,0.5039260739260739,0.02931307607394639,False,False,0.5145038167938931,forward_hybrid_catboost_2026_W30.png,backtest_hybrid_catboost_h10.png,2026-08-25T18:05:41.786330,forward_hybrid_catboost_2026_W30.png,usdcop_forecast_zoo:hybrid_catboost:h10:2026-07-24,0.0028065993563907766,CTR-FORECAST-OUTPUT-001
BT_hybrid_catboost_h10_2026_W30,backtest,hybrid_catboost,Hybrid CatBoost,hybrid,10,H=10,medium,2026-W30,2026,2026-07-24,0.49312977099236643,0.027606849571877336,0.02013225016071835,-0.570413135632122,0.4725609756097561,0.500763358778626,0.40853658536585363,0.250381679389313,1.0031243140610429,NORMAL,True,transition,1.341640786499874,1,-0.18629506149057887,0.9097543532075621,0.8740463838509521,-0.5041870921383674,0.49312977099236643,0.5039260739260739,0.02931307607394639,False,False,0.5145038167938931,backtest_hybrid_catboost_h10.png,backtest_hybrid_catboost_h10.png,2026-08-25T18:05:41.786330,forward_hybrid_catboost_2026_W30.png,usdcop_forecast_zoo:hybrid_catboost:h10:2026-07-24,0.0028065993563907766,CTR-FORECAST-OUTPUT-001
FF_hybrid_catboost_h15_2026_W30,forward_forecast,hybrid_catboost,Hybrid CatBoost,hybrid,15,H=15,medium,2026-W30,2026,2026-07-24,0.5068702290076336,0.0,0.0,0.0,0.5365853658536586,0.500763358778626,0.45121951219512196,0.250381679389313,1.0031243140610429,NORMAL,True,transition,1.341640786499874,1,-0.2262648705866425,0.8689502543497464,0.9418994369443,-0.7102993269877229,0.5068702290076336,0.5039260739260739,0.02931307607394639,False,False,0.5236641221374045,forward_hybrid_catboost_2026_W30.png,backtest_hybrid_catboost_h15.png,2026-08-25T18:05:41.786330,forward_hybrid_catboost_2026_W30.png,usdcop_forecast_zoo:hybrid_catboost:h15:2026-07-24,0.01205350277677725,CTR-FORECAST-OUTPUT-001
BT_hybrid_catboost_h15_2026_W30,backtest,hybrid_catboost,Hybrid CatBoost,hybrid,15,H=15,medium,2026-W30,2026,2026-07-24,0.5068702290076336,0.03426555299953094,0.02436050612670803,-0.5964714632673624,0.5365853658536586,0.500763358778626,0.45121951219512196,0.250381679389313,1.0031243140610429,NORMAL,True,transition,1.341640786499874,1,-0.2262648705866425,0.8689502543497464,0.9418994369443,-0.7102993269877229,0.5068702290076336,0.5039260739260739,0.02931307607394639,False,False,0.5236641221374045,backtest_hybrid_catboost_h15.png,backtest_hybrid_catboost_h15.png,2026-08-25T18:05:41.786330,forward_hybrid_catboost_2026_W30.png,usdcop_forecast_zoo:hybrid_catboost:h15:2026-07-24,0.01205350277677725,CTR-FORECAST-OUTPUT-001
FF_hybrid_catboost_h20_2026_W30,forward_forecast,hybrid_catboost,Hybrid CatBoost,hybrid,20,H=20,medium,2026-W30,2026,2026-07-24,0.5153846153846153,0.0,0.0,0.0,0.5230769230769231,0.5,0.5460122699386503,0.25076923076923074,1.0031243140610429,NORMAL,True,transition,1.341640786499874,1,-0.1078114000894854,0.925424486093204,0.9367353717087575,-0.5982767268430963,0.5153846153846153,0.5039260739260739,0.02931307607394639,False,False,0.5461538461538461,forward_hybrid_catboost_2026_W30.png,backtest_hybrid_catboost_h20.png,2026-08-25T18:05:41.786330,forward_hybrid_catboost_2026_W30.png,usdcop_forecast_zoo:hybrid_catboost:h20:2026-07-24,0.0108002881552532,CTR-FORECAST-OUTPUT-001
BT_hybrid_catboost_h20_2026_W30,backtest,hybrid_catboost,Hybrid CatBoost,hybrid,20,H=20,medium,2026-W30,2026,2026-07-24,0.5153846153846153,0.036649331095811186,0.026292472103980936,-0.4726195278426981,0.5230769230769231,0.5,0.5460122699386503,0.25076923076923074,1.0031243140610429,NORMAL,True,transition,1.341640786499874,1,-0.1078114000894854,0.925424486093204,0.9367353717087575,-0.5982767268430963,0.5153846153846153,0.5039260739260739,0.02931307607394639,False,False,0.5461538461538461,backtest_hybrid_catboost_h20.png,backtest_hybrid_catboost_h20.png,2026-08-25T18:05:41.786330,forward_hybrid_catboost_2026_W30.png,usdcop_forecast_zoo:hybrid_catboost:h20:2026-07-24,0.0108002881552532,CTR-FORECAST-OUTPUT-001
FF_hybrid_catboost_h25_2026_W30,forward_forecast,hybrid_catboost,Hybrid CatBoost,hybrid,25,H=25,long,2026-W30,2026,2026-07-24,0.48923076923076925,0.0,0.0,0.0,0.5292307692307693,0.5,0.558282208588957,0.25076923076923074,1.0031243140610429,NORMAL,True,transition,1.341640786499874,1,-0.23903231206262035,0.822666753724512,0.9598820070410149,-0.8652305350070824,0.48923076923076925,0.5039260739260739,0.02931307607394639,False,False,0.5553846153846154,forward_hybrid_catboost_2026_W30.png,backtest_hybrid_catboost_h25.png,2026-08-25T18:05:41.786330,forward_hybrid_catboost_2026_W30.png,usdcop_forecast_zoo:hybrid_catboost:h25:2026-07-24,0.010644425651723551,CTR-FORECAST-OUTPUT-001
BT_hybrid_catboost_h25_2026_W30,backtest,hybrid_catboost,Hybrid CatBoost,hybrid,25,H=25,long,2026-W30,2026,2026-07-24,0.48923076923076925,0.03820851620795916,0.027875863866978448,-0.35076413193247813,0.5292307692307693,0.5,0.558282208588957,0.25076923076923074,1.0031243140610429,NORMAL,True,transition,1.341640786499874,1,-0.23903231206262035,0.822666753724512,0.9598820070410149,-0.8652305350070824,0.48923076923076925,0.5039260739260739,0.02931307607394639,False,False,0.5553846153846154,backtest_hybrid_catboost_h25.png,backtest_hybrid_catboost_h25.png,2026-08-25T18:05:41.786330,forward_hybrid_catboost_2026_W30.png,usdcop_forecast_zoo:hybrid_catboost:h25:2026-07-24,0.010644425651723551,CTR-FORECAST-OUTPUT-001
FF_hybrid_catboost_h30_2026_W30,forward_forecast,hybrid_catboost,Hybrid CatBoost,hybrid,30,H=30,long,2026-W30,2026,2026-07-24,0.5092307692307693,0.0,0.0,0.0,0.5169230769230769,0.5,0.5521472392638037,0.25076923076923074,1.0031243140610429,NORMAL,True,transition,1.341640786499874,1,-0.0940489340457666,0.9183743375580113,0.963285089508006,-0.7011356060886873,0.5092307692307693,0.5039260739260739,0.02931307607394639,False,False,0.5538461538461539,forward_hybrid_catboost_2026_W30.png,backtest_hybrid_catboost_h30.png,2026-08-25T18:05:41.786330,forward_hybrid_catboost_2026_W30.png,usdcop_forecast_zoo:hybrid_catboost:h30:2026-07-24,0.015267439004171456,CTR-FORECAST-OUTPUT-001
BT_hybrid_catboost_h30_2026_W30,backtest,hybrid_catboost,Hybrid CatBoost,hybrid,30,H=30,long,2026-W30,2026,2026-07-24,0.5092307692307693,0.04181648946939121,0.030858154255669665,-0.3777286209457804,0.5169230769230769,0.5,0.5521472392638037,0.25076923076923074,1.0031243140610429,NORMAL,True,transition,1.341640786499874,1,-0.0940489340457666,0.9183743375580113,0.963285089508006,-0.7011356060886873,0.5092307692307693,0.5039260739260739,0.02931307607394639,False,False,0.5538461538461539,backtest_hybrid_catboost_h30.png,backtest_hybrid_catboost_h30.png,2026-08-25T18:05:41.786330,forward_hybrid_catboost_2026_W30.png,usdcop_forecast_zoo:hybrid_catboost:h30:2026-07-24,0.015267439004171456,CTR-FORECAST-OUTPUT-001
FF_ridge_h1_2026_W31,forward_forecast,ridge,Ridge,linear,1,H=1,short,2026-W31,2026,2026-07-31,0.5151515151515151,0.0,0.0,0.0,0.5303030303030303,0.5,0.503030303030303,0.25,1.1196337428974203,NORMAL,True,transition,0.7161148740394325,1,0.5042146006614426,1.088305310054723,0.2708442006083489,0.14377708875899264,0.5151515151515151,0.5301924792764487,0.03474884449793327,True,False,0.5333333333333333,forward_ridge_2026_W31.png,backtest_ridge_h1.png,2026-08-25T18:09:01.586339,forward_ridge_2026_W31.png,usdcop_forecast_zoo:ridge:h1:2026-07-31,0.0005900519911236946,CTR-FORECAST-OUTPUT-001
BT_ridge_h1_2026_W31,backtest,ridge,Ridge,linear,1,H=1,short,2026-W31,2026,2026-07-31,0.5151515151515151,0.007551093059717491,0.005668815275107844,-0.09047061975225157,0.5303030303030303,0.5,0.503030303030303,0.25,1.1196337428974203,NORMAL,True,transition,0.7161148740394325,1,0.5042146006614426,1.088305310054723,0.2708442006083489,0.14377708875899264,0.5151515151515151,0.5301924792764487,0.03474884449793327,True,False,0.5333333333333333,backtest_ridge_h1.png,backtest_ridge_h1.png,2026-08-25T18:09:01.586339,forward_ridge_2026_W31.png,usdcop_forecast_zoo:ridge:h1:2026-07-31,0.0005900519911236946,CTR-FORECAST-OUTPUT-001
FF_ridge_h5_2026_W31,forward_forecast,ridge,Ridge,linear,5,H=5,short,2026-W31,2026,2026-07-31,0.5045454545454545,0.0,0.0,0.0,0.4696969696969697,0.5,0.4303030303030303,0.25,1.1196337428974203,NORMAL,True,transition,0.7161148740394325,1,0.031134267317356707,1.0114249029128666,0.5839936093942745,-0.03297000125195382,0.5045454545454545,0.5301924792764487,0.03474884449793327,True,True,0.5045454545454545,forward_ridge_2026_W31.png,backtest_ridge_h5.png,2026-08-25T18:09:01.586339,forward_ridge_2026_W31.png,usdcop_forecast_zoo:ridge:h5:2026-07-31,0.005000744333757393,CTR-FORECAST-OUTPUT-001
BT_ridge_h5_2026_W31,backtest,ridge,Ridge,linear,5,H=5,short,2026-W31,2026,2026-07-31,0.5045454545454545,0.018798174117130834,0.014337110215785799,-0.5113626540158114,0.4696969696969697,0.5,0.4303030303030303,0.25,1.1196337428974203,NORMAL,True,transition,0.7161148740394325,1,0.031134267317356707,1.0114249029128666,0.5839936093942745,-0.03297000125195382,0.5045454545454545,0.5301924792764487,0.03474884449793327,True,True,0.5045454545454545,backtest_ridge_h5.png,backtest_ridge_h5.png,2026-08-25T18:09:01.586339,forward_ridge_2026_W31.png,usdcop_forecast_zoo:ridge:h5:2026-07-31,0.005000744333757393,CTR-FORECAST-OUTPUT-001
FF_ridge_h10_2026_W31,forward_forecast,ridge,Ridge,linear,10,H=10,medium,2026-W31,2026,2026-07-31,0.503030303030303,0.0,0.0,0.0,0.4696969696969697,0.5,0.34545454545454546,0.25,1.1196337428974203,NORMAL,True,transition,0.7161148740394325,1,-0.01775342714252753,0.9910353536183235,0.8079138979511841,-0.19400239979545308,0.503030303030303,0.5301924792764487,0.03474884449793327,True,True,0.503030303030303,forward_ridge_2026_W31.png,backtest_ridge_h10.png,2026-08-25T18:09:01.586339,forward_ridge_2026_W31.png,usdcop_forecast_zoo:ridge:h10:2026-07-31,0.006540740309225888,CTR-FORECAST-OUTPUT-001
BT_ridge_h10_2026_W31,backtest,ridge,Ridge,linear,10,H=10,medium,2026-W31,2026,2026-07-31,0.503030303030303,0.029172039874490234,0.02219820359999339,-0.7491445864472914,0.4696969696969697,0.5,0.34545454545454546,0.25,1.1196337428974203,NORMAL,True,transition,0.7161148740394325,1,-0.01775342714252753,0.9910353536183235,0.8079138979511841,-0.19400239979545308,0.503030303030303,0.5301924792764487,0.03474884449793327,True,True,0.503030303030303,backtest_ridge_h10.png,backtest_ridge_h10.png,2026-08-25T18:09:01.586339,forward_ridge_2026_W31.png,usdcop_forecast_zoo:ridge:h10:2026-07-31,0.006540740309225888,CTR-FORECAST-OUTPUT-001
FF_ridge_h15_2026_W31,forward_forecast,ridge,Ridge,linear,15,H=15,medium,2026-W31,2026,2026-07-31,0.5297709923664122,0.0,0.0,0.0,0.5213414634146342,0.500763358778626,0.42073170731707316,0.250381679389313,1.1196337428974203,NORMAL,True,transition,0.7161148740394325,1,-0.008049624722315981,0.9950165352982867,0.888957471322643,-0.24774416038268265,0.5297709923664122,0.5301924792764487,0.03474884449793327,True,True,0.5297709923664122,forward_ridge_2026_W31.png,backtest_ridge_h15.png,2026-08-25T18:09:01.586339,forward_ridge_2026_W31.png,usdcop_forecast_zoo:ridge:h15:2026-07-31,0.020473331259675105,CTR-FORECAST-OUTPUT-001
BT_ridge_h15_2026_W31,backtest,ridge,Ridge,linear,15,H=15,medium,2026-W31,2026,2026-07-31,0.5297709923664122,0.037647162438839664,0.027429560847232963,-0.9157645876885789,0.5213414634146342,0.500763358778626,0.42073170731707316,0.250381679389313,1.1196337428974203,NORMAL,True,transition,0.7161148740394325,1,-0.008049624722315981,0.9950165352982867,0.888957471322643,-0.24774416038268265,0.5297709923664122,0.5301924792764487,0.03474884449793327,True,True,0.5297709923664122,backtest_ridge_h15.png,backtest_ridge_h15.png,2026-08-25T18:09:01.586339,forward_ridge_2026_W31.png,usdcop_forecast_zoo:ridge:h15:2026-07-31,0.020473331259675105,CTR-FORECAST-OUTPUT-001
FF_ridge_h20_2026_W31,forward_forecast,ridge,Ridge,linear,20,H=20,medium,2026-W31,2026,2026-07-31,0.549618320610687,0.0,0.0,0.0,0.5457317073170732,0.500763358778626,0.43902439024390244,0.250381679389313,1.1196337428974203,NORMAL,True,transition,0.7161148740394325,1,0.1368691778837667,1.10356407263879,0.9392036132634741,0.5949484190101224,0.549618320610687,0.5301924792764487,0.03474884449793327,True,True,0.549618320610687,forward_ridge_2026_W31.png,backtest_ridge_h20.png,2026-08-25T18:09:01.586339,forward_ridge_2026_W31.png,usdcop_forecast_zoo:ridge:h20:2026-07-31,0.026160925715677682,CTR-FORECAST-OUTPUT-001
BT_ridge_h20_2026_W31,backtest,ridge,Ridge,linear,20,H=20,medium,2026-W31,2026,2026-07-31,0.549618320610687,0.04508995323602433,0.031890753233268516,-1.1412242103334589,0.5457317073170732,0.500763358778626,0.43902439024390244,0.250381679389313,1.1196337428974203,NORMAL,True,transition,0.7161148740394325,1,0.1368691778837667,1.10356407263879,0.9392036132634741,0.5949484190101224,0.549618320610687,0.5301924792764487,0.03474884449793327,True,True,0.549618320610687,backtest_ridge_h20.png,backtest_ridge_h20.png,2026-08-25T18:09:01.586339,forward_ridge_2026_W31.png,usdcop_forecast_zoo:ridge:h20:2026-07-31,0.026160925715677682,CTR-FORECAST-OUTPUT-001
FF_ridge_h25_2026_W31,forward_forecast,ridge,Ridge,linear,25,H=25,long,2026-W31,2026,2026-07-31,0.5523076923076923,0.0,0.0,0.0,0.5723076923076923,0.5,0.5337423312883436,0.25076923076923074,1.1196337428974203,NORMAL,True,transition,0.7161148740394325,1,0.19069005329045677,1.1686560530289132,0.9473223259224746,1.5644242944426283,0.5523076923076923,0.5301924792764487,0.03474884449793327,True,False,0.5538461538461539,forward_ridge_2026_W31.png,backtest_ridge_h25.png,2026-08-25T18:09:01.586339,forward_ridge_2026_W31.png,usdcop_forecast_zoo:ridge:h25:2026-07-31,0.03515085381635828,CTR-FORECAST-OUTPUT-001
BT_ridge_h25_2026_W31,backtest,ridge,Ridge,linear,25,H=25,long,2026-W31,2026,2026-07-31,0.5523076923076923,0.04990172657569657,0.035020930173947105,-1.2639961212893862,0.5723076923076923,0.5,0.5337423312883436,0.25076923076923074,1.1196337428974203,NORMAL,True,transition,0.7161148740394325,1,0.19069005329045677,1.1686560530289132,0.9473223259224746,1.5644242944426283,0.5523076923076923,0.5301924792764487,0.03474884449793327,True,False,0.5538461538461539,backtest_ridge_h25.png,backtest_ridge_h25.png,2026-08-25T18:09:01.586339,forward_ridge_2026_W31.png,usdcop_forecast_zoo:ridge:h25:2026-07-31,0.03515085381635828,CTR-FORECAST-OUTPUT-001
FF_ridge_h30_2026_W31,forward_forecast,ridge,Ridge,linear,30,H=30,long,2026-W31,2026,2026-07-31,0.556923076923077,0.0,0.0,0.0,0.5723076923076923,0.5,0.5276073619631901,0.25076923076923074,1.1196337428974203,NORMAL,True,transition,0.7161148740394325,1,0.11586887289157836,1.1105562285011117,0.9714958989412165,0.6605470687837509,0.556923076923077,0.5301924792764487,0.03474884449793327,True,False,0.5584615384615385,forward_ridge_2026_W31.png,backtest_ridge_h30.png,2026-08-25T18:09:01.586339,forward_ridge_2026_W31.png,usdcop_forecast_zoo:ridge:h30:2026-07-31,0.03650595329520893,CTR-FORECAST-OUTPUT-001
BT_ridge_h30_2026_W31,backtest,ridge,Ridge,linear,30,H=30,long,2026-W31,2026,2026-07-31,0.556923076923077,0.05508176218363378,0.03862776213170133,-1.3449725998472766,0.5723076923076923,0.5,0.5276073619631901,0.25076923076923074,1.1196337428974203,NORMAL,True,transition,0.7161148740394325,1,0.11586887289157836,1.1105562285011117,0.9714958989412165,0.6605470687837509,0.556923076923077,0.5301924792764487,0.03474884449793327,True,False,0.5584615384615385,backtest_ridge_h30.png,backtest_ridge_h30.png,2026-08-25T18:09:01.586339,forward_ridge_2026_W31.png,usdcop_forecast_zoo:ridge:h30:2026-07-31,0.03650595329520893,CTR-FORECAST-OUTPUT-001
FF_bayesian_ridge_h1_2026_W31,forward_forecast,bayesian_ridge,Bayesian Ridge,linear,1,H=1,short,2026-W31,2026,2026-07-31,0.5075757575757576,0.0,0.0,0.0,0.5212121212121212,0.5,0.5212121212121212,0.25,1.1196337428974203,NORMAL,True,transition,0.7161148740394325,1,0.268941569073889,1.0461671532347265,0.2715839353789455,0.06568236702336816,0.5075757575757576,0.5245382098817213,0.03375912201886343,False,False,0.5333333333333333,forward_bayesian_ridge_2026_W31.png,backtest_bayesian_ridge_h1.png,2026-08-25T18:09:01.586339,forward_bayesian_ridge_2026_W31.png,usdcop_forecast_zoo:bayesian_ridge:h1:2026-07-31,0.0006500300726417116,CTR-FORECAST-OUTPUT-001
BT_bayesian_ridge_h1_2026_W31,backtest,bayesian_ridge,Bayesian Ridge,linear,1,H=1,short,2026-W31,2026,2026-07-31,0.5075757575757576,0.007432503753676082,0.005578579238916873,-0.05648807246727472,0.5212121212121212,0.5,0.5212121212121212,0.25,1.1196337428974203,NORMAL,True,transition,0.7161148740394325,1,0.268941569073889,1.0461671532347265,0.2715839353789455,0.06568236702336816,0.5075757575757576,0.5245382098817213,0.03375912201886343,False,False,0.5333333333333333,backtest_bayesian_ridge_h1.png,backtest_bayesian_ridge_h1.png,2026-08-25T18:09:01.586339,forward_bayesian_ridge_2026_W31.png,usdcop_forecast_zoo:bayesian_ridge:h1:2026-07-31,0.0006500300726417116,CTR-FORECAST-OUTPUT-001
FF_bayesian_ridge_h5_2026_W31,forward_forecast,bayesian_ridge,Bayesian Ridge,linear,5,H=5,short,2026-W31,2026,2026-07-31,0.49696969696969695,0.0,0.0,0.0,0.48787878787878786,0.5,0.42424242424242425,0.25,1.1196337428974203,NORMAL,True,transition,0.7161148740394325,1,-0.03886827928712336,0.9859180000035038,0.5873012557152449,-0.12497196315485071,0.49696969696969695,0.5245382098817213,0.03375912201886343,False,False,0.5045454545454545,forward_bayesian_ridge_2026_W31.png,backtest_bayesian_ridge_h5.png,2026-08-25T18:09:01.586339,forward_bayesian_ridge_2026_W31.png,usdcop_forecast_zoo:bayesian_ridge:h5:2026-07-31,0.006400153223227715,CTR-FORECAST-OUTPUT-001
BT_bayesian_ridge_h5_2026_W31,backtest,bayesian_ridge,Bayesian Ridge,linear,5,H=5,short,2026-W31,2026,2026-07-31,0.49696969696969695,0.018157664760164678,0.013875568328799626,-0.41012410915471653,0.48787878787878786,0.5,0.42424242424242425,0.25,1.1196337428974203,NORMAL,True,transition,0.7161148740394325,1,-0.03886827928712336,0.9859180000035038,0.5873012557152449,-0.12497196315485071,0.49696969696969695,0.5245382098817213,0.03375912201886343,False,False,0.5045454545454545,backtest_bayesian_ridge_h5.png,backtest_bayesian_ridge_h5.png,2026-08-25T18:09:01.586339,forward_bayesian_ridge_2026_W31.png,usdcop_forecast_zoo:bayesian_ridge:h5:2026-07-31,0.006400153223227715,CTR-FORECAST-OUTPUT-001
FF_bayesian_ridge_h10_2026_W31,forward_forecast,bayesian_ridge,Bayesian Ridge,linear,10,H=10,medium,2026-W31,2026,2026-07-31,0.4954545454545455,0.0,0.0,0.0,0.4666666666666667,0.5,0.3575757575757576,0.25,1.1196337428974203,NORMAL,True,transition,0.7161148740394325,1,-0.11227067367209642,0.9446430265958172,0.8152334350891862,-0.3888061086489616,0.4954545454545455,0.5245382098817213,0.03375912201886343,False,False,0.503030303030303,forward_bayesian_ridge_2026_W31.png,backtest_bayesian_ridge_h10.png,2026-08-25T18:09:01.586339,forward_bayesian_ridge_2026_W31.png,usdcop_forecast_zoo:bayesian_ridge:h10:2026-07-31,0.009208667132607679,CTR-FORECAST-OUTPUT-001
BT_bayesian_ridge_h10_2026_W31,backtest,bayesian_ridge,Bayesian Ridge,linear,10,H=10,medium,2026-W31,2026,2026-07-31,0.4954545454545455,0.02810761935642334,0.02142424475147228,-0.6238288021874681,0.4666666666666667,0.5,0.3575757575757576,0.25,1.1196337428974203,NORMAL,True,transition,0.7161148740394325,1,-0.11227067367209642,0.9446430265958172,0.8152334350891862,-0.3888061086489616,0.4954545454545455,0.5245382098817213,0.03375912201886343,False,False,0.503030303030303,backtest_bayesian_ridge_h10.png,backtest_bayesian_ridge_h10.png,2026-08-25T18:09:01.586339,forward_bayesian_ridge_2026_W31.png,usdcop_forecast_zoo:bayesian_ridge:h10:2026-07-31,0.009208667132607679,CTR-FORECAST-OUTPUT-001
FF_bayesian_ridge_h15_2026_W31,forward_forecast,bayesian_ridge,Bayesian Ridge,linear,15,H=15,medium,2026-W31,2026,2026-07-31,0.5267175572519084,0.0,0.0,0.0,0.5365853658536586,0.500763358778626,0.43902439024390244,0.250381679389313,1.1196337428974203,NORMAL,True,transition,0.7161148740394325,1,0.016477083082094505,1.010278818789405,0.8889574713226429,-0.16182688945382673,0.5267175572519084,0.5245382098817213,0.03375912201886343,False,False,0.5297709923664122,forward_bayesian_ridge_2026_W31.png,backtest_bayesian_ridge_h15.png,2026-08-25T18:09:01.586339,forward_bayesian_ridge_2026_W31.png,usdcop_forecast_zoo:bayesian_ridge:h15:2026-07-31,0.023379357333335803,CTR-FORECAST-OUTPUT-001
BT_bayesian_ridge_h15_2026_W31,backtest,bayesian_ridge,Bayesian Ridge,linear,15,H=15,medium,2026-W31,2026,2026-07-31,0.5267175572519084,0.03647019521759027,0.026652540997087377,-0.7978515192268889,0.5365853658536586,0.500763358778626,0.43902439024390244,0.250381679389313,1.1196337428974203,NORMAL,True,transition,0.7161148740394325,1,0.016477083082094505,1.010278818789405,0.8889574713226429,-0.16182688945382673,0.5267175572519084,0.5245382098817213,0.03375912201886343,False,False,0.5297709923664122,backtest_bayesian_ridge_h15.png,backtest_bayesian_ridge_h15.png,2026-08-25T18:09:01.586339,forward_bayesian_ridge_2026_W31.png,usdcop_forecast_zoo:bayesian_ridge:h15:2026-07-31,0.023379357333335803,CTR-FORECAST-OUTPUT-001
FF_bayesian_ridge_h20_2026_W31,forward_forecast,bayesian_ridge,Bayesian Ridge,linear,20,H=20,medium,2026-W31,2026,2026-07-31,0.5435114503816794,0.0,0.0,0.0,0.551829268292683,0.500763358778626,0.4451219512195122,0.250381679389313,1.1196337428974203,NORMAL,True,transition,0.7161148740394325,1,0.11579635473507524,1.0869451337115588,0.9392036132634741,0.4122592456182894,0.5435114503816794,0.5245382098817213,0.03375912201886343,False,False,0.549618320610687,forward_bayesian_ridge_2026_W31.png,backtest_bayesian_ridge_h20.png,2026-08-25T18:09:01.586339,forward_bayesian_ridge_2026_W31.png,usdcop_forecast_zoo:bayesian_ridge:h20:2026-07-31,0.02884403613756625,CTR-FORECAST-OUTPUT-001
BT_bayesian_ridge_h20_2026_W31,backtest,bayesian_ridge,Bayesian Ridge,linear,20,H=20,medium,2026-W31,2026,2026-07-31,0.5435114503816794,0.04374968181152891,0.03102666868717973,-1.0158228927951622,0.551829268292683,0.500763358778626,0.4451219512195122,0.250381679389313,1.1196337428974203,NORMAL,True,transition,0.7161148740394325,1,0.11579635473507524,1.0869451337115588,0.9392036132634741,0.4122592456182894,0.5435114503816794,0.5245382098817213,0.03375912201886343,False,False,0.549618320610687,backtest_bayesian_ridge_h20.png,backtest_bayesian_ridge_h20.png,2026-08-25T18:09:01.586339,forward_bayesian_ridge_2026_W31.png,usdcop_forecast_zoo:bayesian_ridge:h20:2026-07-31,0.02884403613756625,CTR-FORECAST-OUTPUT-001
FF_bayesian_ridge_h25_2026_W31,forward_forecast,bayesian_ridge,Bayesian Ridge,linear,25,H=25,long,2026-W31,2026,2026-07-31,0.5538461538461539,0.0,0.0,0.0,0.5723076923076923,0.5,0.5398773006134969,0.25076923076923074,1.1196337428974203,NORMAL,True,transition,0.7161148740394325,1,0.20316749928792058,1.1806409242347005,0.9473223259224746,1.79480580174507,0.5538461538461539,0.5245382098817213,0.03375912201886343,False,True,0.5538461538461539,forward_bayesian_ridge_2026_W31.png,backtest_bayesian_ridge_h25.png,2026-08-25T18:09:01.586339,forward_bayesian_ridge_2026_W31.png,usdcop_forecast_zoo:bayesian_ridge:h25:2026-07-31,0.03774106341696991,CTR-FORECAST-OUTPUT-001
BT_bayesian_ridge_h25_2026_W31,backtest,bayesian_ridge,Bayesian Ridge,linear,25,H=25,long,2026-W31,2026,2026-07-31,0.5538461538461539,0.048601374111303726,0.03426722720348596,-1.147541823629219,0.5723076923076923,0.5,0.5398773006134969,0.25076923076923074,1.1196337428974203,NORMAL,True,transition,0.7161148740394325,1,0.20316749928792058,1.1806409242347005,0.9473223259224746,1.79480580174507,0.5538461538461539,0.5245382098817213,0.03375912201886343,False,True,0.5538461538461539,backtest_bayesian_ridge_h25.png,backtest_bayesian_ridge_h25.png,2026-08-25T18:09:01.586339,forward_bayesian_ridge_2026_W31.png,usdcop_forecast_zoo:bayesian_ridge:h25:2026-07-31,0.03774106341696991,CTR-FORECAST-OUTPUT-001
FF_bayesian_ridge_h30_2026_W31,forward_forecast,bayesian_ridge,Bayesian Ridge,linear,30,H=30,long,2026-W31,2026,2026-07-31,0.5476923076923077,0.0,0.0,0.0,0.5784615384615385,0.5,0.5214723926380368,0.25076923076923074,1.1196337428974203,NORMAL,True,transition,0.7161148740394325,1,0.06258564962870368,1.058269606316353,0.9714958989412165,0.06980419065475085,0.5476923076923077,0.5245382098817213,0.03375912201886343,False,False,0.5584615384615385,forward_bayesian_ridge_2026_W31.png,backtest_bayesian_ridge_h30.png,2026-08-25T18:09:01.586339,forward_bayesian_ridge_2026_W31.png,usdcop_forecast_zoo:bayesian_ridge:h30:2026-07-31,0.038051524328807325,CTR-FORECAST-OUTPUT-001
BT_bayesian_ridge_h30_2026_W31,backtest,bayesian_ridge,Bayesian Ridge,linear,30,H=30,long,2026-W31,2026,2026-07-31,0.5476923076923077,0.053794815121356976,0.037905771330056105,-1.2366753910532604,0.5784615384615385,0.5,0.5214723926380368,0.25076923076923074,1.1196337428974203,NORMAL,True,transition,0.7161148740394325,1,0.06258564962870368,1.058269606316353,0.9714958989412165,0.06980419065475085,0.5476923076923077,0.5245382098817213,0.03375912201886343,False,False,0.5584615384615385,backtest_bayesian_ridge_h30.png,backtest_bayesian_ridge_h30.png,2026-08-25T18:09:01.586339,forward_bayesian_ridge_2026_W31.png,usdcop_forecast_zoo:bayesian_ridge:h30:2026-07-31,0.038051524328807325,CTR-FORECAST-OUTPUT-001
FF_ard_h1_2026_W31,forward_forecast,ard,ARD,linear,1,H=1,short,2026-W31,2026,2026-07-31,0.5060606060606061,0.0,0.0,0.0,0.503030303030303,0.5,0.49696969696969695,0.25,1.1196337428974203,NORMAL,True,transition,0.7161148740394325,1,-0.250161435720801,0.9588876464739342,0.2603551456056174,-0.0884145338187613,0.5060606060606061,0.4810830390983063,0.031104977720317468,False,False,0.5333333333333333,forward_ard_2026_W31.png,backtest_ard_h1.png,2026-08-25T18:09:01.586339,forward_ard_2026_W31.png,usdcop_forecast_zoo:ard:h1:2026-07-31,-6.677693301821054e-05,CTR-FORECAST-OUTPUT-001
BT_ard_h1_2026_W31,backtest,ard,ARD,linear,1,H=1,short,2026-W31,2026,2026-07-31,0.5060606060606061,0.0073384459454573885,0.005511256528566483,-0.029917702751378616,0.503030303030303,0.5,0.49696969696969695,0.25,1.1196337428974203,NORMAL,True,transition,0.7161148740394325,1,-0.250161435720801,0.9588876464739342,0.2603551456056174,-0.0884145338187613,0.5060606060606061,0.4810830390983063,0.031104977720317468,False,False,0.5333333333333333,backtest_ard_h1.png,backtest_ard_h1.png,2026-08-25T18:09:01.586339,forward_ard_2026_W31.png,usdcop_forecast_zoo:ard:h1:2026-07-31,-6.677693301821054e-05,CTR-FORECAST-OUTPUT-001
FF_ard_h5_2026_W31,forward_forecast,ard,ARD,linear,5,H=5,short,2026-W31,2026,2026-07-31,0.43636363636363634,0.0,0.0,0.0,0.46060606060606063,0.5,0.4121212121212121,0.25,1.1196337428974203,NORMAL,True,transition,0.7161148740394325,1,-0.6757567819157626,0.7813742956234008,0.8151082839932882,-0.6460052718187461,0.43636363636363634,0.4810830390983063,0.031104977720317468,False,False,0.5045454545454545,forward_ard_2026_W31.png,backtest_ard_h5.png,2026-08-25T18:09:01.586339,forward_ard_2026_W31.png,usdcop_forecast_zoo:ard:h5:2026-07-31,-0.0002878475263765901,CTR-FORECAST-OUTPUT-001
BT_ard_h5_2026_W31,backtest,ard,ARD,linear,5,H=5,short,2026-W31,2026,2026-07-31,0.43636363636363634,0.015411973493404518,0.011944320007107306,-0.015906777155964447,0.46060606060606063,0.5,0.4121212121212121,0.25,1.1196337428974203,NORMAL,True,transition,0.7161148740394325,1,-0.6757567819157626,0.7813742956234008,0.8151082839932882,-0.6460052718187461,0.43636363636363634,0.4810830390983063,0.031104977720317468,False,False,0.5045454545454545,backtest_ard_h5.png,backtest_ard_h5.png,2026-08-25T18:09:01.586339,forward_ard_2026_W31.png,usdcop_forecast_zoo:ard:h5:2026-07-31,-0.0002878475263765901,CTR-FORECAST-OUTPUT-001
FF_ard_h10_2026_W31,forward_forecast,ard,ARD,linear,10,H=10,medium,2026-W31,2026,2026-07-31,0.4121212121212121,0.0,0.0,0.0,0.4484848484848485,0.5,0.4666666666666667,0.25,1.1196337428974203,NORMAL,True,transition,0.7161148740394325,1,-0.6832628233755366,0.7069179951481075,0.9646581267658811,-0.882953622906068,0.4121212121212121,0.4810830390983063,0.031104977720317468,False,False,0.503030303030303,forward_ard_2026_W31.png,backtest_ard_h10.png,2026-08-25T18:09:01.586339,forward_ard_2026_W31.png,usdcop_forecast_zoo:ard:h10:2026-07-31,-0.0007994788518249236,CTR-FORECAST-OUTPUT-001
BT_ard_h10_2026_W31,backtest,ard,ARD,linear,10,H=10,medium,2026-W31,2026,2026-07-31,0.4121212121212121,0.0228099529987229,0.01856046571111967,-0.06940175877615151,0.4484848484848485,0.5,0.4666666666666667,0.25,1.1196337428974203,NORMAL,True,transition,0.7161148740394325,1,-0.6832628233755366,0.7069179951481075,0.9646581267658811,-0.882953622906068,0.4121212121212121,0.4810830390983063,0.031104977720317468,False,False,0.503030303030303,backtest_ard_h10.png,backtest_ard_h10.png,2026-08-25T18:09:01.586339,forward_ard_2026_W31.png,usdcop_forecast_zoo:ard:h10:2026-07-31,-0.0007994788518249236,CTR-FORECAST-OUTPUT-001
FF_ard_h15_2026_W31,forward_forecast,ard,ARD,linear,15,H=15,medium,2026-W31,2026,2026-07-31,0.433587786259542,0.0,0.0,0.0,0.4451219512195122,0.500763358778626,0.42073170731707316,0.250381679389313,1.1196337428974203,NORMAL,True,transition,0.7161148740394325,1,-0.42848212029484906,0.7664005622932866,0.9693411337419534,-0.8804792124198594,0.433587786259542,0.4810830390983063,0.031104977720317468,False,False,0.5297709923664122,forward_ard_2026_W31.png,backtest_ard_h15.png,2026-08-25T18:09:01.586339,forward_ard_2026_W31.png,usdcop_forecast_zoo:ard:h15:2026-07-31,-0.0014935539803102556,CTR-FORECAST-OUTPUT-001
BT_ard_h15_2026_W31,backtest,ard,ARD,linear,15,H=15,medium,2026-W31,2026,2026-07-31,0.433587786259542,0.034011398643739685,0.02697783640121425,-0.5636034816391262,0.4451219512195122,0.500763358778626,0.42073170731707316,0.250381679389313,1.1196337428974203,NORMAL,True,transition,0.7161148740394325,1,-0.42848212029484906,0.7664005622932866,0.9693411337419534,-0.8804792124198594,0.433587786259542,0.4810830390983063,0.031104977720317468,False,False,0.5297709923664122,backtest_ard_h15.png,backtest_ard_h15.png,2026-08-25T18:09:01.586339,forward_ard_2026_W31.png,usdcop_forecast_zoo:ard:h15:2026-07-31,-0.0014935539803102556,CTR-FORECAST-OUTPUT-001
FF_ard_h20_2026_W31,forward_forecast,ard,ARD,linear,20,H=20,medium,2026-W31,2026,2026-07-31,0.4717557251908397,0.0,0.0,0.0,0.5335365853658537,0.500763358778626,0.47560975609756095,0.250381679389313,1.1196337428974203,NORMAL,True,transition,0.7161148740394325,1,-0.28164127214094153,0.8164219999790744,0.952609559314841,-0.8576168405890559,0.4717557251908397,0.4810830390983063,0.031104977720317468,False,False,0.549618320610687,forward_ard_2026_W31.png,backtest_ard_h20.png,2026-08-25T18:09:01.586339,forward_ard_2026_W31.png,usdcop_forecast_zoo:ard:h20:2026-07-31,-0.002141851405649526,CTR-FORECAST-OUTPUT-001
BT_ard_h20_2026_W31,backtest,ard,ARD,linear,20,H=20,medium,2026-W31,2026,2026-07-31,0.4717557251908397,0.039666289975749947,0.030371159986483154,-0.6570886407543268,0.5335365853658537,0.500763358778626,0.47560975609756095,0.250381679389313,1.1196337428974203,NORMAL,True,transition,0.7161148740394325,1,-0.28164127214094153,0.8164219999790744,0.952609559314841,-0.8576168405890559,0.4717557251908397,0.4810830390983063,0.031104977720317468,False,False,0.549618320610687,backtest_ard_h20.png,backtest_ard_h20.png,2026-08-25T18:09:01.586339,forward_ard_2026_W31.png,usdcop_forecast_zoo:ard:h20:2026-07-31,-0.002141851405649526,CTR-FORECAST-OUTPUT-001
FF_ard_h25_2026_W31,forward_forecast,ard,ARD,linear,25,H=25,long,2026-W31,2026,2026-07-31,0.5492307692307692,0.0,0.0,0.0,0.5507692307692308,0.5,0.5276073619631901,0.25076923076923074,1.1196337428974203,NORMAL,True,transition,0.7161148740394325,1,0.13477732225203315,1.1164385154194871,0.9530394011281635,0.7437896222134355,0.5492307692307692,0.4810830390983063,0.031104977720317468,False,False,0.5538461538461539,forward_ard_2026_W31.png,backtest_ard_h25.png,2026-08-25T18:09:01.586339,forward_ard_2026_W31.png,usdcop_forecast_zoo:ard:h25:2026-07-31,-0.0026934392181735692,CTR-FORECAST-OUTPUT-001
BT_ard_h25_2026_W31,backtest,ard,ARD,linear,25,H=25,long,2026-W31,2026,2026-07-31,0.5492307692307692,0.04402209039049381,0.032756995598219374,-0.7619186651146659,0.5507692307692308,0.5,0.5276073619631901,0.25076923076923074,1.1196337428974203,NORMAL,True,transition,0.7161148740394325,1,0.13477732225203315,1.1164385154194871,0.9530394011281635,0.7437896222134355,0.5492307692307692,0.4810830390983063,0.031104977720317468,False,False,0.5538461538461539,backtest_ard_h25.png,backtest_ard_h25.png,2026-08-25T18:09:01.586339,forward_ard_2026_W31.png,usdcop_forecast_zoo:ard:h25:2026-07-31,-0.0026934392181735692,CTR-FORECAST-OUTPUT-001
FF_ard_h30_2026_W31,forward_forecast,ard,ARD,linear,30,H=30,long,2026-W31,2026,2026-07-31,0.5584615384615385,0.0,0.0,0.0,0.5692307692307692,0.5,0.49079754601226994,0.25076923076923074,1.1196337428974203,NORMAL,True,transition,0.7161148740394325,1,0.12259920379303116,1.1173429329979065,0.9743321862262946,0.7549542039815484,0.5584615384615385,0.4810830390983063,0.031104977720317468,False,True,0.5584615384615385,forward_ard_2026_W31.png,backtest_ard_h30.png,2026-08-25T18:09:01.586339,forward_ard_2026_W31.png,usdcop_forecast_zoo:ard:h30:2026-07-31,0.03453301830024759,CTR-FORECAST-OUTPUT-001
BT_ard_h30_2026_W31,backtest,ard,ARD,linear,30,H=30,long,2026-W31,2026,2026-07-31,0.5584615384615385,0.05447469259465401,0.03879409872533916,-1.2935684041205953,0.5692307692307692,0.5,0.49079754601226994,0.25076923076923074,1.1196337428974203,NORMAL,True,transition,0.7161148740394325,1,0.12259920379303116,1.1173429329979065,0.9743321862262946,0.7549542039815484,0.5584615384615385,0.4810830390983063,0.031104977720317468,False,True,0.5584615384615385,backtest_ard_h30.png,backtest_ard_h30.png,2026-08-25T18:09:01.586339,forward_ard_2026_W31.png,usdcop_forecast_zoo:ard:h30:2026-07-31,0.03453301830024759,CTR-FORECAST-OUTPUT-001
FF_xgboost_pure_h1_2026_W31,forward_forecast,xgboost_pure,XGBoost,boosting,1,H=1,short,2026-W31,2026,2026-07-31,0.5060606060606061,0.0,0.0,0.0,0.5242424242424243,0.5,0.4909090909090909,0.25,1.1196337428974203,NORMAL,True,transition,0.7161148740394325,1,0.07318674474082222,1.0123574628574625,0.1629829099664407,0.004755831307139413,0.5060606060606061,0.4949800326899564,0.027506035983082606,False,False,0.5333333333333333,forward_xgboost_pure_2026_W31.png,backtest_xgboost_pure_h1.png,2026-08-25T18:09:01.586339,forward_xgboost_pure_2026_W31.png,usdcop_forecast_zoo:xgboost_pure:h1:2026-07-31,0.0003725252754520625,CTR-FORECAST-OUTPUT-001
BT_xgboost_pure_h1_2026_W31,backtest,xgboost_pure,XGBoost,boosting,1,H=1,short,2026-W31,2026,2026-07-31,0.5060606060606061,0.007717181049405303,0.005831185447198526,-0.13896847138247237,0.5242424242424243,0.5,0.4909090909090909,0.25,1.1196337428974203,NORMAL,True,transition,0.7161148740394325,1,0.07318674474082222,1.0123574628574625,0.1629829099664407,0.004755831307139413,0.5060606060606061,0.4949800326899564,0.027506035983082606,False,False,0.5333333333333333,backtest_xgboost_pure_h1.png,backtest_xgboost_pure_h1.png,2026-08-25T18:09:01.586339,forward_xgboost_pure_2026_W31.png,usdcop_forecast_zoo:xgboost_pure:h1:2026-07-31,0.0003725252754520625,CTR-FORECAST-OUTPUT-001
FF_xgboost_pure_h5_2026_W31,forward_forecast,xgboost_pure,XGBoost,boosting,5,H=5,short,2026-W31,2026,2026-07-31,0.4863636363636364,0.0,0.0,0.0,0.4818181818181818,0.5,0.5151515151515151,0.25,1.1196337428974203,NORMAL,True,transition,0.7161148740394325,1,-0.6047870514543328,0.8019029973322737,0.6764434958352157,-0.6089304990478233,0.4863636363636364,0.4949800326899564,0.027506035983082606,False,False,0.5045454545454545,forward_xgboost_pure_2026_W31.png,backtest_xgboost_pure_h5.png,2026-08-25T18:09:01.586339,forward_xgboost_pure_2026_W31.png,usdcop_forecast_zoo:xgboost_pure:h5:2026-07-31,-0.0024720318615436554,CTR-FORECAST-OUTPUT-001
BT_xgboost_pure_h5_2026_W31,backtest,xgboost_pure,XGBoost,boosting,5,H=5,short,2026-W31,2026,2026-07-31,0.4863636363636364,0.017198545685820018,0.013249336684848593,-0.26508818419743885,0.4818181818181818,0.5,0.5151515151515151,0.25,1.1196337428974203,NORMAL,True,transition,0.7161148740394325,1,-0.6047870514543328,0.8019029973322737,0.6764434958352157,-0.6089304990478233,0.4863636363636364,0.4949800326899564,0.027506035983082606,False,False,0.5045454545454545,backtest_xgboost_pure_h5.png,backtest_xgboost_pure_h5.png,2026-08-25T18:09:01.586339,forward_xgboost_pure_2026_W31.png,usdcop_forecast_zoo:xgboost_pure:h5:2026-07-31,-0.0024720318615436554,CTR-FORECAST-OUTPUT-001
FF_xgboost_pure_h10_2026_W31,forward_forecast,xgboost_pure,XGBoost,boosting,10,H=10,medium,2026-W31,2026,2026-07-31,0.49242424242424243,0.0,0.0,0.0,0.44545454545454544,0.5,0.4484848484848485,0.25,1.1196337428974203,NORMAL,True,transition,0.7161148740394325,1,-0.37010585280249675,0.828805056722581,0.8242057113342552,-0.7120012501997741,0.49242424242424243,0.4949800326899564,0.027506035983082606,False,False,0.503030303030303,forward_xgboost_pure_2026_W31.png,backtest_xgboost_pure_h10.png,2026-08-25T18:09:01.586339,forward_xgboost_pure_2026_W31.png,usdcop_forecast_zoo:xgboost_pure:h10:2026-07-31,0.0028386986814439297,CTR-FORECAST-OUTPUT-001
BT_xgboost_pure_h10_2026_W31,backtest,xgboost_pure,XGBoost,boosting,10,H=10,medium,2026-W31,2026,2026-07-31,0.49242424242424243,0.024238048678495147,0.018790371496390987,-0.20750077997938954,0.44545454545454544,0.5,0.4484848484848485,0.25,1.1196337428974203,NORMAL,True,transition,0.7161148740394325,1,-0.37010585280249675,0.828805056722581,0.8242057113342552,-0.7120012501997741,0.49242424242424243,0.4949800326899564,0.027506035983082606,False,False,0.503030303030303,backtest_xgboost_pure_h10.png,backtest_xgboost_pure_h10.png,2026-08-25T18:09:01.586339,forward_xgboost_pure_2026_W31.png,usdcop_forecast_zoo:xgboost_pure:h10:2026-07-31,0.0028386986814439297,CTR-FORECAST-OUTPUT-001
FF_xgboost_pure_h15_2026_W31,forward_forecast,xgboost_pure,XGBoost,boosting,15,H=15,medium,2026-W31,2026,2026-07-31,0.5068702290076336,0.0,0.0,0.0,0.47560975609756095,0.500763358778626,0.4268292682926829,0.250381679389313,1.1196337428974203,NORMAL,True,transition,0.7161148740394325,1,-0.19789500997695042,0.8844113872197079,0.935133596133077,-0.6736323214259534,0.5068702290076336,0.4949800326899564,0.027506035983082606,False,False,0.5297709923664122,forward_xgboost_pure_2026_W31.png,backtest_xgboost_pure_h15.png,2026-08-25T18:09:01.586339,forward_xgboost_pure_2026_W31.png,usdcop_forecast_zoo:xgboost_pure:h15:2026-07-31,0.008297022432088852,CTR-FORECAST-OUTPUT-001
BT_xgboost_pure_h15_2026_W31,backtest,xgboost_pure,XGBoost,boosting,15,H=15,medium,2026-W31,2026,2026-07-31,0.5068702290076336,0.030936469684283936,0.023593408625483803,-0.2936570235299625,0.47560975609756095,0.500763358778626,0.4268292682926829,0.250381679389313,1.1196337428974203,NORMAL,True,transition,0.7161148740394325,1,-0.19789500997695042,0.8844113872197079,0.935133596133077,-0.6736323214259534,0.5068702290076336,0.4949800326899564,0.027506035983082606,False,False,0.5297709923664122,backtest_xgboost_pure_h15.png,backtest_xgboost_pure_h15.png,2026-08-25T18:09:01.586339,forward_xgboost_pure_2026_W31.png,usdcop_forecast_zoo:xgboost_pure:h15:2026-07-31,0.008297022432088852,CTR-FORECAST-OUTPUT-001
FF_xgboost_pure_h20_2026_W31,forward_forecast,xgboost_pure,XGBoost,boosting,20,H=20,medium,2026-W31,2026,2026-07-31,0.4916030534351145,0.0,0.0,0.0,0.46646341463414637,0.500763358778626,0.5182926829268293,0.250381679389313,1.1196337428974203,NORMAL,True,transition,0.7161148740394325,1,-0.48089855532198733,0.7071495327664371,0.9777287349895738,-0.9542427395621843,0.4916030534351145,0.4949800326899564,0.027506035983082606,False,False,0.549618320610687,forward_xgboost_pure_2026_W31.png,backtest_xgboost_pure_h20.png,2026-08-25T18:09:01.586339,forward_xgboost_pure_2026_W31.png,usdcop_forecast_zoo:xgboost_pure:h20:2026-07-31,0.004465566482394934,CTR-FORECAST-OUTPUT-001
BT_xgboost_pure_h20_2026_W31,backtest,xgboost_pure,XGBoost,boosting,20,H=20,medium,2026-W31,2026,2026-07-31,0.4916030534351145,0.03610062040729037,0.026821582287652603,-0.3725617959171694,0.46646341463414637,0.500763358778626,0.5182926829268293,0.250381679389313,1.1196337428974203,NORMAL,True,transition,0.7161148740394325,1,-0.48089855532198733,0.7071495327664371,0.9777287349895738,-0.9542427395621843,0.4916030534351145,0.4949800326899564,0.027506035983082606,False,False,0.549618320610687,backtest_xgboost_pure_h20.png,backtest_xgboost_pure_h20.png,2026-08-25T18:09:01.586339,forward_xgboost_pure_2026_W31.png,usdcop_forecast_zoo:xgboost_pure:h20:2026-07-31,0.004465566482394934,CTR-FORECAST-OUTPUT-001
FF_xgboost_pure_h25_2026_W31,forward_forecast,xgboost_pure,XGBoost,boosting,25,H=25,long,2026-W31,2026,2026-07-31,0.46,0.0,0.0,0.0,0.46153846153846156,0.5,0.4539877300613497,0.25076923076923074,1.1196337428974203,NORMAL,True,transition,0.7161148740394325,1,-0.6616941093588684,0.5814518778112261,0.9963331435963635,-0.992295227774302,0.46,0.4949800326899564,0.027506035983082606,False,False,0.5538461538461539,forward_xgboost_pure_2026_W31.png,backtest_xgboost_pure_h25.png,2026-08-25T18:09:01.586339,forward_xgboost_pure_2026_W31.png,usdcop_forecast_zoo:xgboost_pure:h25:2026-07-31,0.003452565288171172,CTR-FORECAST-OUTPUT-001
BT_xgboost_pure_h25_2026_W31,backtest,xgboost_pure,XGBoost,boosting,25,H=25,long,2026-W31,2026,2026-07-31,0.46,0.03639123950422465,0.027095194269375164,-0.20403255650847307,0.46153846153846156,0.5,0.4539877300613497,0.25076923076923074,1.1196337428974203,NORMAL,True,transition,0.7161148740394325,1,-0.6616941093588684,0.5814518778112261,0.9963331435963635,-0.992295227774302,0.46,0.4949800326899564,0.027506035983082606,False,False,0.5538461538461539,backtest_xgboost_pure_h25.png,backtest_xgboost_pure_h25.png,2026-08-25T18:09:01.586339,forward_xgboost_pure_2026_W31.png,usdcop_forecast_zoo:xgboost_pure:h25:2026-07-31,0.003452565288171172,CTR-FORECAST-OUTPUT-001
FF_xgboost_pure_h30_2026_W31,forward_forecast,xgboost_pure,XGBoost,boosting,30,H=30,long,2026-W31,2026,2026-07-31,0.5215384615384615,0.0,0.0,0.0,0.44,0.5,0.31901840490797545,0.25076923076923074,1.1196337428974203,NORMAL,True,transition,0.7161148740394325,1,-0.3652403215353078,0.718280087915281,0.9952178719859639,-0.9681632319663502,0.5215384615384615,0.4949800326899564,0.027506035983082606,False,False,0.5584615384615385,forward_xgboost_pure_2026_W31.png,backtest_xgboost_pure_h30.png,2026-08-25T18:09:01.586339,forward_xgboost_pure_2026_W31.png,usdcop_forecast_zoo:xgboost_pure:h30:2026-07-31,0.002578804502263665,CTR-FORECAST-OUTPUT-001
BT_xgboost_pure_h30_2026_W31,backtest,xgboost_pure,XGBoost,boosting,30,H=30,long,2026-W31,2026,2026-07-31,0.5215384615384615,0.039960146872058816,0.02955312883126761,-0.23417365738666995,0.44,0.5,0.31901840490797545,0.25076923076923074,1.1196337428974203,NORMAL,True,transition,0.7161148740394325,1,-0.3652403215353078,0.718280087915281,0.9952178719859639,-0.9681632319663502,0.5215384615384615,0.4949800326899564,0.027506035983082606,False,False,0.5584615384615385,backtest_xgboost_pure_h30.png,backtest_xgboost_pure_h30.png,2026-08-25T18:09:01.586339,forward_xgboost_pure_2026_W31.png,usdcop_forecast_zoo:xgboost_pure:h30:2026-07-31,0.002578804502263665,CTR-FORECAST-OUTPUT-001
FF_lightgbm_pure_h1_2026_W31,forward_forecast,lightgbm_pure,LightGBM,boosting,1,H=1,short,2026-W31,2026,2026-07-31,0.4984848484848485,0.0,0.0,0.0,0.47878787878787876,0.5,0.47878787878787876,0.25,1.1196337428974203,NORMAL,True,transition,0.7161148740394325,1,0.024478466986444646,1.0041162617299886,0.13019600106031254,-0.009859404383792514,0.4984848484848485,0.5077341742227238,0.027653010365392673,False,False,0.5333333333333333,forward_lightgbm_pure_2026_W31.png,backtest_lightgbm_pure_h1.png,2026-08-25T18:09:01.586339,forward_lightgbm_pure_2026_W31.png,usdcop_forecast_zoo:lightgbm_pure:h1:2026-07-31,0.00030481715669371956,CTR-FORECAST-OUTPUT-001
BT_lightgbm_pure_h1_2026_W31,backtest,lightgbm_pure,LightGBM,boosting,1,H=1,short,2026-W31,2026,2026-07-31,0.4984848484848485,0.007701067438311785,0.005827133163473164,-0.13421706428371216,0.47878787878787876,0.5,0.47878787878787876,0.25,1.1196337428974203,NORMAL,True,transition,0.7161148740394325,1,0.024478466986444646,1.0041162617299886,0.13019600106031254,-0.009859404383792514,0.4984848484848485,0.5077341742227238,0.027653010365392673,False,False,0.5333333333333333,backtest_lightgbm_pure_h1.png,backtest_lightgbm_pure_h1.png,2026-08-25T18:09:01.586339,forward_lightgbm_pure_2026_W31.png,usdcop_forecast_zoo:lightgbm_pure:h1:2026-07-31,0.00030481715669371956,CTR-FORECAST-OUTPUT-001
FF_lightgbm_pure_h5_2026_W31,forward_forecast,lightgbm_pure,LightGBM,boosting,5,H=5,short,2026-W31,2026,2026-07-31,0.49393939393939396,0.0,0.0,0.0,0.4909090909090909,0.5,0.4727272727272727,0.25,1.1196337428974203,NORMAL,True,transition,0.7161148740394325,1,-0.4591160647948215,0.8457243865312075,0.6306965541692163,-0.5193183591185149,0.49393939393939396,0.5077341742227238,0.027653010365392673,False,False,0.5045454545454545,forward_lightgbm_pure_2026_W31.png,backtest_lightgbm_pure_h5.png,2026-08-25T18:09:01.586339,forward_lightgbm_pure_2026_W31.png,usdcop_forecast_zoo:lightgbm_pure:h5:2026-07-31,-0.002170445270625202,CTR-FORECAST-OUTPUT-001
BT_lightgbm_pure_h5_2026_W31,backtest,lightgbm_pure,LightGBM,boosting,5,H=5,short,2026-W31,2026,2026-07-31,0.49393939393939396,0.017245779300600703,0.013318756285604203,-0.2720465332774351,0.4909090909090909,0.5,0.4727272727272727,0.25,1.1196337428974203,NORMAL,True,transition,0.7161148740394325,1,-0.4591160647948215,0.8457243865312075,0.6306965541692163,-0.5193183591185149,0.49393939393939396,0.5077341742227238,0.027653010365392673,False,False,0.5045454545454545,backtest_lightgbm_pure_h5.png,backtest_lightgbm_pure_h5.png,2026-08-25T18:09:01.586339,forward_lightgbm_pure_2026_W31.png,usdcop_forecast_zoo:lightgbm_pure:h5:2026-07-31,-0.002170445270625202,CTR-FORECAST-OUTPUT-001
FF_lightgbm_pure_h10_2026_W31,forward_forecast,lightgbm_pure,LightGBM,boosting,10,H=10,medium,2026-W31,2026,2026-07-31,0.503030303030303,0.0,0.0,0.0,0.4636363636363636,0.5,0.4121212121212121,0.25,1.1196337428974203,NORMAL,True,transition,0.7161148740394325,1,-0.19181284919144093,0.9072847583418163,0.7412230314516558,-0.5158627277591372,0.503030303030303,0.5077341742227238,0.027653010365392673,False,False,0.503030303030303,forward_lightgbm_pure_2026_W31.png,backtest_lightgbm_pure_h10.png,2026-08-25T18:09:01.586339,forward_lightgbm_pure_2026_W31.png,usdcop_forecast_zoo:lightgbm_pure:h10:2026-07-31,0.001273708517654054,CTR-FORECAST-OUTPUT-001
BT_lightgbm_pure_h10_2026_W31,backtest,lightgbm_pure,LightGBM,boosting,10,H=10,medium,2026-W31,2026,2026-07-31,0.503030303030303,0.024353241801780175,0.018795371442026563,-0.21900552770742876,0.4636363636363636,0.5,0.4121212121212121,0.25,1.1196337428974203,NORMAL,True,transition,0.7161148740394325,1,-0.19181284919144093,0.9072847583418163,0.7412230314516558,-0.5158627277591372,0.503030303030303,0.5077341742227238,0.027653010365392673,False,False,0.503030303030303,backtest_lightgbm_pure_h10.png,backtest_lightgbm_pure_h10.png,2026-08-25T18:09:01.586339,forward_lightgbm_pure_2026_W31.png,usdcop_forecast_zoo:lightgbm_pure:h10:2026-07-31,0.001273708517654054,CTR-FORECAST-OUTPUT-001
FF_lightgbm_pure_h15_2026_W31,forward_forecast,lightgbm_pure,LightGBM,boosting,15,H=15,medium,2026-W31,2026,2026-07-31,0.4854961832061069,0.0,0.0,0.0,0.4847560975609756,0.500763358778626,0.38414634146341464,0.250381679389313,1.1196337428974203,NORMAL,True,transition,0.7161148740394325,1,-0.39783404687133184,0.7811366144483674,0.9742376378112421,-0.8636683890279873,0.4854961832061069,0.5077341742227238,0.027653010365392673,False,False,0.5297709923664122,forward_lightgbm_pure_2026_W31.png,backtest_lightgbm_pure_h15.png,2026-08-25T18:09:01.586339,forward_lightgbm_pure_2026_W31.png,usdcop_forecast_zoo:lightgbm_pure:h15:2026-07-31,0.0072318029061303,CTR-FORECAST-OUTPUT-001
BT_lightgbm_pure_h15_2026_W31,backtest,lightgbm_pure,LightGBM,boosting,15,H=15,medium,2026-W31,2026,2026-07-31,0.4854961832061069,0.03085457209620173,0.023708507653948382,-0.28681673730765,0.4847560975609756,0.500763358778626,0.38414634146341464,0.250381679389313,1.1196337428974203,NORMAL,True,transition,0.7161148740394325,1,-0.39783404687133184,0.7811366144483674,0.9742376378112421,-0.8636683890279873,0.4854961832061069,0.5077341742227238,0.027653010365392673,False,False,0.5297709923664122,backtest_lightgbm_pure_h15.png,backtest_lightgbm_pure_h15.png,2026-08-25T18:09:01.586339,forward_lightgbm_pure_2026_W31.png,usdcop_forecast_zoo:lightgbm_pure:h15:2026-07-31,0.0072318029061303,CTR-FORECAST-OUTPUT-001
FF_lightgbm_pure_h20_2026_W31,forward_forecast,lightgbm_pure,LightGBM,boosting,20,H=20,medium,2026-W31,2026,2026-07-31,0.4854961832061069,0.0,0.0,0.0,0.4695121951219512,0.500763358778626,0.40853658536585363,0.250381679389313,1.1196337428974203,NORMAL,True,transition,0.7161148740394325,1,-0.42457761205246297,0.7364805580576468,0.9766482762546606,-0.9370007174387259,0.4854961832061069,0.5077341742227238,0.027653010365392673,False,False,0.549618320610687,forward_lightgbm_pure_2026_W31.png,backtest_lightgbm_pure_h20.png,2026-08-25T18:09:01.586339,forward_lightgbm_pure_2026_W31.png,usdcop_forecast_zoo:lightgbm_pure:h20:2026-07-31,0.0029617981868034888,CTR-FORECAST-OUTPUT-001
BT_lightgbm_pure_h20_2026_W31,backtest,lightgbm_pure,LightGBM,boosting,20,H=20,medium,2026-W31,2026,2026-07-31,0.4854961832061069,0.036072390531946295,0.027207169056966015,-0.3704160101536971,0.4695121951219512,0.500763358778626,0.40853658536585363,0.250381679389313,1.1196337428974203,NORMAL,True,transition,0.7161148740394325,1,-0.42457761205246297,0.7364805580576468,0.9766482762546606,-0.9370007174387259,0.4854961832061069,0.5077341742227238,0.027653010365392673,False,False,0.549618320610687,backtest_lightgbm_pure_h20.png,backtest_lightgbm_pure_h20.png,2026-08-25T18:09:01.586339,forward_lightgbm_pure_2026_W31.png,usdcop_forecast_zoo:lightgbm_pure:h20:2026-07-31,0.0029617981868034888,CTR-FORECAST-OUTPUT-001
FF_lightgbm_pure_h25_2026_W31,forward_forecast,lightgbm_pure,LightGBM,boosting,25,H=25,long,2026-W31,2026,2026-07-31,0.5492307692307692,0.0,0.0,0.0,0.4461538461538462,0.5,0.38650306748466257,0.25076923076923074,1.1196337428974203,NORMAL,True,transition,0.7161148740394325,1,-0.20826483997636577,0.8434742491603232,0.9676788248574159,-0.8377541196501365,0.5492307692307692,0.5077341742227238,0.027653010365392673,False,False,0.5538461538461539,forward_lightgbm_pure_2026_W31.png,backtest_lightgbm_pure_h25.png,2026-08-25T18:09:01.586339,forward_lightgbm_pure_2026_W31.png,usdcop_forecast_zoo:lightgbm_pure:h25:2026-07-31,0.0049894192888055595,CTR-FORECAST-OUTPUT-001
BT_lightgbm_pure_h25_2026_W31,backtest,lightgbm_pure,LightGBM,boosting,25,H=25,long,2026-W31,2026,2026-07-31,0.5492307692307692,0.036899359190805434,0.027340853522521052,-0.23789036349312864,0.4461538461538462,0.5,0.38650306748466257,0.25076923076923074,1.1196337428974203,NORMAL,True,transition,0.7161148740394325,1,-0.20826483997636577,0.8434742491603232,0.9676788248574159,-0.8377541196501365,0.5492307692307692,0.5077341742227238,0.027653010365392673,False,False,0.5538461538461539,backtest_lightgbm_pure_h25.png,backtest_lightgbm_pure_h25.png,2026-08-25T18:09:01.586339,forward_lightgbm_pure_2026_W31.png,usdcop_forecast_zoo:lightgbm_pure:h25:2026-07-31,0.0049894192888055595,CTR-FORECAST-OUTPUT-001
FF_lightgbm_pure_h30_2026_W31,forward_forecast,lightgbm_pure,LightGBM,boosting,30,H=30,long,2026-W31,2026,2026-07-31,0.5384615384615384,0.0,0.0,0.0,0.4246153846153846,0.5,0.3067484662576687,0.25076923076923074,1.1196337428974203,NORMAL,True,transition,0.7161148740394325,1,-0.20285746701566884,0.832243525628531,0.9761696200578983,-0.8804763429144937,0.5384615384615384,0.5077341742227238,0.027653010365392673,False,False,0.5584615384615385,forward_lightgbm_pure_2026_W31.png,backtest_lightgbm_pure_h30.png,2026-08-25T18:09:01.586339,forward_lightgbm_pure_2026_W31.png,usdcop_forecast_zoo:lightgbm_pure:h30:2026-07-31,0.002931736847480692,CTR-FORECAST-OUTPUT-001
BT_lightgbm_pure_h30_2026_W31,backtest,lightgbm_pure,LightGBM,boosting,30,H=30,long,2026-W31,2026,2026-07-31,0.5384615384615384,0.04044466219810259,0.02993746638816262,-0.264283720438234,0.4246153846153846,0.5,0.3067484662576687,0.25076923076923074,1.1196337428974203,NORMAL,True,transition,0.7161148740394325,1,-0.20285746701566884,0.832243525628531,0.9761696200578983,-0.8804763429144937,0.5384615384615384,0.5077341742227238,0.027653010365392673,False,False,0.5584615384615385,backtest_lightgbm_pure_h30.png,backtest_lightgbm_pure_h30.png,2026-08-25T18:09:01.586339,forward_lightgbm_pure_2026_W31.png,usdcop_forecast_zoo:lightgbm_pure:h30:2026-07-31,0.002931736847480692,CTR-FORECAST-OUTPUT-001
FF_catboost_pure_h1_2026_W31,forward_forecast,catboost_pure,CatBoost,boosting,1,H=1,short,2026-W31,2026,2026-07-31,0.5227272727272727,0.0,0.0,0.0,0.5242424242424243,0.5,0.5151515151515151,0.25,1.1196337428974203,NORMAL,True,transition,0.7161148740394325,1,-0.011889264960559675,0.9980068122083702,0.18070192295450385,-0.02064923236420868,0.5227272727272727,0.49511668992585023,0.029914891821593438,False,False,0.5333333333333333,forward_catboost_pure_2026_W31.png,backtest_catboost_pure_h1.png,2026-08-25T18:09:01.586339,forward_catboost_pure_2026_W31.png,usdcop_forecast_zoo:catboost_pure:h1:2026-07-31,-0.0007325148429524244,CTR-FORECAST-OUTPUT-001
BT_catboost_pure_h1_2026_W31,backtest,catboost_pure,CatBoost,boosting,1,H=1,short,2026-W31,2026,2026-07-31,0.5227272727272727,0.008817720992561165,0.006522899328598444,-0.486986513778084,0.5242424242424243,0.5,0.5151515151515151,0.25,1.1196337428974203,NORMAL,True,transition,0.7161148740394325,1,-0.011889264960559675,0.9980068122083702,0.18070192295450385,-0.02064923236420868,0.5227272727272727,0.49511668992585023,0.029914891821593438,False,False,0.5333333333333333,backtest_catboost_pure_h1.png,backtest_catboost_pure_h1.png,2026-08-25T18:09:01.586339,forward_catboost_pure_2026_W31.png,usdcop_forecast_zoo:catboost_pure:h1:2026-07-31,-0.0007325148429524244,CTR-FORECAST-OUTPUT-001
FF_catboost_pure_h5_2026_W31,forward_forecast,catboost_pure,CatBoost,boosting,5,H=5,short,2026-W31,2026,2026-07-31,0.4666666666666667,0.0,0.0,0.0,0.47878787878787876,0.5,0.4727272727272727,0.25,1.1196337428974203,NORMAL,True,transition,0.7161148740394325,1,-0.5848847544417336,0.8077549467510023,0.6463416510096066,-0.5976663509946577,0.4666666666666667,0.49511668992585023,0.029914891821593438,False,False,0.5045454545454545,forward_catboost_pure_2026_W31.png,backtest_catboost_pure_h5.png,2026-08-25T18:09:01.586339,forward_catboost_pure_2026_W31.png,usdcop_forecast_zoo:catboost_pure:h5:2026-07-31,-0.007044281718527236,CTR-FORECAST-OUTPUT-001
BT_catboost_pure_h5_2026_W31,backtest,catboost_pure,CatBoost,boosting,5,H=5,short,2026-W31,2026,2026-07-31,0.4666666666666667,0.019482287123240953,0.014191360859182335,-0.623368930482928,0.47878787878787876,0.5,0.4727272727272727,0.25,1.1196337428974203,NORMAL,True,transition,0.7161148740394325,1,-0.5848847544417336,0.8077549467510023,0.6463416510096066,-0.5976663509946577,0.4666666666666667,0.49511668992585023,0.029914891821593438,False,False,0.5045454545454545,backtest_catboost_pure_h5.png,backtest_catboost_pure_h5.png,2026-08-25T18:09:01.586339,forward_catboost_pure_2026_W31.png,usdcop_forecast_zoo:catboost_pure:h5:2026-07-31,-0.007044281718527236,CTR-FORECAST-OUTPUT-001
FF_catboost_pure_h10_2026_W31,forward_forecast,catboost_pure,CatBoost,boosting,10,H=10,medium,2026-W31,2026,2026-07-31,0.4409090909090909,0.0,0.0,0.0,0.4212121212121212,0.5,0.41818181818181815,0.25,1.1196337428974203,NORMAL,True,transition,0.7161148740394325,1,-0.743518324313075,0.6855839866403217,0.940383256576571,-0.9014679737909638,0.4409090909090909,0.49511668992585023,0.029914891821593438,False,False,0.503030303030303,forward_catboost_pure_2026_W31.png,backtest_catboost_pure_h10.png,2026-08-25T18:09:01.586339,forward_catboost_pure_2026_W31.png,usdcop_forecast_zoo:catboost_pure:h10:2026-07-31,-0.003546852186053442,CTR-FORECAST-OUTPUT-001
BT_catboost_pure_h10_2026_W31,backtest,catboost_pure,CatBoost,boosting,10,H=10,medium,2026-W31,2026,2026-07-31,0.4409090909090909,0.031203703495673966,0.021408225256999355,-1.0012640697865929,0.4212121212121212,0.5,0.41818181818181815,0.25,1.1196337428974203,NORMAL,True,transition,0.7161148740394325,1,-0.743518324313075,0.6855839866403217,0.940383256576571,-0.9014679737909638,0.4409090909090909,0.49511668992585023,0.029914891821593438,False,False,0.503030303030303,backtest_catboost_pure_h10.png,backtest_catboost_pure_h10.png,2026-08-25T18:09:01.586339,forward_catboost_pure_2026_W31.png,usdcop_forecast_zoo:catboost_pure:h10:2026-07-31,-0.003546852186053442,CTR-FORECAST-OUTPUT-001
FF_catboost_pure_h15_2026_W31,forward_forecast,catboost_pure,CatBoost,boosting,15,H=15,medium,2026-W31,2026,2026-07-31,0.46412213740458014,0.0,0.0,0.0,0.4725609756097561,0.500763358778626,0.43902439024390244,0.250381679389313,1.1196337428974203,NORMAL,True,transition,0.7161148740394325,1,-0.517214243002852,0.7252693988836741,0.9653748525299459,-0.9186029327769767,0.46412213740458014,0.49511668992585023,0.029914891821593438,False,False,0.5297709923664122,forward_catboost_pure_2026_W31.png,backtest_catboost_pure_h15.png,2026-08-25T18:09:01.586339,forward_catboost_pure_2026_W31.png,usdcop_forecast_zoo:catboost_pure:h15:2026-07-31,0.001755213973764946,CTR-FORECAST-OUTPUT-001
BT_catboost_pure_h15_2026_W31,backtest,catboost_pure,CatBoost,boosting,15,H=15,medium,2026-W31,2026,2026-07-31,0.46412213740458014,0.034801610007499824,0.024551499813025787,-0.6371041795336418,0.4725609756097561,0.500763358778626,0.43902439024390244,0.250381679389313,1.1196337428974203,NORMAL,True,transition,0.7161148740394325,1,-0.517214243002852,0.7252693988836741,0.9653748525299459,-0.9186029327769767,0.46412213740458014,0.49511668992585023,0.029914891821593438,False,False,0.5297709923664122,backtest_catboost_pure_h15.png,backtest_catboost_pure_h15.png,2026-08-25T18:09:01.586339,forward_catboost_pure_2026_W31.png,usdcop_forecast_zoo:catboost_pure:h15:2026-07-31,0.001755213973764946,CTR-FORECAST-OUTPUT-001
FF_catboost_pure_h20_2026_W31,forward_forecast,catboost_pure,CatBoost,boosting,20,H=20,medium,2026-W31,2026,2026-07-31,0.5190839694656488,0.0,0.0,0.0,0.46646341463414637,0.500763358778626,0.4024390243902439,0.250381679389313,1.1196337428974203,NORMAL,True,transition,0.7161148740394325,1,-0.25340122299365986,0.8332038669150245,0.9472114192480219,-0.832798684581685,0.5190839694656488,0.49511668992585023,0.029914891821593438,False,False,0.549618320610687,forward_catboost_pure_2026_W31.png,backtest_catboost_pure_h20.png,2026-08-25T18:09:01.586339,forward_catboost_pure_2026_W31.png,usdcop_forecast_zoo:catboost_pure:h20:2026-07-31,-0.004757123165185156,CTR-FORECAST-OUTPUT-001
BT_catboost_pure_h20_2026_W31,backtest,catboost_pure,CatBoost,boosting,20,H=20,medium,2026-W31,2026,2026-07-31,0.5190839694656488,0.038120576157389466,0.027245123603622794,-0.5304582520692458,0.46646341463414637,0.500763358778626,0.4024390243902439,0.250381679389313,1.1196337428974203,NORMAL,True,transition,0.7161148740394325,1,-0.25340122299365986,0.8332038669150245,0.9472114192480219,-0.832798684581685,0.5190839694656488,0.49511668992585023,0.029914891821593438,False,False,0.549618320610687,backtest_catboost_pure_h20.png,backtest_catboost_pure_h20.png,2026-08-25T18:09:01.586339,forward_catboost_pure_2026_W31.png,usdcop_forecast_zoo:catboost_pure:h20:2026-07-31,-0.004757123165185156,CTR-FORECAST-OUTPUT-001
FF_catboost_pure_h25_2026_W31,forward_forecast,catboost_pure,CatBoost,boosting,25,H=25,long,2026-W31,2026,2026-07-31,0.5261538461538462,0.0,0.0,0.0,0.40923076923076923,0.5,0.37423312883435583,0.25076923076923074,1.1196337428974203,NORMAL,True,transition,0.7161148740394325,1,-0.3661981502874837,0.7412021444980141,0.9932376900263421,-0.9449380222799634,0.5261538461538462,0.49511668992585023,0.029914891821593438,False,False,0.5538461538461539,forward_catboost_pure_2026_W31.png,backtest_catboost_pure_h25.png,2026-08-25T18:09:01.586339,forward_catboost_pure_2026_W31.png,usdcop_forecast_zoo:catboost_pure:h25:2026-07-31,-0.0007308871902294862,CTR-FORECAST-OUTPUT-001
BT_catboost_pure_h25_2026_W31,backtest,catboost_pure,CatBoost,boosting,25,H=25,long,2026-W31,2026,2026-07-31,0.5261538461538462,0.036610422117259435,0.027444317643258404,-0.21857988948215779,0.40923076923076923,0.5,0.37423312883435583,0.25076923076923074,1.1196337428974203,NORMAL,True,transition,0.7161148740394325,1,-0.3661981502874837,0.7412021444980141,0.9932376900263421,-0.9449380222799634,0.5261538461538462,0.49511668992585023,0.029914891821593438,False,False,0.5538461538461539,backtest_catboost_pure_h25.png,backtest_catboost_pure_h25.png,2026-08-25T18:09:01.586339,forward_catboost_pure_2026_W31.png,usdcop_forecast_zoo:catboost_pure:h25:2026-07-31,-0.0007308871902294862,CTR-FORECAST-OUTPUT-001
FF_catboost_pure_h30_2026_W31,forward_forecast,catboost_pure,CatBoost,boosting,30,H=30,long,2026-W31,2026,2026-07-31,0.5261538461538462,0.0,0.0,0.0,0.40307692307692305,0.5,0.26380368098159507,0.25076923076923074,1.1196337428974203,NORMAL,True,transition,0.7161148740394325,1,-0.30638557943929723,0.7576937557701375,0.991801147167656,-0.9486714504333326,0.5261538461538462,0.49511668992585023,0.029914891821593438,False,False,0.5584615384615385,forward_catboost_pure_2026_W31.png,backtest_catboost_pure_h30.png,2026-08-25T18:09:01.586339,forward_catboost_pure_2026_W31.png,usdcop_forecast_zoo:catboost_pure:h30:2026-07-31,-0.001988607866370491,CTR-FORECAST-OUTPUT-001
BT_catboost_pure_h30_2026_W31,backtest,catboost_pure,CatBoost,boosting,30,H=30,long,2026-W31,2026,2026-07-31,0.5261538461538462,0.04036792285752927,0.03010627457820915,-0.2594905907142102,0.40307692307692305,0.5,0.26380368098159507,0.25076923076923074,1.1196337428974203,NORMAL,True,transition,0.7161148740394325,1,-0.30638557943929723,0.7576937557701375,0.991801147167656,-0.9486714504333326,0.5261538461538462,0.49511668992585023,0.029914891821593438,False,False,0.5584615384615385,backtest_catboost_pure_h30.png,backtest_catboost_pure_h30.png,2026-08-25T18:09:01.586339,forward_catboost_pure_2026_W31.png,usdcop_forecast_zoo:catboost_pure:h30:2026-07-31,-0.001988607866370491,CTR-FORECAST-OUTPUT-001
FF_hybrid_xgboost_h1_2026_W31,forward_forecast,hybrid_xgboost,Hybrid XGBoost,hybrid,1,H=1,short,2026-W31,2026,2026-07-31,0.5060606060606061,0.0,0.0,0.0,0.5181818181818182,0.5,0.503030303030303,0.25,1.1196337428974203,NORMAL,True,transition,0.7161148740394325,1,-0.09437126766541733,0.9842879382537794,0.19337891001243226,-0.04464132924714981,0.5060606060606061,0.49830502830502826,0.02871646204395733,False,False,0.5333333333333333,forward_hybrid_xgboost_2026_W31.png,backtest_hybrid_xgboost_h1.png,2026-08-25T18:09:01.586339,forward_hybrid_xgboost_2026_W31.png,usdcop_forecast_zoo:hybrid_xgboost:h1:2026-07-31,0.00043778329888470276,CTR-FORECAST-OUTPUT-001
BT_hybrid_xgboost_h1_2026_W31,backtest,hybrid_xgboost,Hybrid XGBoost,hybrid,1,H=1,short,2026-W31,2026,2026-07-31,0.5060606060606061,0.007584899994024823,0.00571818144413845,-0.10025675093916919,0.5181818181818182,0.5,0.503030303030303,0.25,1.1196337428974203,NORMAL,True,transition,0.7161148740394325,1,-0.09437126766541733,0.9842879382537794,0.19337891001243226,-0.04464132924714981,0.5060606060606061,0.49830502830502826,0.02871646204395733,False,False,0.5333333333333333,backtest_hybrid_xgboost_h1.png,backtest_hybrid_xgboost_h1.png,2026-08-25T18:09:01.586339,forward_hybrid_xgboost_2026_W31.png,usdcop_forecast_zoo:hybrid_xgboost:h1:2026-07-31,0.00043778329888470276,CTR-FORECAST-OUTPUT-001
FF_hybrid_xgboost_h5_2026_W31,forward_forecast,hybrid_xgboost,Hybrid XGBoost,hybrid,5,H=5,short,2026-W31,2026,2026-07-31,0.48333333333333334,0.0,0.0,0.0,0.4727272727272727,0.5,0.47878787878787876,0.25,1.1196337428974203,NORMAL,True,transition,0.7161148740394325,1,-0.44634104788195617,0.8496786427486478,0.6571361385102743,-0.5104796470797088,0.48333333333333334,0.49830502830502826,0.02871646204395733,False,False,0.5045454545454545,forward_hybrid_xgboost_2026_W31.png,backtest_hybrid_xgboost_h5.png,2026-08-25T18:09:01.586339,forward_hybrid_xgboost_2026_W31.png,usdcop_forecast_zoo:hybrid_xgboost:h5:2026-07-31,-0.0002301989563871878,CTR-FORECAST-OUTPUT-001
BT_hybrid_xgboost_h5_2026_W31,backtest,hybrid_xgboost,Hybrid XGBoost,hybrid,5,H=5,short,2026-W31,2026,2026-07-31,0.48333333333333334,0.017305779057031265,0.01325883506408028,-0.2809130794079657,0.4727272727272727,0.5,0.47878787878787876,0.25,1.1196337428974203,NORMAL,True,transition,0.7161148740394325,1,-0.44634104788195617,0.8496786427486478,0.6571361385102743,-0.5104796470797088,0.48333333333333334,0.49830502830502826,0.02871646204395733,False,False,0.5045454545454545,backtest_hybrid_xgboost_h5.png,backtest_hybrid_xgboost_h5.png,2026-08-25T18:09:01.586339,forward_hybrid_xgboost_2026_W31.png,usdcop_forecast_zoo:hybrid_xgboost:h5:2026-07-31,-0.0002301989563871878,CTR-FORECAST-OUTPUT-001
FF_hybrid_xgboost_h10_2026_W31,forward_forecast,hybrid_xgboost,Hybrid XGBoost,hybrid,10,H=10,medium,2026-W31,2026,2026-07-31,0.4818181818181818,0.0,0.0,0.0,0.4818181818181818,0.5,0.4,0.25,1.1196337428974203,NORMAL,True,transition,0.7161148740394325,1,-0.30387443774678485,0.8571373610704606,0.8921129607716883,-0.6507103767706058,0.4818181818181818,0.49830502830502826,0.02871646204395733,False,False,0.503030303030303,forward_hybrid_xgboost_2026_W31.png,backtest_hybrid_xgboost_h10.png,2026-08-25T18:09:01.586339,forward_hybrid_xgboost_2026_W31.png,usdcop_forecast_zoo:hybrid_xgboost:h10:2026-07-31,0.003949311030080146,CTR-FORECAST-OUTPUT-001
BT_hybrid_xgboost_h10_2026_W31,backtest,hybrid_xgboost,Hybrid XGBoost,hybrid,10,H=10,medium,2026-W31,2026,2026-07-31,0.4818181818181818,0.024995182832934042,0.019238324696906717,-0.2841174537030162,0.4818181818181818,0.5,0.4,0.25,1.1196337428974203,NORMAL,True,transition,0.7161148740394325,1,-0.30387443774678485,0.8571373610704606,0.8921129607716883,-0.6507103767706058,0.4818181818181818,0.49830502830502826,0.02871646204395733,False,False,0.503030303030303,backtest_hybrid_xgboost_h10.png,backtest_hybrid_xgboost_h10.png,2026-08-25T18:09:01.586339,forward_hybrid_xgboost_2026_W31.png,usdcop_forecast_zoo:hybrid_xgboost:h10:2026-07-31,0.003949311030080146,CTR-FORECAST-OUTPUT-001
FF_hybrid_xgboost_h15_2026_W31,forward_forecast,hybrid_xgboost,Hybrid XGBoost,hybrid,15,H=15,medium,2026-W31,2026,2026-07-31,0.4946564885496183,0.0,0.0,0.0,0.524390243902439,0.500763358778626,0.4573170731707317,0.250381679389313,1.1196337428974203,NORMAL,True,transition,0.7161148740394325,1,-0.2760108528093512,0.8425398436659285,0.9471083644861531,-0.7681460525560959,0.4946564885496183,0.49830502830502826,0.02871646204395733,False,False,0.5297709923664122,forward_hybrid_xgboost_2026_W31.png,backtest_hybrid_xgboost_h15.png,2026-08-25T18:09:01.586339,forward_hybrid_xgboost_2026_W31.png,usdcop_forecast_zoo:hybrid_xgboost:h15:2026-07-31,0.011949915080364745,CTR-FORECAST-OUTPUT-001
BT_hybrid_xgboost_h15_2026_W31,backtest,hybrid_xgboost,Hybrid XGBoost,hybrid,15,H=15,medium,2026-W31,2026,2026-07-31,0.4946564885496183,0.03212938340409266,0.024015890174745317,-0.3953476572148318,0.524390243902439,0.500763358778626,0.4573170731707317,0.250381679389313,1.1196337428974203,NORMAL,True,transition,0.7161148740394325,1,-0.2760108528093512,0.8425398436659285,0.9471083644861531,-0.7681460525560959,0.4946564885496183,0.49830502830502826,0.02871646204395733,False,False,0.5297709923664122,backtest_hybrid_xgboost_h15.png,backtest_hybrid_xgboost_h15.png,2026-08-25T18:09:01.586339,forward_hybrid_xgboost_2026_W31.png,usdcop_forecast_zoo:hybrid_xgboost:h15:2026-07-31,0.011949915080364745,CTR-FORECAST-OUTPUT-001
FF_hybrid_xgboost_h20_2026_W31,forward_forecast,hybrid_xgboost,Hybrid XGBoost,hybrid,20,H=20,medium,2026-W31,2026,2026-07-31,0.5053435114503817,0.0,0.0,0.0,0.5213414634146342,0.500763358778626,0.5060975609756098,0.250381679389313,1.1196337428974203,NORMAL,True,transition,0.7161148740394325,1,-0.19085690422479373,0.8716001802950365,0.9536078107749316,-0.76012182476229,0.5053435114503817,0.49830502830502826,0.02871646204395733,False,False,0.549618320610687,forward_hybrid_xgboost_2026_W31.png,backtest_hybrid_xgboost_h20.png,2026-08-25T18:09:01.586339,forward_hybrid_xgboost_2026_W31.png,usdcop_forecast_zoo:hybrid_xgboost:h20:2026-07-31,0.010974174159247544,CTR-FORECAST-OUTPUT-001
BT_hybrid_xgboost_h20_2026_W31,backtest,hybrid_xgboost,Hybrid XGBoost,hybrid,20,H=20,medium,2026-W31,2026,2026-07-31,0.5053435114503817,0.03766972473707472,0.027237544549295327,-0.4944709202028441,0.5213414634146342,0.500763358778626,0.5060975609756098,0.250381679389313,1.1196337428974203,NORMAL,True,transition,0.7161148740394325,1,-0.19085690422479373,0.8716001802950365,0.9536078107749316,-0.76012182476229,0.5053435114503817,0.49830502830502826,0.02871646204395733,False,False,0.549618320610687,backtest_hybrid_xgboost_h20.png,backtest_hybrid_xgboost_h20.png,2026-08-25T18:09:01.586339,forward_hybrid_xgboost_2026_W31.png,usdcop_forecast_zoo:hybrid_xgboost:h20:2026-07-31,0.010974174159247544,CTR-FORECAST-OUTPUT-001
FF_hybrid_xgboost_h25_2026_W31,forward_forecast,hybrid_xgboost,Hybrid XGBoost,hybrid,25,H=25,long,2026-W31,2026,2026-07-31,0.49846153846153846,0.0,0.0,0.0,0.5538461538461539,0.5,0.5521472392638037,0.25076923076923074,1.1196337428974203,NORMAL,True,transition,0.7161148740394325,1,-0.1674378910085803,0.8721070912984045,0.9530394011281635,-0.78446951271951,0.49846153846153846,0.49830502830502826,0.02871646204395733,False,False,0.5538461538461539,forward_hybrid_xgboost_2026_W31.png,backtest_hybrid_xgboost_h25.png,2026-08-25T18:09:01.586339,forward_hybrid_xgboost_2026_W31.png,usdcop_forecast_zoo:hybrid_xgboost:h25:2026-07-31,0.012962051730211947,CTR-FORECAST-OUTPUT-001
BT_hybrid_xgboost_h25_2026_W31,backtest,hybrid_xgboost,Hybrid XGBoost,hybrid,25,H=25,long,2026-W31,2026,2026-07-31,0.49846153846153846,0.03868749836702887,0.027914205438958842,-0.3607734588770015,0.5538461538461539,0.5,0.5521472392638037,0.25076923076923074,1.1196337428974203,NORMAL,True,transition,0.7161148740394325,1,-0.1674378910085803,0.8721070912984045,0.9530394011281635,-0.78446951271951,0.49846153846153846,0.49830502830502826,0.02871646204395733,False,False,0.5538461538461539,backtest_hybrid_xgboost_h25.png,backtest_hybrid_xgboost_h25.png,2026-08-25T18:09:01.586339,forward_hybrid_xgboost_2026_W31.png,usdcop_forecast_zoo:hybrid_xgboost:h25:2026-07-31,0.012962051730211947,CTR-FORECAST-OUTPUT-001
FF_hybrid_xgboost_h30_2026_W31,forward_forecast,hybrid_xgboost,Hybrid XGBoost,hybrid,30,H=30,long,2026-W31,2026,2026-07-31,0.5184615384615384,0.0,0.0,0.0,0.5661538461538461,0.5,0.6012269938650306,0.25076923076923074,1.1196337428974203,NORMAL,True,transition,0.7161148740394325,1,-0.12374978380905836,0.8940486832955215,0.9714958989412165,-0.7704077090939243,0.5184615384615384,0.49830502830502826,0.02871646204395733,False,False,0.5584615384615385,forward_hybrid_xgboost_2026_W31.png,backtest_hybrid_xgboost_h30.png,2026-08-25T18:09:01.586339,forward_hybrid_xgboost_2026_W31.png,usdcop_forecast_zoo:hybrid_xgboost:h30:2026-07-31,0.012756949093581146,CTR-FORECAST-OUTPUT-001
BT_hybrid_xgboost_h30_2026_W31,backtest,hybrid_xgboost,Hybrid XGBoost,hybrid,30,H=30,long,2026-W31,2026,2026-07-31,0.5184615384615384,0.04264276591551492,0.03102953182996366,-0.40544175983771025,0.5661538461538461,0.5,0.6012269938650306,0.25076923076923074,1.1196337428974203,NORMAL,True,transition,0.7161148740394325,1,-0.12374978380905836,0.8940486832955215,0.9714958989412165,-0.7704077090939243,0.5184615384615384,0.49830502830502826,0.02871646204395733,False,False,0.5584615384615385,backtest_hybrid_xgboost_h30.png,backtest_hybrid_xgboost_h30.png,2026-08-25T18:09:01.586339,forward_hybrid_xgboost_2026_W31.png,usdcop_forecast_zoo:hybrid_xgboost:h30:2026-07-31,0.012756949093581146,CTR-FORECAST-OUTPUT-001
FF_hybrid_lightgbm_h1_2026_W31,forward_forecast,hybrid_lightgbm,Hybrid LightGBM,hybrid,1,H=1,short,2026-W31,2026,2026-07-31,0.4984848484848485,0.0,0.0,0.0,0.509090909090909,0.5,0.49696969696969695,0.25,1.1196337428974203,NORMAL,True,transition,0.7161148740394325,1,0.0456611879447496,1.007691992752236,0.13019600106031165,-0.0035289910123742496,0.4984848484848485,0.499007862366641,0.028839795438393035,False,False,0.5333333333333333,forward_hybrid_lightgbm_2026_W31.png,backtest_hybrid_lightgbm_h1.png,2026-08-25T18:09:01.586339,forward_hybrid_lightgbm_2026_W31.png,usdcop_forecast_zoo:hybrid_lightgbm:h1:2026-07-31,0.0003903876070227135,CTR-FORECAST-OUTPUT-001
BT_hybrid_lightgbm_h1_2026_W31,backtest,hybrid_lightgbm,Hybrid LightGBM,hybrid,1,H=1,short,2026-W31,2026,2026-07-31,0.4984848484848485,0.00756419204440595,0.005698205554525091,-0.09425720990917252,0.509090909090909,0.5,0.49696969696969695,0.25,1.1196337428974203,NORMAL,True,transition,0.7161148740394325,1,0.0456611879447496,1.007691992752236,0.13019600106031165,-0.0035289910123742496,0.4984848484848485,0.499007862366641,0.028839795438393035,False,False,0.5333333333333333,backtest_hybrid_lightgbm_h1.png,backtest_hybrid_lightgbm_h1.png,2026-08-25T18:09:01.586339,forward_hybrid_lightgbm_2026_W31.png,usdcop_forecast_zoo:hybrid_lightgbm:h1:2026-07-31,0.0003903876070227135,CTR-FORECAST-OUTPUT-001
FF_hybrid_lightgbm_h5_2026_W31,forward_forecast,hybrid_lightgbm,Hybrid LightGBM,hybrid,5,H=5,short,2026-W31,2026,2026-07-31,0.4696969696969697,0.0,0.0,0.0,0.49393939393939396,0.5,0.49696969696969695,0.25,1.1196337428974203,NORMAL,True,transition,0.7161148740394325,1,-0.5898499438815145,0.806291074317615,0.6560254185464489,-0.6005562322343232,0.4696969696969697,0.499007862366641,0.028839795438393035,False,False,0.5045454545454545,forward_hybrid_lightgbm_2026_W31.png,backtest_hybrid_lightgbm_h5.png,2026-08-25T18:09:01.586339,forward_hybrid_lightgbm_2026_W31.png,usdcop_forecast_zoo:hybrid_lightgbm:h5:2026-07-31,-8.327981354353323e-05,CTR-FORECAST-OUTPUT-001
BT_hybrid_lightgbm_h5_2026_W31,backtest,hybrid_lightgbm,Hybrid LightGBM,hybrid,5,H=5,short,2026-W31,2026,2026-07-31,0.4696969696969697,0.01728627894502389,0.013292979484315074,-0.2780280459297908,0.49393939393939396,0.5,0.49696969696969695,0.25,1.1196337428974203,NORMAL,True,transition,0.7161148740394325,1,-0.5898499438815145,0.806291074317615,0.6560254185464489,-0.6005562322343232,0.4696969696969697,0.499007862366641,0.028839795438393035,False,False,0.5045454545454545,backtest_hybrid_lightgbm_h5.png,backtest_hybrid_lightgbm_h5.png,2026-08-25T18:09:01.586339,forward_hybrid_lightgbm_2026_W31.png,usdcop_forecast_zoo:hybrid_lightgbm:h5:2026-07-31,-8.327981354353323e-05,CTR-FORECAST-OUTPUT-001
FF_hybrid_lightgbm_h10_2026_W31,forward_forecast,hybrid_lightgbm,Hybrid LightGBM,hybrid,10,H=10,medium,2026-W31,2026,2026-07-31,0.4954545454545455,0.0,0.0,0.0,0.4727272727272727,0.5,0.3939393939393939,0.25,1.1196337428974203,NORMAL,True,transition,0.7161148740394325,1,-0.1837647675096258,0.9109967025378263,0.8608274292268155,-0.5041761071384192,0.4954545454545455,0.499007862366641,0.028839795438393035,False,False,0.503030303030303,forward_hybrid_lightgbm_2026_W31.png,backtest_hybrid_lightgbm_h10.png,2026-08-25T18:09:01.586339,forward_hybrid_lightgbm_2026_W31.png,usdcop_forecast_zoo:hybrid_lightgbm:h10:2026-07-31,0.002185569976820983,CTR-FORECAST-OUTPUT-001
BT_hybrid_lightgbm_h10_2026_W31,backtest,hybrid_lightgbm,Hybrid LightGBM,hybrid,10,H=10,medium,2026-W31,2026,2026-07-31,0.4954545454545455,0.024967321623829683,0.019175749619182957,-0.2812563323866937,0.4727272727272727,0.5,0.3939393939393939,0.25,1.1196337428974203,NORMAL,True,transition,0.7161148740394325,1,-0.1837647675096258,0.9109967025378263,0.8608274292268155,-0.5041761071384192,0.4954545454545455,0.499007862366641,0.028839795438393035,False,False,0.503030303030303,backtest_hybrid_lightgbm_h10.png,backtest_hybrid_lightgbm_h10.png,2026-08-25T18:09:01.586339,forward_hybrid_lightgbm_2026_W31.png,usdcop_forecast_zoo:hybrid_lightgbm:h10:2026-07-31,0.002185569976820983,CTR-FORECAST-OUTPUT-001
FF_hybrid_lightgbm_h15_2026_W31,forward_forecast,hybrid_lightgbm,Hybrid LightGBM,hybrid,15,H=15,medium,2026-W31,2026,2026-07-31,0.49312977099236643,0.0,0.0,0.0,0.5121951219512195,0.500763358778626,0.4573170731707317,0.250381679389313,1.1196337428974203,NORMAL,True,transition,0.7161148740394325,1,-0.35824857743680216,0.800585910170781,0.9671316907340043,-0.8380507902197719,0.49312977099236643,0.499007862366641,0.028839795438393035,False,False,0.5297709923664122,forward_hybrid_lightgbm_2026_W31.png,backtest_hybrid_lightgbm_h15.png,2026-08-25T18:09:01.586339,forward_hybrid_lightgbm_2026_W31.png,usdcop_forecast_zoo:hybrid_lightgbm:h15:2026-07-31,0.011039043468819492,CTR-FORECAST-OUTPUT-001
BT_hybrid_lightgbm_h15_2026_W31,backtest,hybrid_lightgbm,Hybrid LightGBM,hybrid,15,H=15,medium,2026-W31,2026,2026-07-31,0.49312977099236643,0.032361601929223785,0.024380918672462518,-0.4155905940625746,0.5121951219512195,0.500763358778626,0.4573170731707317,0.250381679389313,1.1196337428974203,NORMAL,True,transition,0.7161148740394325,1,-0.35824857743680216,0.800585910170781,0.9671316907340043,-0.8380507902197719,0.49312977099236643,0.499007862366641,0.028839795438393035,False,False,0.5297709923664122,backtest_hybrid_lightgbm_h15.png,backtest_hybrid_lightgbm_h15.png,2026-08-25T18:09:01.586339,forward_hybrid_lightgbm_2026_W31.png,usdcop_forecast_zoo:hybrid_lightgbm:h15:2026-07-31,0.011039043468819492,CTR-FORECAST-OUTPUT-001
FF_hybrid_lightgbm_h20_2026_W31,forward_forecast,hybrid_lightgbm,Hybrid LightGBM,hybrid,20,H=20,medium,2026-W31,2026,2026-07-31,0.48244274809160304,0.0,0.0,0.0,0.5030487804878049,0.500763358778626,0.5365853658536586,0.250381679389313,1.1196337428974203,NORMAL,True,transition,0.7161148740394325,1,-0.3318716052895609,0.7873960453457861,0.9769545211618954,-0.8932196421616257,0.48244274809160304,0.499007862366641,0.028839795438393035,False,False,0.549618320610687,forward_hybrid_lightgbm_2026_W31.png,backtest_hybrid_lightgbm_h20.png,2026-08-25T18:09:01.586339,forward_hybrid_lightgbm_2026_W31.png,usdcop_forecast_zoo:hybrid_lightgbm:h20:2026-07-31,0.009532037563440239,CTR-FORECAST-OUTPUT-001
BT_hybrid_lightgbm_h20_2026_W31,backtest,hybrid_lightgbm,Hybrid LightGBM,hybrid,20,H=20,medium,2026-W31,2026,2026-07-31,0.48244274809160304,0.037745512159364336,0.027706231885909687,-0.5004903979177544,0.5030487804878049,0.500763358778626,0.5365853658536586,0.250381679389313,1.1196337428974203,NORMAL,True,transition,0.7161148740394325,1,-0.3318716052895609,0.7873960453457861,0.9769545211618954,-0.8932196421616257,0.48244274809160304,0.499007862366641,0.028839795438393035,False,False,0.549618320610687,backtest_hybrid_lightgbm_h20.png,backtest_hybrid_lightgbm_h20.png,2026-08-25T18:09:01.586339,forward_hybrid_lightgbm_2026_W31.png,usdcop_forecast_zoo:hybrid_lightgbm:h20:2026-07-31,0.009532037563440239,CTR-FORECAST-OUTPUT-001
FF_hybrid_lightgbm_h25_2026_W31,forward_forecast,hybrid_lightgbm,Hybrid LightGBM,hybrid,25,H=25,long,2026-W31,2026,2026-07-31,0.5261538461538462,0.0,0.0,0.0,0.5415384615384615,0.5,0.5521472392638037,0.25076923076923074,1.1196337428974203,NORMAL,True,transition,0.7161148740394325,1,-0.04516312303339178,0.9637677505996544,0.9530394011281635,-0.4981498642996993,0.5261538461538462,0.499007862366641,0.028839795438393035,False,False,0.5538461538461539,forward_hybrid_lightgbm_2026_W31.png,backtest_hybrid_lightgbm_h25.png,2026-08-25T18:09:01.586339,forward_hybrid_lightgbm_2026_W31.png,usdcop_forecast_zoo:hybrid_lightgbm:h25:2026-07-31,0.014035460106435842,CTR-FORECAST-OUTPUT-001
BT_hybrid_lightgbm_h25_2026_W31,backtest,hybrid_lightgbm,Hybrid LightGBM,hybrid,25,H=25,long,2026-W31,2026,2026-07-31,0.5261538461538462,0.03903708488660563,0.028057968635970716,-0.38547690909897403,0.5415384615384615,0.5,0.5521472392638037,0.25076923076923074,1.1196337428974203,NORMAL,True,transition,0.7161148740394325,1,-0.04516312303339178,0.9637677505996544,0.9530394011281635,-0.4981498642996993,0.5261538461538462,0.499007862366641,0.028839795438393035,False,False,0.5538461538461539,backtest_hybrid_lightgbm_h25.png,backtest_hybrid_lightgbm_h25.png,2026-08-25T18:09:01.586339,forward_hybrid_lightgbm_2026_W31.png,usdcop_forecast_zoo:hybrid_lightgbm:h25:2026-07-31,0.014035460106435842,CTR-FORECAST-OUTPUT-001
FF_hybrid_lightgbm_h30_2026_W31,forward_forecast,hybrid_lightgbm,Hybrid LightGBM,hybrid,30,H=30,long,2026-W31,2026,2026-07-31,0.5276923076923077,0.0,0.0,0.0,0.5538461538461539,0.5,0.5950920245398773,0.25076923076923074,1.1196337428974203,NORMAL,True,transition,0.7161148740394325,1,-0.08779389146851066,0.9236248952035288,0.9714958989412165,-0.6911226875765075,0.5276923076923077,0.499007862366641,0.028839795438393035,False,False,0.5584615384615385,forward_hybrid_lightgbm_2026_W31.png,backtest_hybrid_lightgbm_h30.png,2026-08-25T18:09:01.586339,forward_hybrid_lightgbm_2026_W31.png,usdcop_forecast_zoo:hybrid_lightgbm:h30:2026-07-31,0.012549878251778166,CTR-FORECAST-OUTPUT-001
BT_hybrid_lightgbm_h30_2026_W31,backtest,hybrid_lightgbm,Hybrid LightGBM,hybrid,30,H=30,long,2026-W31,2026,2026-07-31,0.5276923076923077,0.04291657648029796,0.031170757533827472,-0.42354847875838453,0.5538461538461539,0.5,0.5950920245398773,0.25076923076923074,1.1196337428974203,NORMAL,True,transition,0.7161148740394325,1,-0.08779389146851066,0.9236248952035288,0.9714958989412165,-0.6911226875765075,0.5276923076923077,0.499007862366641,0.028839795438393035,False,False,0.5584615384615385,backtest_hybrid_lightgbm_h30.png,backtest_hybrid_lightgbm_h30.png,2026-08-25T18:09:01.586339,forward_hybrid_lightgbm_2026_W31.png,usdcop_forecast_zoo:hybrid_lightgbm:h30:2026-07-31,0.012549878251778166,CTR-FORECAST-OUTPUT-001
FF_hybrid_catboost_h1_2026_W31,forward_forecast,hybrid_catboost,Hybrid CatBoost,hybrid,1,H=1,short,2026-W31,2026,2026-07-31,0.5333333333333333,0.0,0.0,0.0,0.5212121212121212,0.5,0.5212121212121212,0.25,1.1196337428974203,NORMAL,True,transition,0.7161148740394325,1,0.4195469133495424,1.0729480515925562,0.16637015309270195,0.1150461645289611,0.5333333333333333,0.5006676783776021,0.03005899224316001,False,True,0.5333333333333333,forward_hybrid_catboost_2026_W31.png,backtest_hybrid_catboost_h1.png,2026-08-25T18:09:01.586339,forward_hybrid_catboost_2026_W31.png,usdcop_forecast_zoo:hybrid_catboost:h1:2026-07-31,-0.0001842087392956556,CTR-FORECAST-OUTPUT-001
BT_hybrid_catboost_h1_2026_W31,backtest,hybrid_catboost,Hybrid CatBoost,hybrid,1,H=1,short,2026-W31,2026,2026-07-31,0.5333333333333333,0.008155081470236306,0.006087293285244289,-0.2718940392567992,0.5212121212121212,0.5,0.5212121212121212,0.25,1.1196337428974203,NORMAL,True,transition,0.7161148740394325,1,0.4195469133495424,1.0729480515925562,0.16637015309270195,0.1150461645289611,0.5333333333333333,0.5006676783776021,0.03005899224316001,False,True,0.5333333333333333,backtest_hybrid_catboost_h1.png,backtest_hybrid_catboost_h1.png,2026-08-25T18:09:01.586339,forward_hybrid_catboost_2026_W31.png,usdcop_forecast_zoo:hybrid_catboost:h1:2026-07-31,-0.0001842087392956556,CTR-FORECAST-OUTPUT-001
FF_hybrid_catboost_h5_2026_W31,forward_forecast,hybrid_catboost,Hybrid CatBoost,hybrid,5,H=5,short,2026-W31,2026,2026-07-31,0.4818181818181818,0.0,0.0,0.0,0.4696969696969697,0.5,0.4484848484848485,0.25,1.1196337428974203,NORMAL,True,transition,0.7161148740394325,1,-0.1931665158816671,0.931941959727952,0.5716523284676418,-0.2978225808835707,0.4818181818181818,0.5006676783776021,0.03005899224316001,False,False,0.5045454545454545,forward_hybrid_catboost_2026_W31.png,backtest_hybrid_catboost_h5.png,2026-08-25T18:09:01.586339,forward_hybrid_catboost_2026_W31.png,usdcop_forecast_zoo:hybrid_catboost:h5:2026-07-31,-0.0029166099662409546,CTR-FORECAST-OUTPUT-001
BT_hybrid_catboost_h5_2026_W31,backtest,hybrid_catboost,Hybrid CatBoost,hybrid,5,H=5,short,2026-W31,2026,2026-07-31,0.4818181818181818,0.018436051695048947,0.013793720075702703,-0.4536946267014266,0.4696969696969697,0.5,0.4484848484848485,0.25,1.1196337428974203,NORMAL,True,transition,0.7161148740394325,1,-0.1931665158816671,0.931941959727952,0.5716523284676418,-0.2978225808835707,0.4818181818181818,0.5006676783776021,0.03005899224316001,False,False,0.5045454545454545,backtest_hybrid_catboost_h5.png,backtest_hybrid_catboost_h5.png,2026-08-25T18:09:01.586339,forward_hybrid_catboost_2026_W31.png,usdcop_forecast_zoo:hybrid_catboost:h5:2026-07-31,-0.0029166099662409546,CTR-FORECAST-OUTPUT-001
FF_hybrid_catboost_h10_2026_W31,forward_forecast,hybrid_catboost,Hybrid CatBoost,hybrid,10,H=10,medium,2026-W31,2026,2026-07-31,0.4818181818181818,0.0,0.0,0.0,0.45151515151515154,0.5,0.3939393939393939,0.25,1.1196337428974203,NORMAL,True,transition,0.7161148740394325,1,-0.3183315471485223,0.850871958877259,0.9083016592090011,-0.6650828040483895,0.4818181818181818,0.5006676783776021,0.03005899224316001,False,False,0.503030303030303,forward_hybrid_catboost_2026_W31.png,backtest_hybrid_catboost_h10.png,2026-08-25T18:09:01.586339,forward_hybrid_catboost_2026_W31.png,usdcop_forecast_zoo:hybrid_catboost:h10:2026-07-31,0.0015781296221925784,CTR-FORECAST-OUTPUT-001
BT_hybrid_catboost_h10_2026_W31,backtest,hybrid_catboost,Hybrid CatBoost,hybrid,10,H=10,medium,2026-W31,2026,2026-07-31,0.4818181818181818,0.028704572837068808,0.020660920951841882,-0.6935354422234834,0.45151515151515154,0.5,0.3939393939393939,0.25,1.1196337428974203,NORMAL,True,transition,0.7161148740394325,1,-0.3183315471485223,0.850871958877259,0.9083016592090011,-0.6650828040483895,0.4818181818181818,0.5006676783776021,0.03005899224316001,False,False,0.503030303030303,backtest_hybrid_catboost_h10.png,backtest_hybrid_catboost_h10.png,2026-08-25T18:09:01.586339,forward_hybrid_catboost_2026_W31.png,usdcop_forecast_zoo:hybrid_catboost:h10:2026-07-31,0.0015781296221925784,CTR-FORECAST-OUTPUT-001
FF_hybrid_catboost_h15_2026_W31,forward_forecast,hybrid_catboost,Hybrid CatBoost,hybrid,15,H=15,medium,2026-W31,2026,2026-07-31,0.4946564885496183,0.0,0.0,0.0,0.5121951219512195,0.500763358778626,0.43902439024390244,0.250381679389313,1.1196337428974203,NORMAL,True,transition,0.7161148740394325,1,-0.24594453313215092,0.8584173378497476,0.9490110987155138,-0.7355229569070878,0.4946564885496183,0.5006676783776021,0.03005899224316001,False,False,0.5297709923664122,forward_hybrid_catboost_2026_W31.png,backtest_hybrid_catboost_h15.png,2026-08-25T18:09:01.586339,forward_hybrid_catboost_2026_W31.png,usdcop_forecast_zoo:hybrid_catboost:h15:2026-07-31,0.006762844056084204,CTR-FORECAST-OUTPUT-001
BT_hybrid_catboost_h15_2026_W31,backtest,hybrid_catboost,Hybrid CatBoost,hybrid,15,H=15,medium,2026-W31,2026,2026-07-31,0.4946564885496183,0.0353541596226143,0.024957822820379418,-0.6895018910478641,0.5121951219512195,0.500763358778626,0.43902439024390244,0.250381679389313,1.1196337428974203,NORMAL,True,transition,0.7161148740394325,1,-0.24594453313215092,0.8584173378497476,0.9490110987155138,-0.7355229569070878,0.4946564885496183,0.5006676783776021,0.03005899224316001,False,False,0.5297709923664122,backtest_hybrid_catboost_h15.png,backtest_hybrid_catboost_h15.png,2026-08-25T18:09:01.586339,forward_hybrid_catboost_2026_W31.png,usdcop_forecast_zoo:hybrid_catboost:h15:2026-07-31,0.006762844056084204,CTR-FORECAST-OUTPUT-001
FF_hybrid_catboost_h20_2026_W31,forward_forecast,hybrid_catboost,Hybrid CatBoost,hybrid,20,H=20,medium,2026-W31,2026,2026-07-31,0.5038167938931297,0.0,0.0,0.0,0.5152439024390244,0.500763358778626,0.5060975609756098,0.250381679389313,1.1196337428974203,NORMAL,True,transition,0.7161148740394325,1,-0.20498628351762685,0.8627751963450786,0.9547292210369013,-0.7789192740866536,0.5038167938931297,0.5006676783776021,0.03005899224316001,False,False,0.549618320610687,forward_hybrid_catboost_2026_W31.png,backtest_hybrid_catboost_h20.png,2026-08-25T18:09:01.586339,forward_hybrid_catboost_2026_W31.png,usdcop_forecast_zoo:hybrid_catboost:h20:2026-07-31,0.013432383550685352,CTR-FORECAST-OUTPUT-001
BT_hybrid_catboost_h20_2026_W31,backtest,hybrid_catboost,Hybrid CatBoost,hybrid,20,H=20,medium,2026-W31,2026,2026-07-31,0.5038167938931297,0.03853771201279622,0.027189355786638218,-0.5641357031626946,0.5152439024390244,0.500763358778626,0.5060975609756098,0.250381679389313,1.1196337428974203,NORMAL,True,transition,0.7161148740394325,1,-0.20498628351762685,0.8627751963450786,0.9547292210369013,-0.7789192740866536,0.5038167938931297,0.5006676783776021,0.03005899224316001,False,False,0.549618320610687,backtest_hybrid_catboost_h20.png,backtest_hybrid_catboost_h20.png,2026-08-25T18:09:01.586339,forward_hybrid_catboost_2026_W31.png,usdcop_forecast_zoo:hybrid_catboost:h20:2026-07-31,0.013432383550685352,CTR-FORECAST-OUTPUT-001
FF_hybrid_catboost_h25_2026_W31,forward_forecast,hybrid_catboost,Hybrid CatBoost,hybrid,25,H=25,long,2026-W31,2026,2026-07-31,0.5030769230769231,0.0,0.0,0.0,0.5261538461538462,0.5,0.558282208588957,0.25076923076923074,1.1196337428974203,NORMAL,True,transition,0.7161148740394325,1,-0.16734530701632735,0.8721731058085038,0.9612969894630341,-0.7843832278472008,0.5030769230769231,0.5006676783776021,0.03005899224316001,False,False,0.5538461538461539,forward_hybrid_catboost_2026_W31.png,backtest_hybrid_catboost_h25.png,2026-08-25T18:09:01.586339,forward_hybrid_catboost_2026_W31.png,usdcop_forecast_zoo:hybrid_catboost:h25:2026-07-31,0.010054211676633767,CTR-FORECAST-OUTPUT-001
BT_hybrid_catboost_h25_2026_W31,backtest,hybrid_catboost,Hybrid CatBoost,hybrid,25,H=25,long,2026-W31,2026,2026-07-31,0.5030769230769231,0.038710908611895106,0.02805823049723017,-0.36242079610223765,0.5261538461538462,0.5,0.558282208588957,0.25076923076923074,1.1196337428974203,NORMAL,True,transition,0.7161148740394325,1,-0.16734530701632735,0.8721731058085038,0.9612969894630341,-0.7843832278472008,0.5030769230769231,0.5006676783776021,0.03005899224316001,False,False,0.5538461538461539,backtest_hybrid_catboost_h25.png,backtest_hybrid_catboost_h25.png,2026-08-25T18:09:01.586339,forward_hybrid_catboost_2026_W31.png,usdcop_forecast_zoo:hybrid_catboost:h25:2026-07-31,0.010054211676633767,CTR-FORECAST-OUTPUT-001
FF_hybrid_catboost_h30_2026_W31,forward_forecast,hybrid_catboost,Hybrid CatBoost,hybrid,30,H=30,long,2026-W31,2026,2026-07-31,0.5061538461538462,0.0,0.0,0.0,0.5384615384615384,0.5,0.5644171779141104,0.25076923076923074,1.1196337428974203,NORMAL,True,transition,0.7161148740394325,1,-0.1372881945833562,0.88315785552187,0.9714958989412165,-0.7946182950774399,0.5061538461538462,0.5006676783776021,0.03005899224316001,False,False,0.5584615384615385,forward_hybrid_catboost_2026_W31.png,backtest_hybrid_catboost_h30.png,2026-08-25T18:09:01.586339,forward_hybrid_catboost_2026_W31.png,usdcop_forecast_zoo:hybrid_catboost:h30:2026-07-31,0.00956372423717938,CTR-FORECAST-OUTPUT-001
BT_hybrid_catboost_h30_2026_W31,backtest,hybrid_catboost,Hybrid CatBoost,hybrid,30,H=30,long,2026-W31,2026,2026-07-31,0.5061538461538462,0.04251445945246038,0.031137395516474316,-0.3969969056221956,0.5384615384615384,0.5,0.5644171779141104,0.25076923076923074,1.1196337428974203,NORMAL,True,transition,0.7161148740394325,1,-0.1372881945833562,0.88315785552187,0.9714958989412165,-0.7946182950774399,0.5061538461538462,0.5006676783776021,0.03005899224316001,False,False,0.5584615384615385,backtest_hybrid_catboost_h30.png,backtest_hybrid_catboost_h30.png,2026-08-25T18:09:01.586339,forward_hybrid_catboost_2026_W31.png,usdcop_forecast_zoo:hybrid_catboost:h30:2026-07-31,0.00956372423717938,CTR-FORECAST-OUTPUT-001
FF_ridge_h1_2026_W32,forward_forecast,ridge,Ridge,linear,1,H=1,short,2026-W32,2026,2026-08-07,0.5022556390977444,0.0,0.0,0.0,0.5225225225225225,0.5007518796992482,0.49101796407185627,0.2511278195488722,1.2574277967779353,NORMAL,True,transition,0.6272290639592767,1,0.13960790207943924,1.023803848637328,0.2954632207412102,0.025341986509597847,0.5022556390977444,0.5263087158684933,0.035346718887872,True,False,0.5353383458646617,forward_ridge_2026_W32.png,backtest_ridge_h1.png,2026-08-25T18:12:11.874044,forward_ridge_2026_W32.png,usdcop_forecast_zoo:ridge:h1:2026-08-07,0.0024301547358522393,CTR-FORECAST-OUTPUT-001
BT_ridge_h1_2026_W32,backtest,ridge,Ridge,linear,1,H=1,short,2026-W32,2026,2026-08-07,0.5022556390977444,0.007710494893504371,0.005765405595211989,-0.10008102100002225,0.5225225225225225,0.5007518796992482,0.49101796407185627,0.2511278195488722,1.2574277967779353,NORMAL,True,transition,0.6272290639592767,1,0.13960790207943924,1.023803848637328,0.2954632207412102,0.025341986509597847,0.5022556390977444,0.5263087158684933,0.035346718887872,True,False,0.5353383458646617,backtest_ridge_h1.png,backtest_ridge_h1.png,2026-08-25T18:12:11.874044,forward_ridge_2026_W32.png,usdcop_forecast_zoo:ridge:h1:2026-08-07,0.0024301547358522393,CTR-FORECAST-OUTPUT-001
FF_ridge_h5_2026_W32,forward_forecast,ridge,Ridge,linear,5,H=5,short,2026-W32,2026,2026-08-07,0.5015151515151515,0.0,0.0,0.0,0.4666666666666667,0.5,0.4303030303030303,0.25,1.2574277967779353,NORMAL,True,transition,0.6272290639592767,1,-0.009311704026411375,0.9966104522855147,0.6023025738080808,-0.087583553381545,0.5015151515151515,0.5263087158684933,0.035346718887872,True,True,0.5015151515151515,forward_ridge_2026_W32.png,backtest_ridge_h5.png,2026-08-25T18:12:11.874044,forward_ridge_2026_W32.png,usdcop_forecast_zoo:ridge:h5:2026-08-07,0.008850356652258947,CTR-FORECAST-OUTPUT-001
BT_ridge_h5_2026_W32,backtest,ridge,Ridge,linear,5,H=5,short,2026-W32,2026,2026-08-07,0.5015151515151515,0.01896707057692178,0.014452869901993378,-0.5321439478985022,0.4666666666666667,0.5,0.4303030303030303,0.25,1.2574277967779353,NORMAL,True,transition,0.6272290639592767,1,-0.009311704026411375,0.9966104522855147,0.6023025738080808,-0.087583553381545,0.5015151515151515,0.5263087158684933,0.035346718887872,True,True,0.5015151515151515,backtest_ridge_h5.png,backtest_ridge_h5.png,2026-08-25T18:12:11.874044,forward_ridge_2026_W32.png,usdcop_forecast_zoo:ridge:h5:2026-08-07,0.008850356652258947,CTR-FORECAST-OUTPUT-001
FF_ridge_h10_2026_W32,forward_forecast,ridge,Ridge,linear,10,H=10,medium,2026-W32,2026,2026-08-07,0.5015151515151515,0.0,0.0,0.0,0.4636363636363636,0.5,0.3393939393939394,0.25,1.2574277967779353,NORMAL,True,transition,0.6272290639592767,1,-0.028694077709921058,0.9855472389099427,0.8124616867736979,-0.21936828510637618,0.5015151515151515,0.5263087158684933,0.035346718887872,True,False,0.5045454545454545,forward_ridge_2026_W32.png,backtest_ridge_h10.png,2026-08-25T18:12:11.874044,forward_ridge_2026_W32.png,usdcop_forecast_zoo:ridge:h10:2026-08-07,0.01346918226283366,CTR-FORECAST-OUTPUT-001
BT_ridge_h10_2026_W32,backtest,ridge,Ridge,linear,10,H=10,medium,2026-W32,2026,2026-08-07,0.5015151515151515,0.02932877792995798,0.022345221563631137,-0.7682519378665544,0.4636363636363636,0.5,0.3393939393939394,0.25,1.2574277967779353,NORMAL,True,transition,0.6272290639592767,1,-0.028694077709921058,0.9855472389099427,0.8124616867736979,-0.21936828510637618,0.5015151515151515,0.5263087158684933,0.035346718887872,True,False,0.5045454545454545,backtest_ridge_h10.png,backtest_ridge_h10.png,2026-08-25T18:12:11.874044,forward_ridge_2026_W32.png,usdcop_forecast_zoo:ridge:h10:2026-08-07,0.01346918226283366,CTR-FORECAST-OUTPUT-001
FF_ridge_h15_2026_W32,forward_forecast,ridge,Ridge,linear,15,H=15,medium,2026-W32,2026,2026-08-07,0.5212121212121212,0.0,0.0,0.0,0.49696969696969695,0.5,0.4,0.25,1.2574277967779353,NORMAL,True,transition,0.6272290639592767,1,-0.08604414471769642,0.9480678617140508,0.910804017597675,-0.47057653382634224,0.5212121212121212,0.5263087158684933,0.035346718887872,True,False,0.5272727272727272,forward_ridge_2026_W32.png,backtest_ridge_h15.png,2026-08-25T18:12:11.874044,forward_ridge_2026_W32.png,usdcop_forecast_zoo:ridge:h15:2026-08-07,0.019354571195607215,CTR-FORECAST-OUTPUT-001
BT_ridge_h15_2026_W32,backtest,ridge,Ridge,linear,15,H=15,medium,2026-W32,2026,2026-08-07,0.5212121212121212,0.038418320686613466,0.028025831384386274,-0.9857593129329187,0.49696969696969695,0.5,0.4,0.25,1.2574277967779353,NORMAL,True,transition,0.6272290639592767,1,-0.08604414471769642,0.9480678617140508,0.910804017597675,-0.47057653382634224,0.5212121212121212,0.5263087158684933,0.035346718887872,True,False,0.5272727272727272,backtest_ridge_h15.png,backtest_ridge_h15.png,2026-08-25T18:12:11.874044,forward_ridge_2026_W32.png,usdcop_forecast_zoo:ridge:h15:2026-08-07,0.019354571195607215,CTR-FORECAST-OUTPUT-001
FF_ridge_h20_2026_W32,forward_forecast,ridge,Ridge,linear,20,H=20,medium,2026-W32,2026,2026-08-07,0.5511450381679389,0.0,0.0,0.0,0.5426829268292683,0.500763358778626,0.4329268292682927,0.250381679389313,1.2574277967779353,NORMAL,True,transition,0.6272290639592767,1,0.11973601823679977,1.0899425962491398,0.9470141403568443,0.44487625991274093,0.5511450381679389,0.5263087158684933,0.035346718887872,True,True,0.5511450381679389,forward_ridge_2026_W32.png,backtest_ridge_h20.png,2026-08-25T18:12:11.874044,forward_ridge_2026_W32.png,usdcop_forecast_zoo:ridge:h20:2026-08-07,0.019219249685383615,CTR-FORECAST-OUTPUT-001
BT_ridge_h20_2026_W32,backtest,ridge,Ridge,linear,20,H=20,medium,2026-W32,2026,2026-08-07,0.5511450381679389,0.04540330287672656,0.03204984180463414,-1.1555970429794087,0.5426829268292683,0.500763358778626,0.4329268292682927,0.250381679389313,1.2574277967779353,NORMAL,True,transition,0.6272290639592767,1,0.11973601823679977,1.0899425962491398,0.9470141403568443,0.44487625991274093,0.5511450381679389,0.5263087158684933,0.035346718887872,True,True,0.5511450381679389,backtest_ridge_h20.png,backtest_ridge_h20.png,2026-08-25T18:12:11.874044,forward_ridge_2026_W32.png,usdcop_forecast_zoo:ridge:h20:2026-08-07,0.019219249685383615,CTR-FORECAST-OUTPUT-001
FF_ridge_h25_2026_W32,forward_forecast,ridge,Ridge,linear,25,H=25,long,2026-W32,2026,2026-08-07,0.5526717557251909,0.0,0.0,0.0,0.5670731707317073,0.500763358778626,0.5182926829268293,0.250381679389313,1.2574277967779353,NORMAL,True,transition,0.6272290639592767,1,0.11840786165520334,1.1016444732392694,0.9709907071365252,0.5637691342455271,0.5526717557251909,0.5263087158684933,0.035346718887872,True,True,0.5526717557251909,forward_ridge_2026_W32.png,backtest_ridge_h25.png,2026-08-25T18:12:11.874044,forward_ridge_2026_W32.png,usdcop_forecast_zoo:ridge:h25:2026-08-07,0.021256414832587785,CTR-FORECAST-OUTPUT-001
BT_ridge_h25_2026_W32,backtest,ridge,Ridge,linear,25,H=25,long,2026-W32,2026,2026-08-07,0.5526717557251909,0.0516730795004936,0.03592706329800699,-1.3342619029548968,0.5670731707317073,0.500763358778626,0.5182926829268293,0.250381679389313,1.2574277967779353,NORMAL,True,transition,0.6272290639592767,1,0.11840786165520334,1.1016444732392694,0.9709907071365252,0.5637691342455271,0.5526717557251909,0.5263087158684933,0.035346718887872,True,True,0.5526717557251909,backtest_ridge_h25.png,backtest_ridge_h25.png,2026-08-25T18:12:11.874044,forward_ridge_2026_W32.png,usdcop_forecast_zoo:ridge:h25:2026-08-07,0.021256414832587785,CTR-FORECAST-OUTPUT-001
FF_ridge_h30_2026_W32,forward_forecast,ridge,Ridge,linear,30,H=30,long,2026-W32,2026,2026-08-07,0.5538461538461539,0.0,0.0,0.0,0.5784615384615385,0.5,0.5337423312883436,0.25076923076923074,1.2574277967779353,NORMAL,True,transition,0.6272290639592767,1,0.056489558690240735,1.0524998423924588,0.9781253676363654,0.011589526387996596,0.5538461538461539,0.5263087158684933,0.035346718887872,True,True,0.5538461538461539,forward_ridge_2026_W32.png,backtest_ridge_h30.png,2026-08-25T18:12:11.874044,forward_ridge_2026_W32.png,usdcop_forecast_zoo:ridge:h30:2026-08-07,0.03273690183427661,CTR-FORECAST-OUTPUT-001
BT_ridge_h30_2026_W32,backtest,ridge,Ridge,linear,30,H=30,long,2026-W32,2026,2026-08-07,0.5538461538461539,0.05592598575088622,0.03901913199128376,-1.368032508495423,0.5784615384615385,0.5,0.5337423312883436,0.25076923076923074,1.2574277967779353,NORMAL,True,transition,0.6272290639592767,1,0.056489558690240735,1.0524998423924588,0.9781253676363654,0.011589526387996596,0.5538461538461539,0.5263087158684933,0.035346718887872,True,True,0.5538461538461539,backtest_ridge_h30.png,backtest_ridge_h30.png,2026-08-25T18:12:11.874044,forward_ridge_2026_W32.png,usdcop_forecast_zoo:ridge:h30:2026-08-07,0.03273690183427661,CTR-FORECAST-OUTPUT-001
FF_bayesian_ridge_h1_2026_W32,forward_forecast,bayesian_ridge,Bayesian Ridge,linear,1,H=1,short,2026-W32,2026,2026-08-07,0.5052631578947369,0.0,0.0,0.0,0.5315315315315315,0.5007518796992482,0.5029940119760479,0.2511278195488722,1.2574277967779353,NORMAL,True,transition,0.6272290639592767,1,0.1815750568212956,1.0310697802190882,0.2886440033860259,0.03868894271519063,0.5052631578947369,0.5230421339742352,0.03435716996744844,False,False,0.5353383458646617,forward_bayesian_ridge_2026_W32.png,backtest_bayesian_ridge_h1.png,2026-08-25T18:12:11.874044,forward_bayesian_ridge_2026_W32.png,usdcop_forecast_zoo:bayesian_ridge:h1:2026-08-07,0.0023743268731365092,CTR-FORECAST-OUTPUT-001
BT_bayesian_ridge_h1_2026_W32,backtest,bayesian_ridge,Bayesian Ridge,linear,1,H=1,short,2026-W32,2026,2026-08-07,0.5052631578947369,0.007586950045900527,0.005670317933918266,-0.06511037128401798,0.5315315315315315,0.5007518796992482,0.5029940119760479,0.2511278195488722,1.2574277967779353,NORMAL,True,transition,0.6272290639592767,1,0.1815750568212956,1.0310697802190882,0.2886440033860259,0.03868894271519063,0.5052631578947369,0.5230421339742352,0.03435716996744844,False,False,0.5353383458646617,backtest_bayesian_ridge_h1.png,backtest_bayesian_ridge_h1.png,2026-08-25T18:12:11.874044,forward_bayesian_ridge_2026_W32.png,usdcop_forecast_zoo:bayesian_ridge:h1:2026-08-07,0.0023743268731365092,CTR-FORECAST-OUTPUT-001
FF_bayesian_ridge_h5_2026_W32,forward_forecast,bayesian_ridge,Bayesian Ridge,linear,5,H=5,short,2026-W32,2026,2026-08-07,0.4909090909090909,0.0,0.0,0.0,0.48484848484848486,0.5,0.42424242424242425,0.25,1.2574277967779353,NORMAL,True,transition,0.6272290639592767,1,-0.09555407280607674,0.9657579676135253,0.6067651296449462,-0.19352596740825334,0.4909090909090909,0.5230421339742352,0.03435716996744844,False,False,0.5015151515151515,forward_bayesian_ridge_2026_W32.png,backtest_bayesian_ridge_h5.png,2026-08-25T18:12:11.874044,forward_bayesian_ridge_2026_W32.png,usdcop_forecast_zoo:bayesian_ridge:h5:2026-08-07,0.009004763862646993,CTR-FORECAST-OUTPUT-001
BT_bayesian_ridge_h5_2026_W32,backtest,bayesian_ridge,Bayesian Ridge,linear,5,H=5,short,2026-W32,2026,2026-08-07,0.4909090909090909,0.01831897810127519,0.01398344521802814,-0.42922806808406877,0.48484848484848486,0.5,0.42424242424242425,0.25,1.2574277967779353,NORMAL,True,transition,0.6272290639592767,1,-0.09555407280607674,0.9657579676135253,0.6067651296449462,-0.19352596740825334,0.4909090909090909,0.5230421339742352,0.03435716996744844,False,False,0.5015151515151515,backtest_bayesian_ridge_h5.png,backtest_bayesian_ridge_h5.png,2026-08-25T18:12:11.874044,forward_bayesian_ridge_2026_W32.png,usdcop_forecast_zoo:bayesian_ridge:h5:2026-08-07,0.009004763862646993,CTR-FORECAST-OUTPUT-001
FF_bayesian_ridge_h10_2026_W32,forward_forecast,bayesian_ridge,Bayesian Ridge,linear,10,H=10,medium,2026-W32,2026,2026-08-07,0.49242424242424243,0.0,0.0,0.0,0.4575757575757576,0.5,0.3515151515151515,0.25,1.2574277967779353,NORMAL,True,transition,0.6272290639592767,1,-0.10273435139684647,0.9492110715841565,0.812461686773698,-0.37144789421884217,0.49242424242424243,0.5230421339742352,0.03435716996744844,False,False,0.5045454545454545,forward_bayesian_ridge_2026_W32.png,backtest_bayesian_ridge_h10.png,2026-08-25T18:12:11.874044,forward_bayesian_ridge_2026_W32.png,usdcop_forecast_zoo:bayesian_ridge:h10:2026-08-07,0.014090190183352383,CTR-FORECAST-OUTPUT-001
BT_bayesian_ridge_h10_2026_W32,backtest,bayesian_ridge,Bayesian Ridge,linear,10,H=10,medium,2026-W32,2026,2026-08-07,0.49242424242424243,0.028263556184471947,0.02156675299505585,-0.6421386314937423,0.4575757575757576,0.5,0.3515151515151515,0.25,1.2574277967779353,NORMAL,True,transition,0.6272290639592767,1,-0.10273435139684647,0.9492110715841565,0.812461686773698,-0.37144789421884217,0.49242424242424243,0.5230421339742352,0.03435716996744844,False,False,0.5045454545454545,backtest_bayesian_ridge_h10.png,backtest_bayesian_ridge_h10.png,2026-08-25T18:12:11.874044,forward_bayesian_ridge_2026_W32.png,usdcop_forecast_zoo:bayesian_ridge:h10:2026-08-07,0.014090190183352383,CTR-FORECAST-OUTPUT-001
FF_bayesian_ridge_h15_2026_W32,forward_forecast,bayesian_ridge,Bayesian Ridge,linear,15,H=15,medium,2026-W32,2026,2026-08-07,0.5272727272727272,0.0,0.0,0.0,0.5181818181818182,0.5,0.40606060606060607,0.25,1.2574277967779353,NORMAL,True,transition,0.6272290639592767,1,-0.014305424296468708,0.9911729910724026,0.9108040175976749,-0.27130779837683305,0.5272727272727272,0.5230421339742352,0.03435716996744844,False,True,0.5272727272727272,forward_bayesian_ridge_2026_W32.png,backtest_bayesian_ridge_h15.png,2026-08-25T18:12:11.874044,forward_bayesian_ridge_2026_W32.png,usdcop_forecast_zoo:bayesian_ridge:h15:2026-08-07,0.01960282741904653,CTR-FORECAST-OUTPUT-001
BT_bayesian_ridge_h15_2026_W32,backtest,bayesian_ridge,Bayesian Ridge,linear,15,H=15,medium,2026-W32,2026,2026-08-07,0.5272727272727272,0.037250177038042113,0.027238970721850896,-0.8668375833060791,0.5181818181818182,0.5,0.40606060606060607,0.25,1.2574277967779353,NORMAL,True,transition,0.6272290639592767,1,-0.014305424296468708,0.9911729910724026,0.9108040175976749,-0.27130779837683305,0.5272727272727272,0.5230421339742352,0.03435716996744844,False,True,0.5272727272727272,backtest_bayesian_ridge_h15.png,backtest_bayesian_ridge_h15.png,2026-08-25T18:12:11.874044,forward_bayesian_ridge_2026_W32.png,usdcop_forecast_zoo:bayesian_ridge:h15:2026-08-07,0.01960282741904653,CTR-FORECAST-OUTPUT-001
FF_bayesian_ridge_h20_2026_W32,forward_forecast,bayesian_ridge,Bayesian Ridge,linear,20,H=20,medium,2026-W32,2026,2026-08-07,0.5435114503816794,0.0,0.0,0.0,0.5487804878048781,0.500763358778626,0.4451219512195122,0.250381679389313,1.2574277967779353,NORMAL,True,transition,0.6272290639592767,1,0.09459193192053318,1.0704058290001848,0.9470141403568443,0.2487951034916407,0.5435114503816794,0.5230421339742352,0.03435716996744844,False,False,0.5511450381679389,forward_bayesian_ridge_2026_W32.png,backtest_bayesian_ridge_h20.png,2026-08-25T18:12:11.874044,forward_bayesian_ridge_2026_W32.png,usdcop_forecast_zoo:bayesian_ridge:h20:2026-08-07,0.01942472909132005,CTR-FORECAST-OUTPUT-001
BT_bayesian_ridge_h20_2026_W32,backtest,bayesian_ridge,Bayesian Ridge,linear,20,H=20,medium,2026-W32,2026,2026-08-07,0.5435114503816794,0.04408233693465864,0.031189619218010705,-1.0319915834569215,0.5487804878048781,0.500763358778626,0.4451219512195122,0.250381679389313,1.2574277967779353,NORMAL,True,transition,0.6272290639592767,1,0.09459193192053318,1.0704058290001848,0.9470141403568443,0.2487951034916407,0.5435114503816794,0.5230421339742352,0.03435716996744844,False,False,0.5511450381679389,backtest_bayesian_ridge_h20.png,backtest_bayesian_ridge_h20.png,2026-08-25T18:12:11.874044,forward_bayesian_ridge_2026_W32.png,usdcop_forecast_zoo:bayesian_ridge:h20:2026-08-07,0.01942472909132005,CTR-FORECAST-OUTPUT-001
FF_bayesian_ridge_h25_2026_W32,forward_forecast,bayesian_ridge,Bayesian Ridge,linear,25,H=25,long,2026-W32,2026,2026-08-07,0.5511450381679389,0.0,0.0,0.0,0.573170731707317,0.500763358778626,0.524390243902439,0.250381679389313,1.2574277967779353,NORMAL,True,transition,0.6272290639592767,1,0.11521669941134345,1.0987736381749915,0.9709907071365252,0.5287647124464303,0.5511450381679389,0.5230421339742352,0.03435716996744844,False,False,0.5526717557251909,forward_bayesian_ridge_2026_W32.png,backtest_bayesian_ridge_h25.png,2026-08-25T18:12:11.874044,forward_bayesian_ridge_2026_W32.png,usdcop_forecast_zoo:bayesian_ridge:h25:2026-08-07,0.02085410038178987,CTR-FORECAST-OUTPUT-001
BT_bayesian_ridge_h25_2026_W32,backtest,bayesian_ridge,Bayesian Ridge,linear,25,H=25,long,2026-W32,2026,2026-08-07,0.5511450381679389,0.0503760245552977,0.03516130043321239,-1.2185472217673587,0.573170731707317,0.500763358778626,0.524390243902439,0.250381679389313,1.2574277967779353,NORMAL,True,transition,0.6272290639592767,1,0.11521669941134345,1.0987736381749915,0.9709907071365252,0.5287647124464303,0.5511450381679389,0.5230421339742352,0.03435716996744844,False,False,0.5526717557251909,backtest_bayesian_ridge_h25.png,backtest_bayesian_ridge_h25.png,2026-08-25T18:12:11.874044,forward_bayesian_ridge_2026_W32.png,usdcop_forecast_zoo:bayesian_ridge:h25:2026-08-07,0.02085410038178987,CTR-FORECAST-OUTPUT-001
FF_bayesian_ridge_h30_2026_W32,forward_forecast,bayesian_ridge,Bayesian Ridge,linear,30,H=30,long,2026-W32,2026,2026-08-07,0.5507692307692308,0.0,0.0,0.0,0.5907692307692308,0.5,0.5337423312883436,0.25076923076923074,1.2574277967779353,NORMAL,True,transition,0.6272290639592767,1,0.04566040496120934,1.0422258896954013,0.9781253676363654,-0.07584213115840133,0.5507692307692308,0.5230421339742352,0.03435716996744844,False,False,0.5538461538461539,forward_bayesian_ridge_2026_W32.png,backtest_bayesian_ridge_h30.png,2026-08-25T18:12:11.874044,forward_bayesian_ridge_2026_W32.png,usdcop_forecast_zoo:bayesian_ridge:h30:2026-08-07,0.029776723842958864,CTR-FORECAST-OUTPUT-001
BT_bayesian_ridge_h30_2026_W32,backtest,bayesian_ridge,Bayesian Ridge,linear,30,H=30,long,2026-W32,2026,2026-08-07,0.5507692307692308,0.05462216691249301,0.03827496689918095,-1.2589062900050854,0.5907692307692308,0.5,0.5337423312883436,0.25076923076923074,1.2574277967779353,NORMAL,True,transition,0.6272290639592767,1,0.04566040496120934,1.0422258896954013,0.9781253676363654,-0.07584213115840133,0.5507692307692308,0.5230421339742352,0.03435716996744844,False,False,0.5538461538461539,backtest_bayesian_ridge_h30.png,backtest_bayesian_ridge_h30.png,2026-08-25T18:12:11.874044,forward_bayesian_ridge_2026_W32.png,usdcop_forecast_zoo:bayesian_ridge:h30:2026-08-07,0.029776723842958864,CTR-FORECAST-OUTPUT-001
FF_ard_h1_2026_W32,forward_forecast,ard,ARD,linear,1,H=1,short,2026-W32,2026,2026-08-07,0.5353383458646617,0.0,0.0,0.0,0.5255255255255256,0.5007518796992482,0.5269461077844312,0.2511278195488722,1.2574277967779353,NORMAL,True,transition,0.6272290639592767,1,0.5324580036366877,1.0938812356362406,0.18198359601767725,0.15718400657546572,0.5353383458646617,0.4820045849805363,0.0314223692074832,False,True,0.5353383458646617,forward_ard_2026_W32.png,backtest_ard_h1.png,2026-08-25T18:12:11.874044,forward_ard_2026_W32.png,usdcop_forecast_zoo:ard:h1:2026-08-07,-6.596665495992542e-05,CTR-FORECAST-OUTPUT-001
BT_ard_h1_2026_W32,backtest,ard,ARD,linear,1,H=1,short,2026-W32,2026,2026-08-07,0.5353383458646617,0.0074491883754531345,0.005554355279477854,-0.026781601537667177,0.5255255255255256,0.5007518796992482,0.5269461077844312,0.2511278195488722,1.2574277967779353,NORMAL,True,transition,0.6272290639592767,1,0.5324580036366877,1.0938812356362406,0.18198359601767725,0.15718400657546572,0.5353383458646617,0.4820045849805363,0.0314223692074832,False,True,0.5353383458646617,backtest_ard_h1.png,backtest_ard_h1.png,2026-08-25T18:12:11.874044,forward_ard_2026_W32.png,usdcop_forecast_zoo:ard:h1:2026-08-07,-6.596665495992542e-05,CTR-FORECAST-OUTPUT-001
FF_ard_h5_2026_W32,forward_forecast,ard,ARD,linear,5,H=5,short,2026-W32,2026,2026-08-07,0.43636363636363634,0.0,0.0,0.0,0.4575757575757576,0.5,0.4121212121212121,0.25,1.2574277967779353,NORMAL,True,transition,0.6272290639592767,1,-0.6807042857589036,0.7800954798510717,0.8232456009317263,-0.6493272643885968,0.43636363636363634,0.4820045849805363,0.0314223692074832,False,False,0.5015151515151515,forward_ard_2026_W32.png,backtest_ard_h5.png,2026-08-25T18:12:11.874044,forward_ard_2026_W32.png,usdcop_forecast_zoo:ard:h5:2026-08-07,-0.00027845828545783135,CTR-FORECAST-OUTPUT-001
BT_ard_h5_2026_W32,backtest,ard,ARD,linear,5,H=5,short,2026-W32,2026,2026-08-07,0.43636363636363634,0.015441461657368571,0.011975066677804864,-0.015490498678592646,0.4575757575757576,0.5,0.4121212121212121,0.25,1.2574277967779353,NORMAL,True,transition,0.6272290639592767,1,-0.6807042857589036,0.7800954798510717,0.8232456009317263,-0.6493272643885968,0.43636363636363634,0.4820045849805363,0.0314223692074832,False,False,0.5015151515151515,backtest_ard_h5.png,backtest_ard_h5.png,2026-08-25T18:12:11.874044,forward_ard_2026_W32.png,usdcop_forecast_zoo:ard:h5:2026-08-07,-0.00027845828545783135,CTR-FORECAST-OUTPUT-001
FF_ard_h10_2026_W32,forward_forecast,ard,ARD,linear,10,H=10,medium,2026-W32,2026,2026-08-07,0.4121212121212121,0.0,0.0,0.0,0.44242424242424244,0.5,0.4484848484848485,0.25,1.2574277967779353,NORMAL,True,transition,0.6272290639592767,1,-0.681856432666788,0.7073599860396547,0.9654948732787547,-0.8824538025403084,0.4121212121212121,0.4820045849805363,0.0314223692074832,False,False,0.5045454545454545,forward_ard_2026_W32.png,backtest_ard_h10.png,2026-08-25T18:12:11.874044,forward_ard_2026_W32.png,usdcop_forecast_zoo:ard:h10:2026-08-07,-0.0008327653328203121,CTR-FORECAST-OUTPUT-001
BT_ard_h10_2026_W32,backtest,ard,ARD,linear,10,H=10,medium,2026-W32,2026,2026-08-07,0.4121212121212121,0.022764148371771122,0.018501753165871854,-0.06526834880464816,0.44242424242424244,0.5,0.4484848484848485,0.25,1.2574277967779353,NORMAL,True,transition,0.6272290639592767,1,-0.681856432666788,0.7073599860396547,0.9654948732787547,-0.8824538025403084,0.4121212121212121,0.4820045849805363,0.0314223692074832,False,False,0.5045454545454545,backtest_ard_h10.png,backtest_ard_h10.png,2026-08-25T18:12:11.874044,forward_ard_2026_W32.png,usdcop_forecast_zoo:ard:h10:2026-08-07,-0.0008327653328203121,CTR-FORECAST-OUTPUT-001
FF_ard_h15_2026_W32,forward_forecast,ard,ARD,linear,15,H=15,medium,2026-W32,2026,2026-08-07,0.4287878787878788,0.0,0.0,0.0,0.4484848484848485,0.5,0.4121212121212121,0.25,1.2574277967779353,NORMAL,True,transition,0.6272290639592767,1,-0.48194242219727806,0.7416642752515737,0.9745472856216727,-0.907727469715773,0.4287878787878788,0.4820045849805363,0.0314223692074832,False,False,0.5272727272727272,forward_ard_2026_W32.png,backtest_ard_h15.png,2026-08-25T18:12:11.874044,forward_ard_2026_W32.png,usdcop_forecast_zoo:ard:h15:2026-08-07,-0.0015425257614008628,CTR-FORECAST-OUTPUT-001
BT_ard_h15_2026_W32,backtest,ard,ARD,linear,15,H=15,medium,2026-W32,2026,2026-08-07,0.4287878787878788,0.03428917471216586,0.027219006146557014,-0.5818449709504772,0.4484848484848485,0.5,0.4121212121212121,0.25,1.2574277967779353,NORMAL,True,transition,0.6272290639592767,1,-0.48194242219727806,0.7416642752515737,0.9745472856216727,-0.907727469715773,0.4287878787878788,0.4820045849805363,0.0314223692074832,False,False,0.5272727272727272,backtest_ard_h15.png,backtest_ard_h15.png,2026-08-25T18:12:11.874044,forward_ard_2026_W32.png,usdcop_forecast_zoo:ard:h15:2026-08-07,-0.0015425257614008628,CTR-FORECAST-OUTPUT-001
FF_ard_h20_2026_W32,forward_forecast,ard,ARD,linear,20,H=20,medium,2026-W32,2026,2026-08-07,0.4763358778625954,0.0,0.0,0.0,0.5396341463414634,0.500763358778626,0.4695121951219512,0.250381679389313,1.2574277967779353,NORMAL,True,transition,0.6272290639592767,1,-0.29268485526491567,0.8101159458975136,0.9598170695020254,-0.867670141555859,0.4763358778625954,0.4820045849805363,0.0314223692074832,False,False,0.5511450381679389,forward_ard_2026_W32.png,backtest_ard_h20.png,2026-08-25T18:12:11.874044,forward_ard_2026_W32.png,usdcop_forecast_zoo:ard:h20:2026-08-07,-0.0022555045585280643,CTR-FORECAST-OUTPUT-001
BT_ard_h20_2026_W32,backtest,ard,ARD,linear,20,H=20,medium,2026-W32,2026,2026-08-07,0.4763358778625954,0.039812030192389845,0.03046469202351863,-0.6573771038297356,0.5396341463414634,0.500763358778626,0.4695121951219512,0.250381679389313,1.2574277967779353,NORMAL,True,transition,0.6272290639592767,1,-0.29268485526491567,0.8101159458975136,0.9598170695020254,-0.867670141555859,0.4763358778625954,0.4820045849805363,0.0314223692074832,False,False,0.5511450381679389,backtest_ard_h20.png,backtest_ard_h20.png,2026-08-25T18:12:11.874044,forward_ard_2026_W32.png,usdcop_forecast_zoo:ard:h20:2026-08-07,-0.0022555045585280643,CTR-FORECAST-OUTPUT-001
FF_ard_h25_2026_W32,forward_forecast,ard,ARD,linear,25,H=25,long,2026-W32,2026,2026-08-07,0.5389312977099237,0.0,0.0,0.0,0.551829268292683,0.500763358778626,0.524390243902439,0.250381679389313,1.2574277967779353,NORMAL,True,transition,0.6272290639592767,1,0.009727191861919211,1.0079834641719458,0.9741390676491831,-0.28010888991788874,0.5389312977099237,0.4820045849805363,0.0314223692074832,False,False,0.5526717557251909,forward_ard_2026_W32.png,backtest_ard_h25.png,2026-08-25T18:12:11.874044,forward_ard_2026_W32.png,usdcop_forecast_zoo:ard:h25:2026-08-07,-0.0028774936265721918,CTR-FORECAST-OUTPUT-001
BT_ard_h25_2026_W32,backtest,ard,ARD,linear,25,H=25,long,2026-W32,2026,2026-08-07,0.5389312977099237,0.04490755728595471,0.033295763687897884,-0.7630302268877247,0.551829268292683,0.500763358778626,0.524390243902439,0.250381679389313,1.2574277967779353,NORMAL,True,transition,0.6272290639592767,1,0.009727191861919211,1.0079834641719458,0.9741390676491831,-0.28010888991788874,0.5389312977099237,0.4820045849805363,0.0314223692074832,False,False,0.5526717557251909,backtest_ard_h25.png,backtest_ard_h25.png,2026-08-25T18:12:11.874044,forward_ard_2026_W32.png,usdcop_forecast_zoo:ard:h25:2026-08-07,-0.0028774936265721918,CTR-FORECAST-OUTPUT-001
FF_ard_h30_2026_W32,forward_forecast,ard,ARD,linear,30,H=30,long,2026-W32,2026,2026-08-07,0.5461538461538461,0.0,0.0,0.0,0.5538461538461539,0.5,0.5030674846625767,0.25076923076923074,1.2574277967779353,NORMAL,True,transition,0.6272290639592767,1,0.0035701483167433607,1.0032389769120391,0.9803019927300943,-0.35031288903151636,0.5461538461538461,0.4820045849805363,0.0314223692074832,False,False,0.5538461538461539,forward_ard_2026_W32.png,backtest_ard_h30.png,2026-08-25T18:12:11.874044,forward_ard_2026_W32.png,usdcop_forecast_zoo:ard:h30:2026-08-07,0.028280888823196907,CTR-FORECAST-OUTPUT-001
BT_ard_h30_2026_W32,backtest,ard,ARD,linear,30,H=30,long,2026-W32,2026,2026-08-07,0.5461538461538461,0.055293023857279175,0.03955189144746842,-1.314733767184534,0.5538461538461539,0.5,0.5030674846625767,0.25076923076923074,1.2574277967779353,NORMAL,True,transition,0.6272290639592767,1,0.0035701483167433607,1.0032389769120391,0.9803019927300943,-0.35031288903151636,0.5461538461538461,0.4820045849805363,0.0314223692074832,False,False,0.5538461538461539,backtest_ard_h30.png,backtest_ard_h30.png,2026-08-25T18:12:11.874044,forward_ard_2026_W32.png,usdcop_forecast_zoo:ard:h30:2026-08-07,0.028280888823196907,CTR-FORECAST-OUTPUT-001
FF_xgboost_pure_h1_2026_W32,forward_forecast,xgboost_pure,XGBoost,boosting,1,H=1,short,2026-W32,2026,2026-08-07,0.5022556390977444,0.0,0.0,0.0,0.4984984984984985,0.5007518796992482,0.47305389221556887,0.2511278195488722,1.2574277967779353,NORMAL,True,transition,0.6272290639592767,1,0.1142765165447955,1.0194429828140978,0.16646799744542068,0.01738501928967917,0.5022556390977444,0.4888692088106655,0.02788649223840557,False,False,0.5353383458646617,forward_xgboost_pure_2026_W32.png,backtest_xgboost_pure_h1.png,2026-08-25T18:12:11.874044,forward_xgboost_pure_2026_W32.png,usdcop_forecast_zoo:xgboost_pure:h1:2026-08-07,-1.7677310097496957e-05,CTR-FORECAST-OUTPUT-001
BT_xgboost_pure_h1_2026_W32,backtest,xgboost_pure,XGBoost,boosting,1,H=1,short,2026-W32,2026,2026-08-07,0.5022556390977444,0.007845655006143135,0.005923025827971026,-0.13898650556481718,0.4984984984984985,0.5007518796992482,0.47305389221556887,0.2511278195488722,1.2574277967779353,NORMAL,True,transition,0.6272290639592767,1,0.1142765165447955,1.0194429828140978,0.16646799744542068,0.01738501928967917,0.5022556390977444,0.4888692088106655,0.02788649223840557,False,False,0.5353383458646617,backtest_xgboost_pure_h1.png,backtest_xgboost_pure_h1.png,2026-08-25T18:12:11.874044,forward_xgboost_pure_2026_W32.png,usdcop_forecast_zoo:xgboost_pure:h1:2026-08-07,-1.7677310097496957e-05,CTR-FORECAST-OUTPUT-001
FF_xgboost_pure_h5_2026_W32,forward_forecast,xgboost_pure,XGBoost,boosting,5,H=5,short,2026-W32,2026,2026-08-07,0.48333333333333334,0.0,0.0,0.0,0.47878787878787876,0.5,0.4909090909090909,0.25,1.2574277967779353,NORMAL,True,transition,0.6272290639592767,1,-0.6398276424254795,0.7918280224484804,0.6941092609582881,-0.6286698181848173,0.48333333333333334,0.4888692088106655,0.02788649223840557,False,False,0.5015151515151515,forward_xgboost_pure_2026_W32.png,backtest_xgboost_pure_h5.png,2026-08-25T18:12:11.874044,forward_xgboost_pure_2026_W32.png,usdcop_forecast_zoo:xgboost_pure:h5:2026-08-07,-0.0008903463021852076,CTR-FORECAST-OUTPUT-001
BT_xgboost_pure_h5_2026_W32,backtest,xgboost_pure,XGBoost,boosting,5,H=5,short,2026-W32,2026,2026-08-07,0.48333333333333334,0.017255859968176482,0.013295257033702542,-0.268154786309603,0.47878787878787876,0.5,0.4909090909090909,0.25,1.2574277967779353,NORMAL,True,transition,0.6272290639592767,1,-0.6398276424254795,0.7918280224484804,0.6941092609582881,-0.6286698181848173,0.48333333333333334,0.4888692088106655,0.02788649223840557,False,False,0.5015151515151515,backtest_xgboost_pure_h5.png,backtest_xgboost_pure_h5.png,2026-08-25T18:12:11.874044,forward_xgboost_pure_2026_W32.png,usdcop_forecast_zoo:xgboost_pure:h5:2026-08-07,-0.0008903463021852076,CTR-FORECAST-OUTPUT-001
FF_xgboost_pure_h10_2026_W32,forward_forecast,xgboost_pure,XGBoost,boosting,10,H=10,medium,2026-W32,2026,2026-08-07,0.46515151515151515,0.0,0.0,0.0,0.4575757575757576,0.5,0.37575757575757573,0.25,1.2574277967779353,NORMAL,True,transition,0.6272290639592767,1,-0.6424110135797876,0.7216915416303444,0.8934814210018134,-0.8686204025206874,0.46515151515151515,0.4888692088106655,0.02788649223840557,False,False,0.5045454545454545,forward_xgboost_pure_2026_W32.png,backtest_xgboost_pure_h10.png,2026-08-25T18:12:11.874044,forward_xgboost_pure_2026_W32.png,usdcop_forecast_zoo:xgboost_pure:h10:2026-08-07,0.0002573596721049398,CTR-FORECAST-OUTPUT-001
BT_xgboost_pure_h10_2026_W32,backtest,xgboost_pure,XGBoost,boosting,10,H=10,medium,2026-W32,2026,2026-08-07,0.46515151515151515,0.024392463294433574,0.018903363112576097,-0.22311566550347717,0.4575757575757576,0.5,0.37575757575757573,0.25,1.2574277967779353,NORMAL,True,transition,0.6272290639592767,1,-0.6424110135797876,0.7216915416303444,0.8934814210018134,-0.8686204025206874,0.46515151515151515,0.4888692088106655,0.02788649223840557,False,False,0.5045454545454545,backtest_xgboost_pure_h10.png,backtest_xgboost_pure_h10.png,2026-08-25T18:12:11.874044,forward_xgboost_pure_2026_W32.png,usdcop_forecast_zoo:xgboost_pure:h10:2026-08-07,0.0002573596721049398,CTR-FORECAST-OUTPUT-001
FF_xgboost_pure_h15_2026_W32,forward_forecast,xgboost_pure,XGBoost,boosting,15,H=15,medium,2026-W32,2026,2026-08-07,0.49393939393939396,0.0,0.0,0.0,0.44242424242424244,0.5,0.3939393939393939,0.25,1.2574277967779353,NORMAL,True,transition,0.6272290639592767,1,-0.2994770358911276,0.830566472982336,0.9508762381491815,-0.7946512565852526,0.49393939393939396,0.4888692088106655,0.02788649223840557,False,False,0.5272727272727272,forward_xgboost_pure_2026_W32.png,backtest_xgboost_pure_h15.png,2026-08-25T18:12:11.874044,forward_xgboost_pure_2026_W32.png,usdcop_forecast_zoo:xgboost_pure:h15:2026-08-07,-0.001055161003023386,CTR-FORECAST-OUTPUT-001
BT_xgboost_pure_h15_2026_W32,backtest,xgboost_pure,XGBoost,boosting,15,H=15,medium,2026-W32,2026,2026-08-07,0.49393939393939396,0.03126336515903919,0.023948138878044437,-0.31498651657358656,0.44242424242424244,0.5,0.3939393939393939,0.25,1.2574277967779353,NORMAL,True,transition,0.6272290639592767,1,-0.2994770358911276,0.830566472982336,0.9508762381491815,-0.7946512565852526,0.49393939393939396,0.4888692088106655,0.02788649223840557,False,False,0.5272727272727272,backtest_xgboost_pure_h15.png,backtest_xgboost_pure_h15.png,2026-08-25T18:12:11.874044,forward_xgboost_pure_2026_W32.png,usdcop_forecast_zoo:xgboost_pure:h15:2026-08-07,-0.001055161003023386,CTR-FORECAST-OUTPUT-001
FF_xgboost_pure_h20_2026_W32,forward_forecast,xgboost_pure,XGBoost,boosting,20,H=20,medium,2026-W32,2026,2026-08-07,0.4854961832061069,0.0,0.0,0.0,0.4634146341463415,0.500763358778626,0.4817073170731707,0.250381679389313,1.2574277967779353,NORMAL,True,transition,0.6272290639592767,1,-0.5411822400320017,0.6772882613933044,0.9841990454214056,-0.9678877351479229,0.4854961832061069,0.4888692088106655,0.02788649223840557,False,False,0.5511450381679389,forward_xgboost_pure_2026_W32.png,backtest_xgboost_pure_h20.png,2026-08-25T18:12:11.874044,forward_xgboost_pure_2026_W32.png,usdcop_forecast_zoo:xgboost_pure:h20:2026-08-07,0.002789888996630907,CTR-FORECAST-OUTPUT-001
BT_xgboost_pure_h20_2026_W32,backtest,xgboost_pure,XGBoost,boosting,20,H=20,medium,2026-W32,2026,2026-08-07,0.4854961832061069,0.036648741622231695,0.027245220733838033,-0.40446467338516445,0.4634146341463415,0.500763358778626,0.4817073170731707,0.250381679389313,1.2574277967779353,NORMAL,True,transition,0.6272290639592767,1,-0.5411822400320017,0.6772882613933044,0.9841990454214056,-0.9678877351479229,0.4854961832061069,0.4888692088106655,0.02788649223840557,False,False,0.5511450381679389,backtest_xgboost_pure_h20.png,backtest_xgboost_pure_h20.png,2026-08-25T18:12:11.874044,forward_xgboost_pure_2026_W32.png,usdcop_forecast_zoo:xgboost_pure:h20:2026-08-07,0.002789888996630907,CTR-FORECAST-OUTPUT-001
FF_xgboost_pure_h25_2026_W32,forward_forecast,xgboost_pure,XGBoost,boosting,25,H=25,long,2026-W32,2026,2026-08-07,0.45190839694656487,0.0,0.0,0.0,0.4420731707317073,0.500763358778626,0.4817073170731707,0.250381679389313,1.2574277967779353,NORMAL,True,transition,0.6272290639592767,1,-0.7574378940987107,0.5371101889173107,0.9983054257231139,-0.9965306148166407,0.45190839694656487,0.4888692088106655,0.02788649223840557,False,False,0.5526717557251909,forward_xgboost_pure_2026_W32.png,backtest_xgboost_pure_h25.png,2026-08-25T18:12:11.874044,forward_xgboost_pure_2026_W32.png,usdcop_forecast_zoo:xgboost_pure:h25:2026-08-07,-0.0003328585880808532,CTR-FORECAST-OUTPUT-001
BT_xgboost_pure_h25_2026_W32,backtest,xgboost_pure,XGBoost,boosting,25,H=25,long,2026-W32,2026,2026-08-07,0.45190839694656487,0.037406384588699666,0.02777474530478155,-0.2232419390241711,0.4420731707317073,0.500763358778626,0.4817073170731707,0.250381679389313,1.2574277967779353,NORMAL,True,transition,0.6272290639592767,1,-0.7574378940987107,0.5371101889173107,0.9983054257231139,-0.9965306148166407,0.45190839694656487,0.4888692088106655,0.02788649223840557,False,False,0.5526717557251909,backtest_xgboost_pure_h25.png,backtest_xgboost_pure_h25.png,2026-08-25T18:12:11.874044,forward_xgboost_pure_2026_W32.png,usdcop_forecast_zoo:xgboost_pure:h25:2026-08-07,-0.0003328585880808532,CTR-FORECAST-OUTPUT-001
FF_xgboost_pure_h30_2026_W32,forward_forecast,xgboost_pure,XGBoost,boosting,30,H=30,long,2026-W32,2026,2026-08-07,0.54,0.0,0.0,0.0,0.4369230769230769,0.5,0.3496932515337423,0.25076923076923074,1.2574277967779353,NORMAL,True,transition,0.6272290639592767,1,-0.20462121688556728,0.8307640878782822,0.9796380272865819,-0.8856452554287559,0.54,0.4888692088106655,0.02788649223840557,False,False,0.5538461538461539,forward_xgboost_pure_2026_W32.png,backtest_xgboost_pure_h30.png,2026-08-25T18:12:11.874044,forward_xgboost_pure_2026_W32.png,usdcop_forecast_zoo:xgboost_pure:h30:2026-08-07,-0.0010815620189532638,CTR-FORECAST-OUTPUT-001
BT_xgboost_pure_h30_2026_W32,backtest,xgboost_pure,XGBoost,boosting,30,H=30,long,2026-W32,2026,2026-08-07,0.54,0.04039297603011525,0.0298236730420233,-0.23529893887109532,0.4369230769230769,0.5,0.3496932515337423,0.25076923076923074,1.2574277967779353,NORMAL,True,transition,0.6272290639592767,1,-0.20462121688556728,0.8307640878782822,0.9796380272865819,-0.8856452554287559,0.54,0.4888692088106655,0.02788649223840557,False,False,0.5538461538461539,backtest_xgboost_pure_h30.png,backtest_xgboost_pure_h30.png,2026-08-25T18:12:11.874044,forward_xgboost_pure_2026_W32.png,usdcop_forecast_zoo:xgboost_pure:h30:2026-08-07,-0.0010815620189532638,CTR-FORECAST-OUTPUT-001
FF_lightgbm_pure_h1_2026_W32,forward_forecast,lightgbm_pure,LightGBM,boosting,1,H=1,short,2026-W32,2026,2026-08-07,0.49624060150375937,0.0,0.0,0.0,0.4864864864864865,0.5007518796992482,0.4491017964071856,0.2511278195488722,1.2574277967779353,NORMAL,True,transition,0.6272290639592767,1,-0.03167761715637993,0.9946763482882122,0.19788654034011638,-0.02738051346340442,0.49624060150375937,0.49779633995498085,0.0280733911855677,False,False,0.5353383458646617,forward_lightgbm_pure_2026_W32.png,backtest_lightgbm_pure_h1.png,2026-08-25T18:12:11.874044,forward_lightgbm_pure_2026_W32.png,usdcop_forecast_zoo:lightgbm_pure:h1:2026-08-07,-6.59666508279006e-05,CTR-FORECAST-OUTPUT-001
BT_lightgbm_pure_h1_2026_W32,backtest,lightgbm_pure,LightGBM,boosting,1,H=1,short,2026-W32,2026,2026-08-07,0.49624060150375937,0.007785391105101142,0.005876606280078128,-0.12155618196893125,0.4864864864864865,0.5007518796992482,0.4491017964071856,0.2511278195488722,1.2574277967779353,NORMAL,True,transition,0.6272290639592767,1,-0.03167761715637993,0.9946763482882122,0.19788654034011638,-0.02738051346340442,0.49624060150375937,0.49779633995498085,0.0280733911855677,False,False,0.5353383458646617,backtest_lightgbm_pure_h1.png,backtest_lightgbm_pure_h1.png,2026-08-25T18:12:11.874044,forward_lightgbm_pure_2026_W32.png,usdcop_forecast_zoo:lightgbm_pure:h1:2026-08-07,-6.59666508279006e-05,CTR-FORECAST-OUTPUT-001
FF_lightgbm_pure_h5_2026_W32,forward_forecast,lightgbm_pure,LightGBM,boosting,5,H=5,short,2026-W32,2026,2026-08-07,0.47575757575757577,0.0,0.0,0.0,0.49696969696969695,0.5,0.45454545454545453,0.25,1.2574277967779353,NORMAL,True,transition,0.6272290639592767,1,-0.6156343848390073,0.7988539260471306,0.6492296536595707,-0.6157270882596463,0.47575757575757577,0.49779633995498085,0.0280733911855677,False,False,0.5015151515151515,forward_lightgbm_pure_2026_W32.png,backtest_lightgbm_pure_h5.png,2026-08-25T18:12:11.874044,forward_lightgbm_pure_2026_W32.png,usdcop_forecast_zoo:lightgbm_pure:h5:2026-08-07,-0.0012018988752395675,CTR-FORECAST-OUTPUT-001
BT_lightgbm_pure_h5_2026_W32,backtest,lightgbm_pure,LightGBM,boosting,5,H=5,short,2026-W32,2026,2026-08-07,0.47575757575757577,0.01723693688553754,0.013292293002341915,-0.2653749492133215,0.49696969696969695,0.5,0.45454545454545453,0.25,1.2574277967779353,NORMAL,True,transition,0.6272290639592767,1,-0.6156343848390073,0.7988539260471306,0.6492296536595707,-0.6157270882596463,0.47575757575757577,0.49779633995498085,0.0280733911855677,False,False,0.5015151515151515,backtest_lightgbm_pure_h5.png,backtest_lightgbm_pure_h5.png,2026-08-25T18:12:11.874044,forward_lightgbm_pure_2026_W32.png,usdcop_forecast_zoo:lightgbm_pure:h5:2026-08-07,-0.0012018988752395675,CTR-FORECAST-OUTPUT-001
FF_lightgbm_pure_h10_2026_W32,forward_forecast,lightgbm_pure,LightGBM,boosting,10,H=10,medium,2026-W32,2026,2026-08-07,0.5045454545454545,0.0,0.0,0.0,0.44545454545454544,0.5,0.36363636363636365,0.25,1.2574277967779353,NORMAL,True,transition,0.6272290639592767,1,-0.16266933644436224,0.9207789471337415,0.7473497787412077,-0.47277091397385884,0.5045454545454545,0.49779633995498085,0.0280733911855677,False,True,0.5045454545454545,forward_lightgbm_pure_2026_W32.png,backtest_lightgbm_pure_h10.png,2026-08-25T18:12:11.874044,forward_lightgbm_pure_2026_W32.png,usdcop_forecast_zoo:lightgbm_pure:h10:2026-08-07,-0.001077550201601531,CTR-FORECAST-OUTPUT-001
BT_lightgbm_pure_h10_2026_W32,backtest,lightgbm_pure,LightGBM,boosting,10,H=10,medium,2026-W32,2026,2026-08-07,0.5045454545454545,0.024522547362865438,0.018973020416311714,-0.23619610908634758,0.44545454545454544,0.5,0.36363636363636365,0.25,1.2574277967779353,NORMAL,True,transition,0.6272290639592767,1,-0.16266933644436224,0.9207789471337415,0.7473497787412077,-0.47277091397385884,0.5045454545454545,0.49779633995498085,0.0280733911855677,False,True,0.5045454545454545,backtest_lightgbm_pure_h10.png,backtest_lightgbm_pure_h10.png,2026-08-25T18:12:11.874044,forward_lightgbm_pure_2026_W32.png,usdcop_forecast_zoo:lightgbm_pure:h10:2026-08-07,-0.001077550201601531,CTR-FORECAST-OUTPUT-001
FF_lightgbm_pure_h15_2026_W32,forward_forecast,lightgbm_pure,LightGBM,boosting,15,H=15,medium,2026-W32,2026,2026-08-07,0.4818181818181818,0.0,0.0,0.0,0.4727272727272727,0.5,0.3878787878787879,0.25,1.2574277967779353,NORMAL,True,transition,0.6272290639592767,1,-0.4897199363649773,0.7380918304516626,0.9835442726909335,-0.9109108189494648,0.4818181818181818,0.49779633995498085,0.0280733911855677,False,False,0.5272727272727272,forward_lightgbm_pure_2026_W32.png,backtest_lightgbm_pure_h15.png,2026-08-25T18:12:11.874044,forward_lightgbm_pure_2026_W32.png,usdcop_forecast_zoo:lightgbm_pure:h15:2026-08-07,0.002028487032999801,CTR-FORECAST-OUTPUT-001
BT_lightgbm_pure_h15_2026_W32,backtest,lightgbm_pure,LightGBM,boosting,15,H=15,medium,2026-W32,2026,2026-08-07,0.4818181818181818,0.031791861085610704,0.024561038778873383,-0.35982104290070716,0.4727272727272727,0.5,0.3878787878787879,0.25,1.2574277967779353,NORMAL,True,transition,0.6272290639592767,1,-0.4897199363649773,0.7380918304516626,0.9835442726909335,-0.9109108189494648,0.4818181818181818,0.49779633995498085,0.0280733911855677,False,False,0.5272727272727272,backtest_lightgbm_pure_h15.png,backtest_lightgbm_pure_h15.png,2026-08-25T18:12:11.874044,forward_lightgbm_pure_2026_W32.png,usdcop_forecast_zoo:lightgbm_pure:h15:2026-08-07,0.002028487032999801,CTR-FORECAST-OUTPUT-001
FF_lightgbm_pure_h20_2026_W32,forward_forecast,lightgbm_pure,LightGBM,boosting,20,H=20,medium,2026-W32,2026,2026-08-07,0.48244274809160304,0.0,0.0,0.0,0.4481707317073171,0.500763358778626,0.3719512195121951,0.250381679389313,1.2574277967779353,NORMAL,True,transition,0.6272290639592767,1,-0.45656653636460426,0.7199087158218908,0.981015157377211,-0.9481639653990508,0.48244274809160304,0.49779633995498085,0.0280733911855677,False,False,0.5511450381679389,forward_lightgbm_pure_2026_W32.png,backtest_lightgbm_pure_h20.png,2026-08-25T18:12:11.874044,forward_lightgbm_pure_2026_W32.png,usdcop_forecast_zoo:lightgbm_pure:h20:2026-08-07,-0.0015585045523025204,CTR-FORECAST-OUTPUT-001
BT_lightgbm_pure_h20_2026_W32,backtest,lightgbm_pure,LightGBM,boosting,20,H=20,medium,2026-W32,2026,2026-08-07,0.48244274809160304,0.036411921605988225,0.027524947103425127,-0.3863723349825161,0.4481707317073171,0.500763358778626,0.3719512195121951,0.250381679389313,1.2574277967779353,NORMAL,True,transition,0.6272290639592767,1,-0.45656653636460426,0.7199087158218908,0.981015157377211,-0.9481639653990508,0.48244274809160304,0.49779633995498085,0.0280733911855677,False,False,0.5511450381679389,backtest_lightgbm_pure_h20.png,backtest_lightgbm_pure_h20.png,2026-08-25T18:12:11.874044,forward_lightgbm_pure_2026_W32.png,usdcop_forecast_zoo:lightgbm_pure:h20:2026-08-07,-0.0015585045523025204,CTR-FORECAST-OUTPUT-001
FF_lightgbm_pure_h25_2026_W32,forward_forecast,lightgbm_pure,LightGBM,boosting,25,H=25,long,2026-W32,2026,2026-08-07,0.5099236641221374,0.0,0.0,0.0,0.4695121951219512,0.500763358778626,0.39634146341463417,0.250381679389313,1.2574277967779353,NORMAL,True,transition,0.6272290639592767,1,-0.48261862960974555,0.6736057670421312,0.9893796192233539,-0.9778353549698172,0.5099236641221374,0.49779633995498085,0.0280733911855677,False,False,0.5526717557251909,forward_lightgbm_pure_2026_W32.png,backtest_lightgbm_pure_h25.png,2026-08-25T18:12:11.874044,forward_lightgbm_pure_2026_W32.png,usdcop_forecast_zoo:lightgbm_pure:h25:2026-08-07,0.0004932730763414015,CTR-FORECAST-OUTPUT-001
BT_lightgbm_pure_h25_2026_W32,backtest,lightgbm_pure,LightGBM,boosting,25,H=25,long,2026-W32,2026,2026-08-07,0.5099236641221374,0.03778020987990807,0.02802482358875479,-0.24781334387270615,0.4695121951219512,0.500763358778626,0.39634146341463417,0.250381679389313,1.2574277967779353,NORMAL,True,transition,0.6272290639592767,1,-0.48261862960974555,0.6736057670421312,0.9893796192233539,-0.9778353549698172,0.5099236641221374,0.49779633995498085,0.0280733911855677,False,False,0.5526717557251909,backtest_lightgbm_pure_h25.png,backtest_lightgbm_pure_h25.png,2026-08-25T18:12:11.874044,forward_lightgbm_pure_2026_W32.png,usdcop_forecast_zoo:lightgbm_pure:h25:2026-08-07,0.0004932730763414015,CTR-FORECAST-OUTPUT-001
FF_lightgbm_pure_h30_2026_W32,forward_forecast,lightgbm_pure,LightGBM,boosting,30,H=30,long,2026-W32,2026,2026-08-07,0.5338461538461539,0.0,0.0,0.0,0.4246153846153846,0.5,0.3558282208588957,0.25076923076923074,1.2574277967779353,NORMAL,True,transition,0.6272290639592767,1,-0.23809474919165294,0.805921547896333,0.9781253676363653,-0.9134155815133871,0.5338461538461539,0.49779633995498085,0.0280733911855677,False,False,0.5538461538461539,forward_lightgbm_pure_2026_W32.png,backtest_lightgbm_pure_h30.png,2026-08-25T18:12:11.874044,forward_lightgbm_pure_2026_W32.png,usdcop_forecast_zoo:lightgbm_pure:h30:2026-08-07,-0.0010323182231938353,CTR-FORECAST-OUTPUT-001
BT_lightgbm_pure_h30_2026_W32,backtest,lightgbm_pure,LightGBM,boosting,30,H=30,long,2026-W32,2026,2026-08-07,0.5338461538461539,0.04098487037396279,0.030341598828747346,-0.2717668381796232,0.4246153846153846,0.5,0.3558282208588957,0.25076923076923074,1.2574277967779353,NORMAL,True,transition,0.6272290639592767,1,-0.23809474919165294,0.805921547896333,0.9781253676363653,-0.9134155815133871,0.5338461538461539,0.49779633995498085,0.0280733911855677,False,False,0.5538461538461539,backtest_lightgbm_pure_h30.png,backtest_lightgbm_pure_h30.png,2026-08-25T18:12:11.874044,forward_lightgbm_pure_2026_W32.png,usdcop_forecast_zoo:lightgbm_pure:h30:2026-08-07,-0.0010323182231938353,CTR-FORECAST-OUTPUT-001
FF_catboost_pure_h1_2026_W32,forward_forecast,catboost_pure,CatBoost,boosting,1,H=1,short,2026-W32,2026,2026-08-07,0.5218045112781955,0.0,0.0,0.0,0.5405405405405406,0.5007518796992482,0.5209580838323353,0.2511278195488722,1.2574277967779353,NORMAL,True,transition,0.6272290639592767,1,0.1815248711948129,1.031061060599575,0.22729678661317032,0.03866982224311233,0.5218045112781955,0.4921573635761778,0.03029065098283348,False,False,0.5353383458646617,forward_catboost_pure_2026_W32.png,backtest_catboost_pure_h1.png,2026-08-25T18:12:11.874044,forward_catboost_pure_2026_W32.png,usdcop_forecast_zoo:catboost_pure:h1:2026-08-07,-0.0005008557986181353,CTR-FORECAST-OUTPUT-001
BT_catboost_pure_h1_2026_W32,backtest,catboost_pure,CatBoost,boosting,1,H=1,short,2026-W32,2026,2026-08-07,0.5218045112781955,0.008846316186157369,0.006540686888648872,-0.44805507562963287,0.5405405405405406,0.5007518796992482,0.5209580838323353,0.2511278195488722,1.2574277967779353,NORMAL,True,transition,0.6272290639592767,1,0.1815248711948129,1.031061060599575,0.22729678661317032,0.03866982224311233,0.5218045112781955,0.4921573635761778,0.03029065098283348,False,False,0.5353383458646617,backtest_catboost_pure_h1.png,backtest_catboost_pure_h1.png,2026-08-25T18:12:11.874044,forward_catboost_pure_2026_W32.png,usdcop_forecast_zoo:catboost_pure:h1:2026-08-07,-0.0005008557986181353,CTR-FORECAST-OUTPUT-001
FF_catboost_pure_h5_2026_W32,forward_forecast,catboost_pure,CatBoost,boosting,5,H=5,short,2026-W32,2026,2026-08-07,0.4727272727272727,0.0,0.0,0.0,0.4484848484848485,0.5,0.4303030303030303,0.25,1.2574277967779353,NORMAL,True,transition,0.6272290639592767,1,-0.49363753831332446,0.8352325043327313,0.5904351338913173,-0.5430143777733534,0.4727272727272727,0.4921573635761778,0.03029065098283348,False,False,0.5015151515151515,forward_catboost_pure_2026_W32.png,backtest_catboost_pure_h5.png,2026-08-25T18:12:11.874044,forward_catboost_pure_2026_W32.png,usdcop_forecast_zoo:catboost_pure:h5:2026-08-07,0.004809671767165103,CTR-FORECAST-OUTPUT-001
BT_catboost_pure_h5_2026_W32,backtest,catboost_pure,CatBoost,boosting,5,H=5,short,2026-W32,2026,2026-08-07,0.4727272727272727,0.020074549170242796,0.014622357409369117,-0.7162899172174926,0.4484848484848485,0.5,0.4303030303030303,0.25,1.2574277967779353,NORMAL,True,transition,0.6272290639592767,1,-0.49363753831332446,0.8352325043327313,0.5904351338913173,-0.5430143777733534,0.4727272727272727,0.4921573635761778,0.03029065098283348,False,False,0.5015151515151515,backtest_catboost_pure_h5.png,backtest_catboost_pure_h5.png,2026-08-25T18:12:11.874044,forward_catboost_pure_2026_W32.png,usdcop_forecast_zoo:catboost_pure:h5:2026-08-07,0.004809671767165103,CTR-FORECAST-OUTPUT-001
FF_catboost_pure_h10_2026_W32,forward_forecast,catboost_pure,CatBoost,boosting,10,H=10,medium,2026-W32,2026,2026-08-07,0.43333333333333335,0.0,0.0,0.0,0.42424242424242425,0.5,0.46060606060606063,0.25,1.2574277967779353,NORMAL,True,transition,0.6272290639592767,1,-0.8119197851904553,0.6620611256818418,0.946333682479604,-0.9187617625752015,0.43333333333333335,0.4921573635761778,0.03029065098283348,False,False,0.5045454545454545,forward_catboost_pure_2026_W32.png,backtest_catboost_pure_h10.png,2026-08-25T18:12:11.874044,forward_catboost_pure_2026_W32.png,usdcop_forecast_zoo:catboost_pure:h10:2026-08-07,-0.0027589220131293236,CTR-FORECAST-OUTPUT-001
BT_catboost_pure_h10_2026_W32,backtest,catboost_pure,CatBoost,boosting,10,H=10,medium,2026-W32,2026,2026-08-07,0.43333333333333335,0.030767696631012083,0.02128591496016148,-0.9460149747221784,0.42424242424242425,0.5,0.46060606060606063,0.25,1.2574277967779353,NORMAL,True,transition,0.6272290639592767,1,-0.8119197851904553,0.6620611256818418,0.946333682479604,-0.9187617625752015,0.43333333333333335,0.4921573635761778,0.03029065098283348,False,False,0.5045454545454545,backtest_catboost_pure_h10.png,backtest_catboost_pure_h10.png,2026-08-25T18:12:11.874044,forward_catboost_pure_2026_W32.png,usdcop_forecast_zoo:catboost_pure:h10:2026-08-07,-0.0027589220131293236,CTR-FORECAST-OUTPUT-001
FF_catboost_pure_h15_2026_W32,forward_forecast,catboost_pure,CatBoost,boosting,15,H=15,medium,2026-W32,2026,2026-08-07,0.4681818181818182,0.0,0.0,0.0,0.4666666666666667,0.5,0.28484848484848485,0.25,1.2574277967779353,NORMAL,True,transition,0.6272290639592767,1,-0.5089636044854795,0.7293255531865869,0.9770579046334512,-0.9180767709172185,0.4681818181818182,0.4921573635761778,0.03029065098283348,False,False,0.5272727272727272,forward_catboost_pure_2026_W32.png,backtest_catboost_pure_h15.png,2026-08-25T18:12:11.874044,forward_catboost_pure_2026_W32.png,usdcop_forecast_zoo:catboost_pure:h15:2026-08-07,-0.0026257667937688023,CTR-FORECAST-OUTPUT-001
BT_catboost_pure_h15_2026_W32,backtest,catboost_pure,CatBoost,boosting,15,H=15,medium,2026-W32,2026,2026-08-07,0.4681818181818182,0.03581635101310363,0.025592729456000652,-0.7258876796662526,0.4666666666666667,0.5,0.28484848484848485,0.25,1.2574277967779353,NORMAL,True,transition,0.6272290639592767,1,-0.5089636044854795,0.7293255531865869,0.9770579046334512,-0.9180767709172185,0.4681818181818182,0.4921573635761778,0.03029065098283348,False,False,0.5272727272727272,backtest_catboost_pure_h15.png,backtest_catboost_pure_h15.png,2026-08-25T18:12:11.874044,forward_catboost_pure_2026_W32.png,usdcop_forecast_zoo:catboost_pure:h15:2026-08-07,-0.0026257667937688023,CTR-FORECAST-OUTPUT-001
FF_catboost_pure_h20_2026_W32,forward_forecast,catboost_pure,CatBoost,boosting,20,H=20,medium,2026-W32,2026,2026-08-07,0.5053435114503817,0.0,0.0,0.0,0.45426829268292684,0.500763358778626,0.3719512195121951,0.250381679389313,1.2574277967779353,NORMAL,True,transition,0.6272290639592767,1,-0.48003729688949265,0.7078289918349688,0.976561249228016,-0.9547098026139247,0.5053435114503817,0.4921573635761778,0.03029065098283348,False,False,0.5511450381679389,forward_catboost_pure_2026_W32.png,backtest_catboost_pure_h20.png,2026-08-25T18:12:11.874044,forward_catboost_pure_2026_W32.png,usdcop_forecast_zoo:catboost_pure:h20:2026-08-07,0.0012093170872131175,CTR-FORECAST-OUTPUT-001
BT_catboost_pure_h20_2026_W32,backtest,catboost_pure,CatBoost,boosting,20,H=20,medium,2026-W32,2026,2026-08-07,0.5053435114503817,0.03841011309841474,0.027624855304489562,-0.5427084462922236,0.45426829268292684,0.500763358778626,0.3719512195121951,0.250381679389313,1.2574277967779353,NORMAL,True,transition,0.6272290639592767,1,-0.48003729688949265,0.7078289918349688,0.976561249228016,-0.9547098026139247,0.5053435114503817,0.4921573635761778,0.03029065098283348,False,False,0.5511450381679389,backtest_catboost_pure_h20.png,backtest_catboost_pure_h20.png,2026-08-25T18:12:11.874044,forward_catboost_pure_2026_W32.png,usdcop_forecast_zoo:catboost_pure:h20:2026-08-07,0.0012093170872131175,CTR-FORECAST-OUTPUT-001
FF_catboost_pure_h25_2026_W32,forward_forecast,catboost_pure,CatBoost,boosting,25,H=25,long,2026-W32,2026,2026-08-07,0.517557251908397,0.0,0.0,0.0,0.3871951219512195,0.500763358778626,0.3597560975609756,0.250381679389313,1.2574277967779353,NORMAL,True,transition,0.6272290639592767,1,-0.445962535304402,0.6941828867035948,0.9903730082858467,-0.9714492678884923,0.517557251908397,0.4921573635761778,0.03029065098283348,False,False,0.5526717557251909,forward_catboost_pure_2026_W32.png,backtest_catboost_pure_h25.png,2026-08-25T18:12:11.874044,forward_catboost_pure_2026_W32.png,usdcop_forecast_zoo:catboost_pure:h25:2026-08-07,-0.0013567742693335592,CTR-FORECAST-OUTPUT-001
BT_catboost_pure_h25_2026_W32,backtest,catboost_pure,CatBoost,boosting,25,H=25,long,2026-W32,2026,2026-08-07,0.517557251908397,0.037828887341075146,0.028251223160282075,-0.25103087579729233,0.3871951219512195,0.500763358778626,0.3597560975609756,0.250381679389313,1.2574277967779353,NORMAL,True,transition,0.6272290639592767,1,-0.445962535304402,0.6941828867035948,0.9903730082858467,-0.9714492678884923,0.517557251908397,0.4921573635761778,0.03029065098283348,False,False,0.5526717557251909,backtest_catboost_pure_h25.png,backtest_catboost_pure_h25.png,2026-08-25T18:12:11.874044,forward_catboost_pure_2026_W32.png,usdcop_forecast_zoo:catboost_pure:h25:2026-08-07,-0.0013567742693335592,CTR-FORECAST-OUTPUT-001
FF_catboost_pure_h30_2026_W32,forward_forecast,catboost_pure,CatBoost,boosting,30,H=30,long,2026-W32,2026,2026-08-07,0.5261538461538462,0.0,0.0,0.0,0.38153846153846155,0.5,0.32515337423312884,0.25076923076923074,1.2574277967779353,NORMAL,True,transition,0.6272290639592767,1,-0.333537318049364,0.7390335923187081,0.9938612122341951,-0.960576879055238,0.5261538461538462,0.4921573635761778,0.03029065098283348,False,False,0.5538461538461539,forward_catboost_pure_2026_W32.png,backtest_catboost_pure_h30.png,2026-08-25T18:12:11.874044,forward_catboost_pure_2026_W32.png,usdcop_forecast_zoo:catboost_pure:h30:2026-08-07,-0.002511668130244045,CTR-FORECAST-OUTPUT-001
BT_catboost_pure_h30_2026_W32,backtest,catboost_pure,CatBoost,boosting,30,H=30,long,2026-W32,2026,2026-08-07,0.5261538461538462,0.040290643439828584,0.030093276507273423,-0.22904779197611513,0.38153846153846155,0.5,0.32515337423312884,0.25076923076923074,1.2574277967779353,NORMAL,True,transition,0.6272290639592767,1,-0.333537318049364,0.7390335923187081,0.9938612122341951,-0.960576879055238,0.5261538461538462,0.4921573635761778,0.03029065098283348,False,False,0.5538461538461539,backtest_catboost_pure_h30.png,backtest_catboost_pure_h30.png,2026-08-25T18:12:11.874044,forward_catboost_pure_2026_W32.png,usdcop_forecast_zoo:catboost_pure:h30:2026-08-07,-0.002511668130244045,CTR-FORECAST-OUTPUT-001
FF_hybrid_xgboost_h1_2026_W32,forward_forecast,hybrid_xgboost,Hybrid XGBoost,hybrid,1,H=1,short,2026-W32,2026,2026-08-07,0.49774436090225566,0.0,0.0,0.0,0.5165165165165165,0.5007518796992482,0.47904191616766467,0.2511278195488722,1.2574277967779353,NORMAL,True,transition,0.6272290639592767,1,-0.15774161155743904,0.9737694848710161,0.19289187842669697,-0.0644460084334072,0.49774436090225566,0.49387524775058494,0.029185841100549312,False,False,0.5353383458646617,forward_hybrid_xgboost_2026_W32.png,backtest_hybrid_xgboost_h1.png,2026-08-25T18:12:11.874044,forward_hybrid_xgboost_2026_W32.png,usdcop_forecast_zoo:hybrid_xgboost:h1:2026-08-07,0.0007166723042331025,CTR-FORECAST-OUTPUT-001
BT_hybrid_xgboost_h1_2026_W32,backtest,hybrid_xgboost,Hybrid XGBoost,hybrid,1,H=1,short,2026-W32,2026,2026-08-07,0.49774436090225566,0.007719312315116249,0.005807712647496609,-0.10259847921894272,0.5165165165165165,0.5007518796992482,0.47904191616766467,0.2511278195488722,1.2574277967779353,NORMAL,True,transition,0.6272290639592767,1,-0.15774161155743904,0.9737694848710161,0.19289187842669697,-0.0644460084334072,0.49774436090225566,0.49387524775058494,0.029185841100549312,False,False,0.5353383458646617,backtest_hybrid_xgboost_h1.png,backtest_hybrid_xgboost_h1.png,2026-08-25T18:12:11.874044,forward_hybrid_xgboost_2026_W32.png,usdcop_forecast_zoo:hybrid_xgboost:h1:2026-08-07,0.0007166723042331025,CTR-FORECAST-OUTPUT-001
FF_hybrid_xgboost_h5_2026_W32,forward_forecast,hybrid_xgboost,Hybrid XGBoost,hybrid,5,H=5,short,2026-W32,2026,2026-08-07,0.4712121212121212,0.0,0.0,0.0,0.4727272727272727,0.5,0.47878787878787876,0.25,1.2574277967779353,NORMAL,True,transition,0.6272290639592767,1,-0.588644788305029,0.8067645932179656,0.6602434194888249,-0.6007308811874441,0.4712121212121212,0.49387524775058494,0.029185841100549312,False,False,0.5015151515151515,forward_hybrid_xgboost_2026_W32.png,backtest_hybrid_xgboost_h5.png,2026-08-25T18:12:11.874044,forward_hybrid_xgboost_2026_W32.png,usdcop_forecast_zoo:hybrid_xgboost:h5:2026-08-07,0.002031864589968847,CTR-FORECAST-OUTPUT-001
BT_hybrid_xgboost_h5_2026_W32,backtest,hybrid_xgboost,Hybrid XGBoost,hybrid,5,H=5,short,2026-W32,2026,2026-08-07,0.4712121212121212,0.017391597972721988,0.013303200004417582,-0.28818436831950467,0.4727272727272727,0.5,0.47878787878787876,0.25,1.2574277967779353,NORMAL,True,transition,0.6272290639592767,1,-0.588644788305029,0.8067645932179656,0.6602434194888249,-0.6007308811874441,0.4712121212121212,0.49387524775058494,0.029185841100549312,False,False,0.5015151515151515,backtest_hybrid_xgboost_h5.png,backtest_hybrid_xgboost_h5.png,2026-08-25T18:12:11.874044,forward_hybrid_xgboost_2026_W32.png,usdcop_forecast_zoo:hybrid_xgboost:h5:2026-08-07,0.002031864589968847,CTR-FORECAST-OUTPUT-001
FF_hybrid_xgboost_h10_2026_W32,forward_forecast,hybrid_xgboost,Hybrid XGBoost,hybrid,10,H=10,medium,2026-W32,2026,2026-08-07,0.47424242424242424,0.0,0.0,0.0,0.4666666666666667,0.5,0.3878787878787879,0.25,1.2574277967779353,NORMAL,True,transition,0.6272290639592767,1,-0.3879145289724215,0.8213053949293784,0.912705586656179,-0.7263737120496951,0.47424242424242424,0.49387524775058494,0.029185841100549312,False,False,0.5045454545454545,forward_hybrid_xgboost_2026_W32.png,backtest_hybrid_xgboost_h10.png,2026-08-25T18:12:11.874044,forward_hybrid_xgboost_2026_W32.png,usdcop_forecast_zoo:hybrid_xgboost:h10:2026-08-07,0.004220906443502759,CTR-FORECAST-OUTPUT-001
BT_hybrid_xgboost_h10_2026_W32,backtest,hybrid_xgboost,Hybrid XGBoost,hybrid,10,H=10,medium,2026-W32,2026,2026-08-07,0.47424242424242424,0.025113946318612534,0.019332629703469505,-0.2965406318532682,0.4666666666666667,0.5,0.3878787878787879,0.25,1.2574277967779353,NORMAL,True,transition,0.6272290639592767,1,-0.3879145289724215,0.8213053949293784,0.912705586656179,-0.7263737120496951,0.47424242424242424,0.49387524775058494,0.029185841100549312,False,False,0.5045454545454545,backtest_hybrid_xgboost_h10.png,backtest_hybrid_xgboost_h10.png,2026-08-25T18:12:11.874044,forward_hybrid_xgboost_2026_W32.png,usdcop_forecast_zoo:hybrid_xgboost:h10:2026-08-07,0.004220906443502759,CTR-FORECAST-OUTPUT-001
FF_hybrid_xgboost_h15_2026_W32,forward_forecast,hybrid_xgboost,Hybrid XGBoost,hybrid,15,H=15,medium,2026-W32,2026,2026-08-07,0.4954545454545455,0.0,0.0,0.0,0.5,0.5,0.40606060606060607,0.25,1.2574277967779353,NORMAL,True,transition,0.6272290639592767,1,-0.27557551912242223,0.8429688756220974,0.9520376999981516,-0.7717209756555956,0.4954545454545455,0.49387524775058494,0.029185841100549312,False,False,0.5272727272727272,forward_hybrid_xgboost_2026_W32.png,backtest_hybrid_xgboost_h15.png,2026-08-25T18:12:11.874044,forward_hybrid_xgboost_2026_W32.png,usdcop_forecast_zoo:hybrid_xgboost:h15:2026-08-07,0.005067758691490345,CTR-FORECAST-OUTPUT-001
BT_hybrid_xgboost_h15_2026_W32,backtest,hybrid_xgboost,Hybrid XGBoost,hybrid,15,H=15,medium,2026-W32,2026,2026-08-07,0.4954545454545455,0.03260620696770592,0.024475825931280594,-0.43037666030541133,0.5,0.5,0.40606060606060607,0.25,1.2574277967779353,NORMAL,True,transition,0.6272290639592767,1,-0.27557551912242223,0.8429688756220974,0.9520376999981516,-0.7717209756555956,0.4954545454545455,0.49387524775058494,0.029185841100549312,False,False,0.5272727272727272,backtest_hybrid_xgboost_h15.png,backtest_hybrid_xgboost_h15.png,2026-08-25T18:12:11.874044,forward_hybrid_xgboost_2026_W32.png,usdcop_forecast_zoo:hybrid_xgboost:h15:2026-08-07,0.005067758691490345,CTR-FORECAST-OUTPUT-001
FF_hybrid_xgboost_h20_2026_W32,forward_forecast,hybrid_xgboost,Hybrid XGBoost,hybrid,20,H=20,medium,2026-W32,2026,2026-08-07,0.500763358778626,0.0,0.0,0.0,0.5060975609756098,0.500763358778626,0.4878048780487805,0.250381679389313,1.2574277967779353,NORMAL,True,transition,0.6272290639592767,1,-0.23532864267257492,0.8442607808422523,0.9636588518702487,-0.8158630644371117,0.500763358778626,0.49387524775058494,0.029185841100549312,False,False,0.5511450381679389,forward_hybrid_xgboost_2026_W32.png,backtest_hybrid_xgboost_h20.png,2026-08-25T18:12:11.874044,forward_hybrid_xgboost_2026_W32.png,usdcop_forecast_zoo:hybrid_xgboost:h20:2026-08-07,0.007718697226539721,CTR-FORECAST-OUTPUT-001
BT_hybrid_xgboost_h20_2026_W32,backtest,hybrid_xgboost,Hybrid XGBoost,hybrid,20,H=20,medium,2026-W32,2026,2026-08-07,0.500763358778626,0.03815584244428718,0.027583022321681194,-0.5223509374280062,0.5060975609756098,0.500763358778626,0.4878048780487805,0.250381679389313,1.2574277967779353,NORMAL,True,transition,0.6272290639592767,1,-0.23532864267257492,0.8442607808422523,0.9636588518702487,-0.8158630644371117,0.500763358778626,0.49387524775058494,0.029185841100549312,False,False,0.5511450381679389,backtest_hybrid_xgboost_h20.png,backtest_hybrid_xgboost_h20.png,2026-08-25T18:12:11.874044,forward_hybrid_xgboost_2026_W32.png,usdcop_forecast_zoo:hybrid_xgboost:h20:2026-08-07,0.007718697226539721,CTR-FORECAST-OUTPUT-001
FF_hybrid_xgboost_h25_2026_W32,forward_forecast,hybrid_xgboost,Hybrid XGBoost,hybrid,25,H=25,long,2026-W32,2026,2026-08-07,0.49770992366412214,0.0,0.0,0.0,0.5579268292682927,0.500763358778626,0.5,0.250381679389313,1.2574277967779353,NORMAL,True,transition,0.6272290639592767,1,-0.24465379758989078,0.8186713702493071,0.9741390676491831,-0.8824228371207427,0.49770992366412214,0.49387524775058494,0.029185841100549312,False,False,0.5526717557251909,forward_hybrid_xgboost_2026_W32.png,backtest_hybrid_xgboost_h25.png,2026-08-25T18:12:11.874044,forward_hybrid_xgboost_2026_W32.png,usdcop_forecast_zoo:hybrid_xgboost:h25:2026-08-07,0.006143923446850885,CTR-FORECAST-OUTPUT-001
BT_hybrid_xgboost_h25_2026_W32,backtest,hybrid_xgboost,Hybrid XGBoost,hybrid,25,H=25,long,2026-W32,2026,2026-08-07,0.49770992366412214,0.04006374165985087,0.02871759491815247,-0.4032139923731364,0.5579268292682927,0.500763358778626,0.5,0.250381679389313,1.2574277967779353,NORMAL,True,transition,0.6272290639592767,1,-0.24465379758989078,0.8186713702493071,0.9741390676491831,-0.8824228371207427,0.49770992366412214,0.49387524775058494,0.029185841100549312,False,False,0.5526717557251909,backtest_hybrid_xgboost_h25.png,backtest_hybrid_xgboost_h25.png,2026-08-25T18:12:11.874044,forward_hybrid_xgboost_2026_W32.png,usdcop_forecast_zoo:hybrid_xgboost:h25:2026-08-07,0.006143923446850885,CTR-FORECAST-OUTPUT-001
FF_hybrid_xgboost_h30_2026_W32,forward_forecast,hybrid_xgboost,Hybrid XGBoost,hybrid,30,H=30,long,2026-W32,2026,2026-08-07,0.52,0.0,0.0,0.0,0.5753846153846154,0.5,0.588957055214724,0.25076923076923074,1.2574277967779353,NORMAL,True,transition,0.6272290639592767,1,-0.1591263899074687,0.8657451157431563,0.9781253676363653,-0.8328915667188259,0.52,0.49387524775058494,0.029185841100549312,False,False,0.5538461538461539,forward_hybrid_xgboost_2026_W32.png,backtest_hybrid_xgboost_h30.png,2026-08-25T18:12:11.874044,forward_hybrid_xgboost_2026_W32.png,usdcop_forecast_zoo:hybrid_xgboost:h30:2026-08-07,0.009063977125373959,CTR-FORECAST-OUTPUT-001
BT_hybrid_xgboost_h30_2026_W32,backtest,hybrid_xgboost,Hybrid XGBoost,hybrid,30,H=30,long,2026-W32,2026,2026-08-07,0.52,0.04325024002555046,0.031253773178178165,-0.41624180127571875,0.5753846153846154,0.5,0.588957055214724,0.25076923076923074,1.2574277967779353,NORMAL,True,transition,0.6272290639592767,1,-0.1591263899074687,0.8657451157431563,0.9781253676363653,-0.8328915667188259,0.52,0.49387524775058494,0.029185841100549312,False,False,0.5538461538461539,backtest_hybrid_xgboost_h30.png,backtest_hybrid_xgboost_h30.png,2026-08-25T18:12:11.874044,forward_hybrid_xgboost_2026_W32.png,usdcop_forecast_zoo:hybrid_xgboost:h30:2026-08-07,0.009063977125373959,CTR-FORECAST-OUTPUT-001
FF_hybrid_lightgbm_h1_2026_W32,forward_forecast,hybrid_lightgbm,Hybrid LightGBM,hybrid,1,H=1,short,2026-W32,2026,2026-08-07,0.49473684210526314,0.0,0.0,0.0,0.5165165165165165,0.5007518796992482,0.5029940119760479,0.2511278195488722,1.2574277967779353,NORMAL,True,transition,0.6272290639592767,1,-0.12653791393506233,0.9789031810398662,0.13013801377039969,-0.05540334947278491,0.49473684210526314,0.5032604946948057,0.029326636612168756,False,False,0.5353383458646617,forward_hybrid_lightgbm_2026_W32.png,backtest_hybrid_lightgbm_h1.png,2026-08-25T18:12:11.874044,forward_hybrid_lightgbm_2026_W32.png,usdcop_forecast_zoo:hybrid_lightgbm:h1:2026-08-07,0.0006828697651761231,CTR-FORECAST-OUTPUT-001
BT_hybrid_lightgbm_h1_2026_W32,backtest,hybrid_lightgbm,Hybrid LightGBM,hybrid,1,H=1,short,2026-W32,2026,2026-08-07,0.49473684210526314,0.007663868316630287,0.005752808418912191,-0.08681652253703387,0.5165165165165165,0.5007518796992482,0.5029940119760479,0.2511278195488722,1.2574277967779353,NORMAL,True,transition,0.6272290639592767,1,-0.12653791393506233,0.9789031810398662,0.13013801377039969,-0.05540334947278491,0.49473684210526314,0.5032604946948057,0.029326636612168756,False,False,0.5353383458646617,backtest_hybrid_lightgbm_h1.png,backtest_hybrid_lightgbm_h1.png,2026-08-25T18:12:11.874044,forward_hybrid_lightgbm_2026_W32.png,usdcop_forecast_zoo:hybrid_lightgbm:h1:2026-08-07,0.0006828697651761231,CTR-FORECAST-OUTPUT-001
FF_hybrid_lightgbm_h5_2026_W32,forward_forecast,hybrid_lightgbm,Hybrid LightGBM,hybrid,5,H=5,short,2026-W32,2026,2026-08-07,0.4893939393939394,0.0,0.0,0.0,0.5,0.5,0.4909090909090909,0.25,1.2574277967779353,NORMAL,True,transition,0.6272290639592767,1,-0.430171849850569,0.8548011579713475,0.5904351338913172,-0.4999774007329556,0.4893939393939394,0.5032604946948057,0.029326636612168756,False,False,0.5015151515151515,forward_hybrid_lightgbm_2026_W32.png,backtest_hybrid_lightgbm_h5.png,2026-08-25T18:12:11.874044,forward_hybrid_lightgbm_2026_W32.png,usdcop_forecast_zoo:hybrid_lightgbm:h5:2026-08-07,0.0017328735278162712,CTR-FORECAST-OUTPUT-001
BT_hybrid_lightgbm_h5_2026_W32,backtest,hybrid_lightgbm,Hybrid LightGBM,hybrid,5,H=5,short,2026-W32,2026,2026-08-07,0.4893939393939394,0.017389871125261115,0.013323926385895971,-0.28792856807946055,0.5,0.5,0.4909090909090909,0.25,1.2574277967779353,NORMAL,True,transition,0.6272290639592767,1,-0.430171849850569,0.8548011579713475,0.5904351338913172,-0.4999774007329556,0.4893939393939394,0.5032604946948057,0.029326636612168756,False,False,0.5015151515151515,backtest_hybrid_lightgbm_h5.png,backtest_hybrid_lightgbm_h5.png,2026-08-25T18:12:11.874044,forward_hybrid_lightgbm_2026_W32.png,usdcop_forecast_zoo:hybrid_lightgbm:h5:2026-08-07,0.0017328735278162712,CTR-FORECAST-OUTPUT-001
FF_hybrid_lightgbm_h10_2026_W32,forward_forecast,hybrid_lightgbm,Hybrid LightGBM,hybrid,10,H=10,medium,2026-W32,2026,2026-08-07,0.48484848484848486,0.0,0.0,0.0,0.4636363636363636,0.5,0.37575757575757573,0.25,1.2574277967779353,NORMAL,True,transition,0.6272290639592767,1,-0.22692537107943314,0.8912393734167561,0.8664677499258303,-0.5628317220375635,0.48484848484848486,0.5032604946948057,0.029326636612168756,False,False,0.5045454545454545,forward_hybrid_lightgbm_2026_W32.png,backtest_hybrid_lightgbm_h10.png,2026-08-25T18:12:11.874044,forward_hybrid_lightgbm_2026_W32.png,usdcop_forecast_zoo:hybrid_lightgbm:h10:2026-08-07,0.00358633653890737,CTR-FORECAST-OUTPUT-001
BT_hybrid_lightgbm_h10_2026_W32,backtest,hybrid_lightgbm,Hybrid LightGBM,hybrid,10,H=10,medium,2026-W32,2026,2026-08-07,0.48484848484848486,0.025071763655238735,0.01926471947227555,-0.29218881832424004,0.4636363636363636,0.5,0.37575757575757573,0.25,1.2574277967779353,NORMAL,True,transition,0.6272290639592767,1,-0.22692537107943314,0.8912393734167561,0.8664677499258303,-0.5628317220375635,0.48484848484848486,0.5032604946948057,0.029326636612168756,False,False,0.5045454545454545,backtest_hybrid_lightgbm_h10.png,backtest_hybrid_lightgbm_h10.png,2026-08-25T18:12:11.874044,forward_hybrid_lightgbm_2026_W32.png,usdcop_forecast_zoo:hybrid_lightgbm:h10:2026-08-07,0.00358633653890737,CTR-FORECAST-OUTPUT-001
FF_hybrid_lightgbm_h15_2026_W32,forward_forecast,hybrid_lightgbm,Hybrid LightGBM,hybrid,15,H=15,medium,2026-W32,2026,2026-08-07,0.48333333333333334,0.0,0.0,0.0,0.48484848484848486,0.5,0.41818181818181815,0.25,1.2574277967779353,NORMAL,True,transition,0.6272290639592767,1,-0.44866539207477774,0.7571434449392425,0.9752425757970399,-0.8934149505847347,0.48333333333333334,0.5032604946948057,0.029326636612168756,False,False,0.5272727272727272,forward_hybrid_lightgbm_2026_W32.png,backtest_hybrid_lightgbm_h15.png,2026-08-25T18:12:11.874044,forward_hybrid_lightgbm_2026_W32.png,usdcop_forecast_zoo:hybrid_lightgbm:h15:2026-08-07,0.0066833990274125545,CTR-FORECAST-OUTPUT-001
BT_hybrid_lightgbm_h15_2026_W32,backtest,hybrid_lightgbm,Hybrid LightGBM,hybrid,15,H=15,medium,2026-W32,2026,2026-08-07,0.48333333333333334,0.03307853416033367,0.025023078704546713,-0.47211712648714577,0.48484848484848486,0.5,0.41818181818181815,0.25,1.2574277967779353,NORMAL,True,transition,0.6272290639592767,1,-0.44866539207477774,0.7571434449392425,0.9752425757970399,-0.8934149505847347,0.48333333333333334,0.5032604946948057,0.029326636612168756,False,False,0.5272727272727272,backtest_hybrid_lightgbm_h15.png,backtest_hybrid_lightgbm_h15.png,2026-08-25T18:12:11.874044,forward_hybrid_lightgbm_2026_W32.png,usdcop_forecast_zoo:hybrid_lightgbm:h15:2026-08-07,0.0066833990274125545,CTR-FORECAST-OUTPUT-001
FF_hybrid_lightgbm_h20_2026_W32,forward_forecast,hybrid_lightgbm,Hybrid LightGBM,hybrid,20,H=20,medium,2026-W32,2026,2026-08-07,0.5038167938931297,0.0,0.0,0.0,0.5091463414634146,0.500763358778626,0.5060975609756098,0.250381679389313,1.2574277967779353,NORMAL,True,transition,0.6272290639592767,1,-0.2343198589184415,0.8448739291770364,0.9620745664256783,-0.8148099679316432,0.5038167938931297,0.5032604946948057,0.029326636612168756,False,False,0.5511450381679389,forward_hybrid_lightgbm_2026_W32.png,backtest_hybrid_lightgbm_h20.png,2026-08-25T18:12:11.874044,forward_hybrid_lightgbm_2026_W32.png,usdcop_forecast_zoo:hybrid_lightgbm:h20:2026-08-07,0.004382088309121954,CTR-FORECAST-OUTPUT-001
BT_hybrid_lightgbm_h20_2026_W32,backtest,hybrid_lightgbm,Hybrid LightGBM,hybrid,20,H=20,medium,2026-W32,2026,2026-08-07,0.5038167938931297,0.03813570528790684,0.027994672149473616,-0.5207444872772404,0.5091463414634146,0.500763358778626,0.5060975609756098,0.250381679389313,1.2574277967779353,NORMAL,True,transition,0.6272290639592767,1,-0.2343198589184415,0.8448739291770364,0.9620745664256783,-0.8148099679316432,0.5038167938931297,0.5032604946948057,0.029326636612168756,False,False,0.5511450381679389,backtest_hybrid_lightgbm_h20.png,backtest_hybrid_lightgbm_h20.png,2026-08-25T18:12:11.874044,forward_hybrid_lightgbm_2026_W32.png,usdcop_forecast_zoo:hybrid_lightgbm:h20:2026-08-07,0.004382088309121954,CTR-FORECAST-OUTPUT-001
FF_hybrid_lightgbm_h25_2026_W32,forward_forecast,hybrid_lightgbm,Hybrid LightGBM,hybrid,25,H=25,long,2026-W32,2026,2026-08-07,0.5297709923664122,0.0,0.0,0.0,0.5396341463414634,0.500763358778626,0.524390243902439,0.250381679389313,1.2574277967779353,NORMAL,True,transition,0.6272290639592767,1,-0.0976213191254622,0.9232937253604593,0.9741390676491831,-0.6655482943490902,0.5297709923664122,0.5032604946948057,0.029326636612168756,False,False,0.5526717557251909,forward_hybrid_lightgbm_2026_W32.png,backtest_hybrid_lightgbm_h25.png,2026-08-25T18:12:11.874044,forward_hybrid_lightgbm_2026_W32.png,usdcop_forecast_zoo:hybrid_lightgbm:h25:2026-08-07,0.006722215603215315,CTR-FORECAST-OUTPUT-001
BT_hybrid_lightgbm_h25_2026_W32,backtest,hybrid_lightgbm,Hybrid LightGBM,hybrid,25,H=25,long,2026-W32,2026,2026-08-07,0.5297709923664122,0.04032201109102756,0.028836335807100832,-0.421363839947982,0.5396341463414634,0.500763358778626,0.524390243902439,0.250381679389313,1.2574277967779353,NORMAL,True,transition,0.6272290639592767,1,-0.0976213191254622,0.9232937253604593,0.9741390676491831,-0.6655482943490902,0.5297709923664122,0.5032604946948057,0.029326636612168756,False,False,0.5526717557251909,backtest_hybrid_lightgbm_h25.png,backtest_hybrid_lightgbm_h25.png,2026-08-25T18:12:11.874044,forward_hybrid_lightgbm_2026_W32.png,usdcop_forecast_zoo:hybrid_lightgbm:h25:2026-08-07,0.006722215603215315,CTR-FORECAST-OUTPUT-001
FF_hybrid_lightgbm_h30_2026_W32,forward_forecast,hybrid_lightgbm,Hybrid LightGBM,hybrid,30,H=30,long,2026-W32,2026,2026-08-07,0.536923076923077,0.0,0.0,0.0,0.5507692307692308,0.5,0.5766871165644172,0.25076923076923074,1.2574277967779353,NORMAL,True,transition,0.6272290639592767,1,-0.0858316449879101,0.9251966026943907,0.9781253676363653,-0.6920951351450655,0.536923076923077,0.5032604946948057,0.029326636612168756,False,False,0.5538461538461539,forward_hybrid_lightgbm_2026_W32.png,backtest_hybrid_lightgbm_h30.png,2026-08-25T18:12:11.874044,forward_hybrid_lightgbm_2026_W32.png,usdcop_forecast_zoo:hybrid_lightgbm:h30:2026-08-07,0.009028668032734775,CTR-FORECAST-OUTPUT-001
BT_hybrid_lightgbm_h30_2026_W32,backtest,hybrid_lightgbm,Hybrid LightGBM,hybrid,30,H=30,long,2026-W32,2026,2026-08-07,0.536923076923077,0.043624702648783105,0.031515566850504384,-0.4408717422511339,0.5507692307692308,0.5,0.5766871165644172,0.25076923076923074,1.2574277967779353,NORMAL,True,transition,0.6272290639592767,1,-0.0858316449879101,0.9251966026943907,0.9781253676363653,-0.6920951351450655,0.536923076923077,0.5032604946948057,0.029326636612168756,False,False,0.5538461538461539,backtest_hybrid_lightgbm_h30.png,backtest_hybrid_lightgbm_h30.png,2026-08-25T18:12:11.874044,forward_hybrid_lightgbm_2026_W32.png,usdcop_forecast_zoo:hybrid_lightgbm:h30:2026-08-07,0.009028668032734775,CTR-FORECAST-OUTPUT-001
FF_hybrid_catboost_h1_2026_W32,forward_forecast,hybrid_catboost,Hybrid CatBoost,hybrid,1,H=1,short,2026-W32,2026,2026-08-07,0.5157894736842106,0.0,0.0,0.0,0.5375375375375375,0.5007518796992482,0.5149700598802395,0.2511278195488722,1.2574277967779353,NORMAL,True,transition,0.6272290639592767,1,-0.3202388214020247,0.9474659296083052,0.2762186411543629,-0.11015115014933052,0.5157894736842106,0.4975384987317491,0.03047938445646981,False,False,0.5353383458646617,forward_hybrid_catboost_2026_W32.png,backtest_hybrid_catboost_h1.png,2026-08-25T18:12:11.874044,forward_hybrid_catboost_2026_W32.png,usdcop_forecast_zoo:hybrid_catboost:h1:2026-08-07,0.0006331853389549326,CTR-FORECAST-OUTPUT-001
BT_hybrid_catboost_h1_2026_W32,backtest,hybrid_catboost,Hybrid CatBoost,hybrid,1,H=1,short,2026-W32,2026,2026-08-07,0.5157894736842106,0.008304550741411088,0.00614946088348981,-0.276122747975861,0.5375375375375375,0.5007518796992482,0.5149700598802395,0.2511278195488722,1.2574277967779353,NORMAL,True,transition,0.6272290639592767,1,-0.3202388214020247,0.9474659296083052,0.2762186411543629,-0.11015115014933052,0.5157894736842106,0.4975384987317491,0.03047938445646981,False,False,0.5353383458646617,backtest_hybrid_catboost_h1.png,backtest_hybrid_catboost_h1.png,2026-08-25T18:12:11.874044,forward_hybrid_catboost_2026_W32.png,usdcop_forecast_zoo:hybrid_catboost:h1:2026-08-07,0.0006331853389549326,CTR-FORECAST-OUTPUT-001
FF_hybrid_catboost_h5_2026_W32,forward_forecast,hybrid_catboost,Hybrid CatBoost,hybrid,5,H=5,short,2026-W32,2026,2026-08-07,0.4696969696969697,0.0,0.0,0.0,0.4666666666666667,0.5,0.4303030303030303,0.25,1.2574277967779353,NORMAL,True,transition,0.6272290639592767,1,-0.5816887261370605,0.8088159349563575,0.6754953803753814,-0.5967263114212034,0.4696969696969697,0.4975384987317491,0.03047938445646981,False,False,0.5015151515151515,forward_hybrid_catboost_2026_W32.png,backtest_hybrid_catboost_h5.png,2026-08-25T18:12:11.874044,forward_hybrid_catboost_2026_W32.png,usdcop_forecast_zoo:hybrid_catboost:h5:2026-08-07,0.0028894714919920086,CTR-FORECAST-OUTPUT-001
BT_hybrid_catboost_h5_2026_W32,backtest,hybrid_catboost,Hybrid CatBoost,hybrid,5,H=5,short,2026-W32,2026,2026-08-07,0.4696969696969697,0.018865629936708102,0.014057781660558223,-0.515799194461674,0.4666666666666667,0.5,0.4303030303030303,0.25,1.2574277967779353,NORMAL,True,transition,0.6272290639592767,1,-0.5816887261370605,0.8088159349563575,0.6754953803753814,-0.5967263114212034,0.4696969696969697,0.4975384987317491,0.03047938445646981,False,False,0.5015151515151515,backtest_hybrid_catboost_h5.png,backtest_hybrid_catboost_h5.png,2026-08-25T18:12:11.874044,forward_hybrid_catboost_2026_W32.png,usdcop_forecast_zoo:hybrid_catboost:h5:2026-08-07,0.0028894714919920086,CTR-FORECAST-OUTPUT-001
FF_hybrid_catboost_h10_2026_W32,forward_forecast,hybrid_catboost,Hybrid CatBoost,hybrid,10,H=10,medium,2026-W32,2026,2026-08-07,0.47878787878787876,0.0,0.0,0.0,0.4393939393939394,0.5,0.4,0.25,1.2574277967779353,NORMAL,True,transition,0.6272290639592767,1,-0.2907607569678634,0.8628276388282171,0.8907051517323334,-0.6370305865418421,0.47878787878787876,0.4975384987317491,0.03047938445646981,False,False,0.5045454545454545,forward_hybrid_catboost_2026_W32.png,backtest_hybrid_catboost_h10.png,2026-08-25T18:12:11.874044,forward_hybrid_catboost_2026_W32.png,usdcop_forecast_zoo:hybrid_catboost:h10:2026-08-07,0.004324495590201595,CTR-FORECAST-OUTPUT-001
BT_hybrid_catboost_h10_2026_W32,backtest,hybrid_catboost,Hybrid CatBoost,hybrid,10,H=10,medium,2026-W32,2026,2026-08-07,0.47878787878787876,0.02930485259593528,0.02095730454350963,-0.7653681653133984,0.4393939393939394,0.5,0.4,0.25,1.2574277967779353,NORMAL,True,transition,0.6272290639592767,1,-0.2907607569678634,0.8628276388282171,0.8907051517323334,-0.6370305865418421,0.47878787878787876,0.4975384987317491,0.03047938445646981,False,False,0.5045454545454545,backtest_hybrid_catboost_h10.png,backtest_hybrid_catboost_h10.png,2026-08-25T18:12:11.874044,forward_hybrid_catboost_2026_W32.png,usdcop_forecast_zoo:hybrid_catboost:h10:2026-08-07,0.004324495590201595,CTR-FORECAST-OUTPUT-001
FF_hybrid_catboost_h15_2026_W32,forward_forecast,hybrid_catboost,Hybrid CatBoost,hybrid,15,H=15,medium,2026-W32,2026,2026-08-07,0.4863636363636364,0.0,0.0,0.0,0.49393939393939396,0.5,0.41818181818181815,0.25,1.2574277967779353,NORMAL,True,transition,0.6272290639592767,1,-0.32276640101807097,0.8186560859591083,0.9632610661921753,-0.8146647685588435,0.4863636363636364,0.4975384987317491,0.03047938445646981,False,False,0.5272727272727272,forward_hybrid_catboost_2026_W32.png,backtest_hybrid_catboost_h15.png,2026-08-25T18:12:11.874044,forward_hybrid_catboost_2026_W32.png,usdcop_forecast_zoo:hybrid_catboost:h15:2026-08-07,0.005824814750511619,CTR-FORECAST-OUTPUT-001
BT_hybrid_catboost_h15_2026_W32,backtest,hybrid_catboost,Hybrid CatBoost,hybrid,15,H=15,medium,2026-W32,2026,2026-08-07,0.4863636363636364,0.034724602520686605,0.02511685341519539,-0.622274791403644,0.49393939393939396,0.5,0.41818181818181815,0.25,1.2574277967779353,NORMAL,True,transition,0.6272290639592767,1,-0.32276640101807097,0.8186560859591083,0.9632610661921753,-0.8146647685588435,0.4863636363636364,0.4975384987317491,0.03047938445646981,False,False,0.5272727272727272,backtest_hybrid_catboost_h15.png,backtest_hybrid_catboost_h15.png,2026-08-25T18:12:11.874044,forward_hybrid_catboost_2026_W32.png,usdcop_forecast_zoo:hybrid_catboost:h15:2026-08-07,0.005824814750511619,CTR-FORECAST-OUTPUT-001
FF_hybrid_catboost_h20_2026_W32,forward_forecast,hybrid_catboost,Hybrid CatBoost,hybrid,20,H=20,medium,2026-W32,2026,2026-08-07,0.5114503816793893,0.0,0.0,0.0,0.5182926829268293,0.500763358778626,0.5060975609756098,0.250381679389313,1.2574277967779353,NORMAL,True,transition,0.6272290639592767,1,-0.1680631626531401,0.8861295572510067,0.9504806615108944,-0.7283484184396317,0.5114503816793893,0.4975384987317491,0.03047938445646981,False,False,0.5511450381679389,forward_hybrid_catboost_2026_W32.png,backtest_hybrid_catboost_h20.png,2026-08-25T18:12:11.874044,forward_hybrid_catboost_2026_W32.png,usdcop_forecast_zoo:hybrid_catboost:h20:2026-08-07,0.006394154169428585,CTR-FORECAST-OUTPUT-001
BT_hybrid_catboost_h20_2026_W32,backtest,hybrid_catboost,Hybrid CatBoost,hybrid,20,H=20,medium,2026-W32,2026,2026-08-07,0.5114503816793893,0.0388785654421398,0.027480028153641683,-0.5805678686521516,0.5182926829268293,0.500763358778626,0.5060975609756098,0.250381679389313,1.2574277967779353,NORMAL,True,transition,0.6272290639592767,1,-0.1680631626531401,0.8861295572510067,0.9504806615108944,-0.7283484184396317,0.5114503816793893,0.4975384987317491,0.03047938445646981,False,False,0.5511450381679389,backtest_hybrid_catboost_h20.png,backtest_hybrid_catboost_h20.png,2026-08-25T18:12:11.874044,forward_hybrid_catboost_2026_W32.png,usdcop_forecast_zoo:hybrid_catboost:h20:2026-08-07,0.006394154169428585,CTR-FORECAST-OUTPUT-001
FF_hybrid_catboost_h25_2026_W32,forward_forecast,hybrid_catboost,Hybrid CatBoost,hybrid,25,H=25,long,2026-W32,2026,2026-08-07,0.5114503816793893,0.0,0.0,0.0,0.5304878048780488,0.500763358778626,0.5,0.250381679389313,1.2574277967779353,NORMAL,True,transition,0.6272290639592767,1,-0.22582571557287667,0.8313825778644739,0.974139067649183,-0.8656797074092659,0.5114503816793893,0.4975384987317491,0.03047938445646981,False,False,0.5526717557251909,forward_hybrid_catboost_2026_W32.png,backtest_hybrid_catboost_h25.png,2026-08-25T18:12:11.874044,forward_hybrid_catboost_2026_W32.png,usdcop_forecast_zoo:hybrid_catboost:h25:2026-08-07,0.005110964420875728,CTR-FORECAST-OUTPUT-001
BT_hybrid_catboost_h25_2026_W32,backtest,hybrid_catboost,Hybrid CatBoost,hybrid,25,H=25,long,2026-W32,2026,2026-08-07,0.5114503816793893,0.04016869701370813,0.028856764911858058,-0.4105756477553617,0.5304878048780488,0.500763358778626,0.5,0.250381679389313,1.2574277967779353,NORMAL,True,transition,0.6272290639592767,1,-0.22582571557287667,0.8313825778644739,0.974139067649183,-0.8656797074092659,0.5114503816793893,0.4975384987317491,0.03047938445646981,False,False,0.5526717557251909,backtest_hybrid_catboost_h25.png,backtest_hybrid_catboost_h25.png,2026-08-25T18:12:11.874044,forward_hybrid_catboost_2026_W32.png,usdcop_forecast_zoo:hybrid_catboost:h25:2026-08-07,0.005110964420875728,CTR-FORECAST-OUTPUT-001
FF_hybrid_catboost_h30_2026_W32,forward_forecast,hybrid_catboost,Hybrid CatBoost,hybrid,30,H=30,long,2026-W32,2026,2026-08-07,0.5092307692307693,0.0,0.0,0.0,0.5292307692307693,0.5,0.5705521472392638,0.25076923076923074,1.2574277967779353,NORMAL,True,transition,0.6272290639592767,1,-0.196172005007368,0.837153276315604,0.9781253676363654,-0.8772012442420737,0.5092307692307693,0.4975384987317491,0.03047938445646981,False,False,0.5538461538461539,forward_hybrid_catboost_2026_W32.png,backtest_hybrid_catboost_h30.png,2026-08-25T18:12:11.874044,forward_hybrid_catboost_2026_W32.png,usdcop_forecast_zoo:hybrid_catboost:h30:2026-08-07,0.008069078320064666,CTR-FORECAST-OUTPUT-001
BT_hybrid_catboost_h30_2026_W32,backtest,hybrid_catboost,Hybrid CatBoost,hybrid,30,H=30,long,2026-W32,2026,2026-08-07,0.5092307692307693,0.0431087929446997,0.03138347886644602,-0.40699349669391194,0.5292307692307693,0.5,0.5705521472392638,0.25076923076923074,1.2574277967779353,NORMAL,True,transition,0.6272290639592767,1,-0.196172005007368,0.837153276315604,0.9781253676363654,-0.8772012442420737,0.5092307692307693,0.4975384987317491,0.03047938445646981,False,False,0.5538461538461539,backtest_hybrid_catboost_h30.png,backtest_hybrid_catboost_h30.png,2026-08-25T18:12:11.874044,forward_hybrid_catboost_2026_W32.png,usdcop_forecast_zoo:hybrid_catboost:h30:2026-08-07,0.008069078320064666,CTR-FORECAST-OUTPUT-001
FF_ridge_h1_2026_W33,forward_forecast,ridge,Ridge,linear,1,H=1,short,2026-W33,2026,2026-08-14,0.5007518796992482,0.0,0.0,0.0,0.5225225225225225,0.5007518796992482,0.48502994011976047,0.2511278195488722,1.4158555836466964,NORMAL,True,transition,1.252448582170299,1,0.14591229094315825,1.0249064845863747,0.2831857325545375,0.027332615594388265,0.5007518796992482,0.5241498710591289,0.03597878790172722,True,False,0.524812030075188,forward_ridge_2026_W33.png,backtest_ridge_h1.png,2026-08-25T18:14:58.374600,forward_ridge_2026_W33.png,usdcop_forecast_zoo:ridge:h1:2026-08-14,0.0018616132198420747,CTR-FORECAST-OUTPUT-001
BT_ridge_h1_2026_W33,backtest,ridge,Ridge,linear,1,H=1,short,2026-W33,2026,2026-08-14,0.5007518796992482,0.007717395965040973,0.0057664712230049995,-0.10328170252538538,0.5225225225225225,0.5007518796992482,0.48502994011976047,0.2511278195488722,1.4158555836466964,NORMAL,True,transition,1.252448582170299,1,0.14591229094315825,1.0249064845863747,0.2831857325545375,0.027332615594388265,0.5007518796992482,0.5241498710591289,0.03597878790172722,True,False,0.524812030075188,backtest_ridge_h1.png,backtest_ridge_h1.png,2026-08-25T18:14:58.374600,forward_ridge_2026_W33.png,usdcop_forecast_zoo:ridge:h1:2026-08-14,0.0018616132198420747,CTR-FORECAST-OUTPUT-001
FF_ridge_h5_2026_W33,forward_forecast,ridge,Ridge,linear,5,H=5,short,2026-W33,2026,2026-08-14,0.49774436090225566,0.0,0.0,0.0,0.4594594594594595,0.5007518796992482,0.40119760479041916,0.2511278195488722,1.4158555836466964,NORMAL,True,transition,1.252448582170299,1,-0.07775177477595539,0.9720251399937733,0.620236864769688,-0.17372834789303748,0.49774436090225566,0.5241498710591289,0.03597878790172722,True,True,0.49774436090225566,forward_ridge_2026_W33.png,backtest_ridge_h5.png,2026-08-25T18:14:58.374600,forward_ridge_2026_W33.png,usdcop_forecast_zoo:ridge:h5:2026-08-14,0.008034525668320934,CTR-FORECAST-OUTPUT-001
BT_ridge_h5_2026_W33,backtest,ridge,Ridge,linear,5,H=5,short,2026-W33,2026,2026-08-14,0.49774436090225566,0.019271745173412833,0.014671494165013866,-0.5876224079395589,0.4594594594594595,0.5007518796992482,0.40119760479041916,0.2511278195488722,1.4158555836466964,NORMAL,True,transition,1.252448582170299,1,-0.07775177477595539,0.9720251399937733,0.620236864769688,-0.17372834789303748,0.49774436090225566,0.5241498710591289,0.03597878790172722,True,True,0.49774436090225566,backtest_ridge_h5.png,backtest_ridge_h5.png,2026-08-25T18:14:58.374600,forward_ridge_2026_W33.png,usdcop_forecast_zoo:ridge:h5:2026-08-14,0.008034525668320934,CTR-FORECAST-OUTPUT-001
FF_ridge_h10_2026_W33,forward_forecast,ridge,Ridge,linear,10,H=10,medium,2026-W33,2026,2026-08-14,0.5,0.0,0.0,0.0,0.45454545454545453,0.5,0.32727272727272727,0.25,1.4158555836466964,NORMAL,True,transition,1.252448582170299,1,-0.0799789668001319,0.960247385328833,0.8226569968509603,-0.32833609803636277,0.5,0.5241498710591289,0.03597878790172722,True,False,0.5045454545454545,forward_ridge_2026_W33.png,backtest_ridge_h10.png,2026-08-25T18:14:58.374600,forward_ridge_2026_W33.png,usdcop_forecast_zoo:ridge:h10:2026-08-14,0.011268084808961194,CTR-FORECAST-OUTPUT-001
BT_ridge_h10_2026_W33,backtest,ridge,Ridge,linear,10,H=10,medium,2026-W33,2026,2026-08-14,0.5,0.029615622015826487,0.02255129873855769,-0.8034190866644451,0.45454545454545453,0.5,0.32727272727272727,0.25,1.4158555836466964,NORMAL,True,transition,1.252448582170299,1,-0.0799789668001319,0.960247385328833,0.8226569968509603,-0.32833609803636277,0.5,0.5241498710591289,0.03597878790172722,True,False,0.5045454545454545,backtest_ridge_h10.png,backtest_ridge_h10.png,2026-08-25T18:14:58.374600,forward_ridge_2026_W33.png,usdcop_forecast_zoo:ridge:h10:2026-08-14,0.011268084808961194,CTR-FORECAST-OUTPUT-001
FF_ridge_h15_2026_W33,forward_forecast,ridge,Ridge,linear,15,H=15,medium,2026-W33,2026,2026-08-14,0.5196969696969697,0.0,0.0,0.0,0.49696969696969695,0.5,0.3878787878787879,0.25,1.4158555836466964,NORMAL,True,transition,1.252448582170299,1,-0.11956533582403327,0.9287758718162613,0.9182677263857667,-0.5451156612389005,0.5196969696969697,0.5241498710591289,0.03597878790172722,True,False,0.5257575757575758,forward_ridge_2026_W33.png,backtest_ridge_h15.png,2026-08-25T18:14:58.374600,forward_ridge_2026_W33.png,usdcop_forecast_zoo:ridge:h15:2026-08-14,0.013155652835128451,CTR-FORECAST-OUTPUT-001
BT_ridge_h15_2026_W33,backtest,ridge,Ridge,linear,15,H=15,medium,2026-W33,2026,2026-08-14,0.5196969696969697,0.03885614883800932,0.028344589962896915,-1.0239439158273345,0.49696969696969695,0.5,0.3878787878787879,0.25,1.4158555836466964,NORMAL,True,transition,1.252448582170299,1,-0.11956533582403327,0.9287758718162613,0.9182677263857667,-0.5451156612389005,0.5196969696969697,0.5241498710591289,0.03597878790172722,True,False,0.5257575757575758,backtest_ridge_h15.png,backtest_ridge_h15.png,2026-08-25T18:14:58.374600,forward_ridge_2026_W33.png,usdcop_forecast_zoo:ridge:h15:2026-08-14,0.013155652835128451,CTR-FORECAST-OUTPUT-001
FF_ridge_h20_2026_W33,forward_forecast,ridge,Ridge,linear,20,H=20,medium,2026-W33,2026,2026-08-14,0.5378787878787878,0.0,0.0,0.0,0.5242424242424243,0.5,0.41818181818181815,0.25,1.4158555836466964,NORMAL,True,transition,1.252448582170299,1,0.021035666584030423,1.0151787280488789,0.9605959875126499,-0.18868381486275976,0.5378787878787878,0.5241498710591289,0.03597878790172722,True,False,0.5409090909090909,forward_ridge_2026_W33.png,backtest_ridge_h20.png,2026-08-25T18:14:58.374600,forward_ridge_2026_W33.png,usdcop_forecast_zoo:ridge:h20:2026-08-14,0.013672620471430958,CTR-FORECAST-OUTPUT-001
BT_ridge_h20_2026_W33,backtest,ridge,Ridge,linear,20,H=20,medium,2026-W33,2026,2026-08-14,0.5378787878787878,0.046401916820601796,0.0328225496525451,-1.2405374131202516,0.5242424242424243,0.5,0.41818181818181815,0.25,1.4158555836466964,NORMAL,True,transition,1.252448582170299,1,0.021035666584030423,1.0151787280488789,0.9605959875126499,-0.18868381486275976,0.5378787878787878,0.5241498710591289,0.03597878790172722,True,False,0.5409090909090909,backtest_ridge_h20.png,backtest_ridge_h20.png,2026-08-25T18:14:58.374600,forward_ridge_2026_W33.png,usdcop_forecast_zoo:ridge:h20:2026-08-14,0.013672620471430958,CTR-FORECAST-OUTPUT-001
FF_ridge_h25_2026_W33,forward_forecast,ridge,Ridge,linear,25,H=25,long,2026-W33,2026,2026-08-14,0.5572519083969466,0.0,0.0,0.0,0.5701219512195121,0.500763358778626,0.5182926829268293,0.250381679389313,1.4158555836466964,NORMAL,True,transition,1.252448582170299,1,0.10043063492698467,1.0854392164913815,0.9760297303700238,0.3747085184053154,0.5572519083969466,0.5241498710591289,0.03597878790172722,True,True,0.5572519083969466,forward_ridge_2026_W33.png,backtest_ridge_h25.png,2026-08-25T18:14:58.374600,forward_ridge_2026_W33.png,usdcop_forecast_zoo:ridge:h25:2026-08-14,0.018325227136977405,CTR-FORECAST-OUTPUT-001
BT_ridge_h25_2026_W33,backtest,ridge,Ridge,linear,25,H=25,long,2026-W33,2026,2026-08-14,0.5572519083969466,0.05215610299957456,0.03620695538183142,-1.3507434422795286,0.5701219512195121,0.500763358778626,0.5182926829268293,0.250381679389313,1.4158555836466964,NORMAL,True,transition,1.252448582170299,1,0.10043063492698467,1.0854392164913815,0.9760297303700238,0.3747085184053154,0.5572519083969466,0.5241498710591289,0.03597878790172722,True,True,0.5572519083969466,backtest_ridge_h25.png,backtest_ridge_h25.png,2026-08-25T18:14:58.374600,forward_ridge_2026_W33.png,usdcop_forecast_zoo:ridge:h25:2026-08-14,0.018325227136977405,CTR-FORECAST-OUTPUT-001
FF_ridge_h30_2026_W33,forward_forecast,ridge,Ridge,linear,30,H=30,long,2026-W33,2026,2026-08-14,0.5557251908396946,0.0,0.0,0.0,0.5914634146341463,0.500763358778626,0.5182926829268293,0.250381679389313,1.4158555836466964,NORMAL,True,transition,1.252448582170299,1,0.0009262266727112313,1.0008391400173138,0.9888236700712144,-0.38105547404231976,0.5557251908396946,0.5241498710591289,0.03597878790172722,True,True,0.5557251908396946,forward_ridge_2026_W33.png,backtest_ridge_h30.png,2026-08-25T18:14:58.374600,forward_ridge_2026_W33.png,usdcop_forecast_zoo:ridge:h30:2026-08-14,0.027291931317244084,CTR-FORECAST-OUTPUT-001
BT_ridge_h30_2026_W33,backtest,ridge,Ridge,linear,30,H=30,long,2026-W33,2026,2026-08-14,0.5557251908396946,0.05783258349962455,0.03997379884396503,-1.4336833507942717,0.5914634146341463,0.500763358778626,0.5182926829268293,0.250381679389313,1.4158555836466964,NORMAL,True,transition,1.252448582170299,1,0.0009262266727112313,1.0008391400173138,0.9888236700712144,-0.38105547404231976,0.5557251908396946,0.5241498710591289,0.03597878790172722,True,True,0.5557251908396946,backtest_ridge_h30.png,backtest_ridge_h30.png,2026-08-25T18:14:58.374600,forward_ridge_2026_W33.png,usdcop_forecast_zoo:ridge:h30:2026-08-14,0.027291931317244084,CTR-FORECAST-OUTPUT-001
FF_bayesian_ridge_h1_2026_W33,forward_forecast,bayesian_ridge,Bayesian Ridge,linear,1,H=1,short,2026-W33,2026,2026-08-14,0.5037593984962406,0.0,0.0,0.0,0.5315315315315315,0.5007518796992482,0.5029940119760479,0.2511278195488722,1.4158555836466964,NORMAL,True,transition,1.252448582170299,1,0.16347534882354972,1.0279459940463687,0.2886440033860262,0.032905449425734146,0.5037593984962406,0.5226362724497374,0.03498472217457799,False,False,0.524812030075188,forward_bayesian_ridge_2026_W33.png,backtest_bayesian_ridge_h1.png,2026-08-25T18:14:58.374600,forward_bayesian_ridge_2026_W33.png,usdcop_forecast_zoo:bayesian_ridge:h1:2026-08-14,0.0017911614904742698,CTR-FORECAST-OUTPUT-001
BT_bayesian_ridge_h1_2026_W33,backtest,bayesian_ridge,Bayesian Ridge,linear,1,H=1,short,2026-W33,2026,2026-08-14,0.5037593984962406,0.007593438576317008,0.005670751171789655,-0.06812435269245576,0.5315315315315315,0.5007518796992482,0.5029940119760479,0.2511278195488722,1.4158555836466964,NORMAL,True,transition,1.252448582170299,1,0.16347534882354972,1.0279459940463687,0.2886440033860262,0.032905449425734146,0.5037593984962406,0.5226362724497374,0.03498472217457799,False,False,0.524812030075188,backtest_bayesian_ridge_h1.png,backtest_bayesian_ridge_h1.png,2026-08-25T18:14:58.374600,forward_bayesian_ridge_2026_W33.png,usdcop_forecast_zoo:bayesian_ridge:h1:2026-08-14,0.0017911614904742698,CTR-FORECAST-OUTPUT-001
FF_bayesian_ridge_h5_2026_W33,forward_forecast,bayesian_ridge,Bayesian Ridge,linear,5,H=5,short,2026-W33,2026,2026-08-14,0.48872180451127817,0.0,0.0,0.0,0.4774774774774775,0.5007518796992482,0.38922155688622756,0.2511278195488722,1.4158555836466964,NORMAL,True,transition,1.252448582170299,1,-0.1608471126854509,0.9429909484632923,0.62309091757093,-0.26693127218753554,0.48872180451127817,0.5226362724497374,0.03498472217457799,False,False,0.49774436090225566,forward_bayesian_ridge_2026_W33.png,backtest_bayesian_ridge_h5.png,2026-08-25T18:14:58.374600,forward_bayesian_ridge_2026_W33.png,usdcop_forecast_zoo:bayesian_ridge:h5:2026-08-14,0.0077930779216862575,CTR-FORECAST-OUTPUT-001
BT_bayesian_ridge_h5_2026_W33,backtest,bayesian_ridge,Bayesian Ridge,linear,5,H=5,short,2026-W33,2026,2026-08-14,0.48872180451127817,0.01862480994062277,0.014195817576559806,-0.4828213496026035,0.4774774774774775,0.5007518796992482,0.38922155688622756,0.2511278195488722,1.4158555836466964,NORMAL,True,transition,1.252448582170299,1,-0.1608471126854509,0.9429909484632923,0.62309091757093,-0.26693127218753554,0.48872180451127817,0.5226362724497374,0.03498472217457799,False,False,0.49774436090225566,backtest_bayesian_ridge_h5.png,backtest_bayesian_ridge_h5.png,2026-08-25T18:14:58.374600,forward_bayesian_ridge_2026_W33.png,usdcop_forecast_zoo:bayesian_ridge:h5:2026-08-14,0.0077930779216862575,CTR-FORECAST-OUTPUT-001
FF_bayesian_ridge_h10_2026_W33,forward_forecast,bayesian_ridge,Bayesian Ridge,linear,10,H=10,medium,2026-W33,2026,2026-08-14,0.4909090909090909,0.0,0.0,0.0,0.4575757575757576,0.5,0.3393939393939394,0.25,1.4158555836466964,NORMAL,True,transition,1.252448582170299,1,-0.15342764602479625,0.9251321172665928,0.8226569968509602,-0.4582231663763312,0.4909090909090909,0.5226362724497374,0.03498472217457799,False,False,0.5045454545454545,forward_bayesian_ridge_2026_W33.png,backtest_bayesian_ridge_h10.png,2026-08-25T18:14:58.374600,forward_bayesian_ridge_2026_W33.png,usdcop_forecast_zoo:bayesian_ridge:h10:2026-08-14,0.011805229885983566,CTR-FORECAST-OUTPUT-001
BT_bayesian_ridge_h10_2026_W33,backtest,bayesian_ridge,Bayesian Ridge,linear,10,H=10,medium,2026-W33,2026,2026-08-14,0.4909090909090909,0.02853339666981684,0.021757477450414463,-0.6740248193648453,0.4575757575757576,0.5,0.3393939393939394,0.25,1.4158555836466964,NORMAL,True,transition,1.252448582170299,1,-0.15342764602479625,0.9251321172665928,0.8226569968509602,-0.4582231663763312,0.4909090909090909,0.5226362724497374,0.03498472217457799,False,False,0.5045454545454545,backtest_bayesian_ridge_h10.png,backtest_bayesian_ridge_h10.png,2026-08-25T18:14:58.374600,forward_bayesian_ridge_2026_W33.png,usdcop_forecast_zoo:bayesian_ridge:h10:2026-08-14,0.011805229885983566,CTR-FORECAST-OUTPUT-001
FF_bayesian_ridge_h15_2026_W33,forward_forecast,bayesian_ridge,Bayesian Ridge,linear,15,H=15,medium,2026-W33,2026,2026-08-14,0.5257575757575758,0.0,0.0,0.0,0.509090909090909,0.5,0.4,0.25,1.4158555836466964,NORMAL,True,transition,1.252448582170299,1,-0.05390673330759982,0.967236757280896,0.9182677263857668,-0.3902510734890451,0.5257575757575758,0.5226362724497374,0.03498472217457799,False,True,0.5257575757575758,forward_bayesian_ridge_2026_W33.png,backtest_bayesian_ridge_h15.png,2026-08-25T18:14:58.374600,forward_bayesian_ridge_2026_W33.png,usdcop_forecast_zoo:bayesian_ridge:h15:2026-08-14,0.01423318255666407,CTR-FORECAST-OUTPUT-001
BT_bayesian_ridge_h15_2026_W33,backtest,bayesian_ridge,Bayesian Ridge,linear,15,H=15,medium,2026-W33,2026,2026-08-14,0.5257575757575758,0.037671242564395524,0.027535126183523394,-0.902386943474691,0.509090909090909,0.5,0.4,0.25,1.4158555836466964,NORMAL,True,transition,1.252448582170299,1,-0.05390673330759982,0.967236757280896,0.9182677263857668,-0.3902510734890451,0.5257575757575758,0.5226362724497374,0.03498472217457799,False,True,0.5257575757575758,backtest_bayesian_ridge_h15.png,backtest_bayesian_ridge_h15.png,2026-08-25T18:14:58.374600,forward_bayesian_ridge_2026_W33.png,usdcop_forecast_zoo:bayesian_ridge:h15:2026-08-14,0.01423318255666407,CTR-FORECAST-OUTPUT-001
FF_bayesian_ridge_h20_2026_W33,forward_forecast,bayesian_ridge,Bayesian Ridge,linear,20,H=20,medium,2026-W33,2026,2026-08-14,0.5409090909090909,0.0,0.0,0.0,0.5363636363636364,0.5,0.42424242424242425,0.25,1.4158555836466964,NORMAL,True,transition,1.252448582170299,1,0.06081621758683957,1.04451633643874,0.9605959875126499,0.02522129175709731,0.5409090909090909,0.5226362724497374,0.03498472217457799,False,True,0.5409090909090909,forward_bayesian_ridge_2026_W33.png,backtest_bayesian_ridge_h20.png,2026-08-25T18:14:58.374600,forward_bayesian_ridge_2026_W33.png,usdcop_forecast_zoo:bayesian_ridge:h20:2026-08-14,0.01539944317179563,CTR-FORECAST-OUTPUT-001
BT_bayesian_ridge_h20_2026_W33,backtest,bayesian_ridge,Bayesian Ridge,linear,20,H=20,medium,2026-W33,2026,2026-08-14,0.5409090909090909,0.045080366280272226,0.03194167532901723,-1.1147314783321418,0.5363636363636364,0.5,0.42424242424242425,0.25,1.4158555836466964,NORMAL,True,transition,1.252448582170299,1,0.06081621758683957,1.04451633643874,0.9605959875126499,0.02522129175709731,0.5409090909090909,0.5226362724497374,0.03498472217457799,False,True,0.5409090909090909,backtest_bayesian_ridge_h20.png,backtest_bayesian_ridge_h20.png,2026-08-25T18:14:58.374600,forward_bayesian_ridge_2026_W33.png,usdcop_forecast_zoo:bayesian_ridge:h20:2026-08-14,0.01539944317179563,CTR-FORECAST-OUTPUT-001
FF_bayesian_ridge_h25_2026_W33,forward_forecast,bayesian_ridge,Bayesian Ridge,linear,25,H=25,long,2026-W33,2026,2026-08-14,0.5557251908396946,0.0,0.0,0.0,0.5762195121951219,0.500763358778626,0.5182926829268293,0.250381679389313,1.4158555836466964,NORMAL,True,transition,1.252448582170299,1,0.10456080333634887,1.0891055139136216,0.9760297303700238,0.4162442270048119,0.5557251908396946,0.5226362724497374,0.03498472217457799,False,False,0.5572519083969466,forward_bayesian_ridge_2026_W33.png,backtest_bayesian_ridge_h25.png,2026-08-25T18:14:58.374600,forward_bayesian_ridge_2026_W33.png,usdcop_forecast_zoo:bayesian_ridge:h25:2026-08-14,0.019782866868787483,CTR-FORECAST-OUTPUT-001
BT_bayesian_ridge_h25_2026_W33,backtest,bayesian_ridge,Bayesian Ridge,linear,25,H=25,long,2026-W33,2026,2026-08-14,0.5557251908396946,0.050878697730687705,0.035449999130642035,-1.2370049142909703,0.5762195121951219,0.500763358778626,0.5182926829268293,0.250381679389313,1.4158555836466964,NORMAL,True,transition,1.252448582170299,1,0.10456080333634887,1.0891055139136216,0.9760297303700238,0.4162442270048119,0.5557251908396946,0.5226362724497374,0.03498472217457799,False,False,0.5572519083969466,backtest_bayesian_ridge_h25.png,backtest_bayesian_ridge_h25.png,2026-08-25T18:14:58.374600,forward_bayesian_ridge_2026_W33.png,usdcop_forecast_zoo:bayesian_ridge:h25:2026-08-14,0.019782866868787483,CTR-FORECAST-OUTPUT-001
FF_bayesian_ridge_h30_2026_W33,forward_forecast,bayesian_ridge,Bayesian Ridge,linear,30,H=30,long,2026-W33,2026,2026-08-14,0.5526717557251909,0.0,0.0,0.0,0.5914634146341463,0.500763358778626,0.524390243902439,0.250381679389313,1.4158555836466964,NORMAL,True,transition,1.252448582170299,1,-0.006106011234035275,0.9944856725331034,0.9888236700712145,-0.4174234277731985,0.5526717557251909,0.5226362724497374,0.03498472217457799,False,False,0.5557251908396946,forward_bayesian_ridge_2026_W33.png,backtest_bayesian_ridge_h30.png,2026-08-25T18:14:58.374600,forward_bayesian_ridge_2026_W33.png,usdcop_forecast_zoo:bayesian_ridge:h30:2026-08-14,0.027830348567772924,CTR-FORECAST-OUTPUT-001
BT_bayesian_ridge_h30_2026_W33,backtest,bayesian_ridge,Bayesian Ridge,linear,30,H=30,long,2026-W33,2026,2026-08-14,0.5526717557251909,0.056511103459933834,0.039219676500667634,-1.3237342496257236,0.5914634146341463,0.500763358778626,0.524390243902439,0.250381679389313,1.4158555836466964,NORMAL,True,transition,1.252448582170299,1,-0.006106011234035275,0.9944856725331034,0.9888236700712145,-0.4174234277731985,0.5526717557251909,0.5226362724497374,0.03498472217457799,False,False,0.5557251908396946,backtest_bayesian_ridge_h30.png,backtest_bayesian_ridge_h30.png,2026-08-25T18:14:58.374600,forward_bayesian_ridge_2026_W33.png,usdcop_forecast_zoo:bayesian_ridge:h30:2026-08-14,0.027830348567772924,CTR-FORECAST-OUTPUT-001
FF_ard_h1_2026_W33,forward_forecast,ard,ARD,linear,1,H=1,short,2026-W33,2026,2026-08-14,0.5112781954887218,0.0,0.0,0.0,0.5015015015015015,0.5007518796992482,0.5329341317365269,0.2511278195488722,1.4158555836466964,NORMAL,True,transition,1.252448582170299,1,-0.20225953121612822,0.9664729261642127,0.24571451672363268,-0.07719964855176842,0.5112781954887218,0.4780731445944096,0.03173712903593968,False,False,0.524812030075188,forward_ard_2026_W33.png,backtest_ard_h1.png,2026-08-25T18:14:58.374600,forward_ard_2026_W33.png,usdcop_forecast_zoo:ard:h1:2026-08-14,-7.022851888118005e-05,CTR-FORECAST-OUTPUT-001
BT_ard_h1_2026_W33,backtest,ard,ARD,linear,1,H=1,short,2026-W33,2026,2026-08-14,0.5112781954887218,0.007462171973062884,0.005570102342160001,-0.031514543300319,0.5015015015015015,0.5007518796992482,0.5329341317365269,0.2511278195488722,1.4158555836466964,NORMAL,True,transition,1.252448582170299,1,-0.20225953121612822,0.9664729261642127,0.24571451672363268,-0.07719964855176842,0.5112781954887218,0.4780731445944096,0.03173712903593968,False,False,0.524812030075188,backtest_ard_h1.png,backtest_ard_h1.png,2026-08-25T18:14:58.374600,forward_ard_2026_W33.png,usdcop_forecast_zoo:ard:h1:2026-08-14,-7.022851888118005e-05,CTR-FORECAST-OUTPUT-001
FF_ard_h5_2026_W33,forward_forecast,ard,ARD,linear,5,H=5,short,2026-W33,2026,2026-08-14,0.43157894736842106,0.0,0.0,0.0,0.4624624624624625,0.5007518796992482,0.4251497005988024,0.2511278195488722,1.4158555836466964,NORMAL,True,transition,1.252448582170299,1,-0.7542707908846481,0.7592391279092482,0.8332715164183596,-0.6863023288577756,0.43157894736842106,0.4780731445944096,0.03173712903593968,False,False,0.49774436090225566,forward_ard_2026_W33.png,backtest_ard_h5.png,2026-08-25T18:14:58.374600,forward_ard_2026_W33.png,usdcop_forecast_zoo:ard:h5:2026-08-14,-0.0003251320605986759,CTR-FORECAST-OUTPUT-001
BT_ard_h5_2026_W33,backtest,ard,ARD,linear,5,H=5,short,2026-W33,2026,2026-08-14,0.43157894736842106,0.01542594487695455,0.011947628921326796,-0.01720545695251463,0.4624624624624625,0.5007518796992482,0.4251497005988024,0.2511278195488722,1.4158555836466964,NORMAL,True,transition,1.252448582170299,1,-0.7542707908846481,0.7592391279092482,0.8332715164183596,-0.6863023288577756,0.43157894736842106,0.4780731445944096,0.03173712903593968,False,False,0.49774436090225566,backtest_ard_h5.png,backtest_ard_h5.png,2026-08-25T18:14:58.374600,forward_ard_2026_W33.png,usdcop_forecast_zoo:ard:h5:2026-08-14,-0.0003251320605986759,CTR-FORECAST-OUTPUT-001
FF_ard_h10_2026_W33,forward_forecast,ard,ARD,linear,10,H=10,medium,2026-W33,2026,2026-08-14,0.4106060606060606,0.0,0.0,0.0,0.4393939393939394,0.5,0.42424242424242425,0.25,1.4158555836466964,NORMAL,True,transition,1.252448582170299,1,-0.6987243946223539,0.7014058664516737,0.9673707057959952,-0.8880525161488522,0.4106060606060606,0.4780731445944096,0.03173712903593968,False,False,0.5045454545454545,forward_ard_2026_W33.png,backtest_ard_h10.png,2026-08-25T18:14:58.374600,forward_ard_2026_W33.png,usdcop_forecast_zoo:ard:h10:2026-08-14,-0.0008693870632250123,CTR-FORECAST-OUTPUT-001
BT_ard_h10_2026_W33,backtest,ard,ARD,linear,10,H=10,medium,2026-W33,2026,2026-08-14,0.4106060606060606,0.02278522741260869,0.018501750255567197,-0.06748475058460901,0.4393939393939394,0.5,0.42424242424242425,0.25,1.4158555836466964,NORMAL,True,transition,1.252448582170299,1,-0.6987243946223539,0.7014058664516737,0.9673707057959952,-0.8880525161488522,0.4106060606060606,0.4780731445944096,0.03173712903593968,False,False,0.5045454545454545,backtest_ard_h10.png,backtest_ard_h10.png,2026-08-25T18:14:58.374600,forward_ard_2026_W33.png,usdcop_forecast_zoo:ard:h10:2026-08-14,-0.0008693870632250123,CTR-FORECAST-OUTPUT-001
FF_ard_h15_2026_W33,forward_forecast,ard,ARD,linear,15,H=15,medium,2026-W33,2026,2026-08-14,0.4287878787878788,0.0,0.0,0.0,0.45151515151515154,0.5,0.4,0.25,1.4158555836466964,NORMAL,True,transition,1.252448582170299,1,-0.5028200286569442,0.7327969187560011,0.9746828523299628,-0.9163286506927192,0.4287878787878788,0.4780731445944096,0.03173712903593968,False,False,0.5257575757575758,forward_ard_2026_W33.png,backtest_ard_h15.png,2026-08-25T18:14:58.374600,forward_ard_2026_W33.png,usdcop_forecast_zoo:ard:h15:2026-08-14,-0.0016213630862792726,CTR-FORECAST-OUTPUT-001
BT_ard_h15_2026_W33,backtest,ard,ARD,linear,15,H=15,medium,2026-W33,2026,2026-08-14,0.4287878787878788,0.03447213971677174,0.027277000454256482,-0.5929987991604084,0.45151515151515154,0.5,0.4,0.25,1.4158555836466964,NORMAL,True,transition,1.252448582170299,1,-0.5028200286569442,0.7327969187560011,0.9746828523299628,-0.9163286506927192,0.4287878787878788,0.4780731445944096,0.03173712903593968,False,False,0.5257575757575758,backtest_ard_h15.png,backtest_ard_h15.png,2026-08-25T18:14:58.374600,forward_ard_2026_W33.png,usdcop_forecast_zoo:ard:h15:2026-08-14,-0.0016213630862792726,CTR-FORECAST-OUTPUT-001
FF_ard_h20_2026_W33,forward_forecast,ard,ARD,linear,20,H=20,medium,2026-W33,2026,2026-08-14,0.4818181818181818,0.0,0.0,0.0,0.5242424242424243,0.5,0.45454545454545453,0.25,1.4158555836466964,NORMAL,True,transition,1.252448582170299,1,-0.3298476623650395,0.7895437200521553,0.969158645810728,-0.8961541420862313,0.4818181818181818,0.4780731445944096,0.03173712903593968,False,False,0.5409090909090909,forward_ard_2026_W33.png,backtest_ard_h20.png,2026-08-25T18:14:58.374600,forward_ard_2026_W33.png,usdcop_forecast_zoo:ard:h20:2026-08-14,-0.002350108030513954,CTR-FORECAST-OUTPUT-001
BT_ard_h20_2026_W33,backtest,ard,ARD,linear,20,H=20,medium,2026-W33,2026,2026-08-14,0.4818181818181818,0.04043151550590194,0.03090881982962196,-0.7010630014242498,0.5242424242424243,0.5,0.45454545454545453,0.25,1.4158555836466964,NORMAL,True,transition,1.252448582170299,1,-0.3298476623650395,0.7895437200521553,0.969158645810728,-0.8961541420862313,0.4818181818181818,0.4780731445944096,0.03173712903593968,False,False,0.5409090909090909,backtest_ard_h20.png,backtest_ard_h20.png,2026-08-25T18:14:58.374600,forward_ard_2026_W33.png,usdcop_forecast_zoo:ard:h20:2026-08-14,-0.002350108030513954,CTR-FORECAST-OUTPUT-001
FF_ard_h25_2026_W33,forward_forecast,ard,ARD,linear,25,H=25,long,2026-W33,2026,2026-08-14,0.5419847328244275,0.0,0.0,0.0,0.551829268292683,0.500763358778626,0.5182926829268293,0.250381679389313,1.4158555836466964,NORMAL,True,transition,1.252448582170299,1,-0.006913461903077183,0.9943725516206172,0.9786312088250813,-0.3646012357113181,0.5419847328244275,0.4780731445944096,0.03173712903593968,False,False,0.5572519083969466,forward_ard_2026_W33.png,backtest_ard_h25.png,2026-08-25T18:14:58.374600,forward_ard_2026_W33.png,usdcop_forecast_zoo:ard:h25:2026-08-14,-0.0030369973992814673,CTR-FORECAST-OUTPUT-001
BT_ard_h25_2026_W33,backtest,ard,ARD,linear,25,H=25,long,2026-W33,2026,2026-08-14,0.5419847328244275,0.04513837480544785,0.033474683003005816,-0.7607058264037132,0.551829268292683,0.500763358778626,0.5182926829268293,0.250381679389313,1.4158555836466964,NORMAL,True,transition,1.252448582170299,1,-0.006913461903077183,0.9943725516206172,0.9786312088250813,-0.3646012357113181,0.5419847328244275,0.4780731445944096,0.03173712903593968,False,False,0.5572519083969466,backtest_ard_h25.png,backtest_ard_h25.png,2026-08-25T18:14:58.374600,forward_ard_2026_W33.png,usdcop_forecast_zoo:ard:h25:2026-08-14,-0.0030369973992814673,CTR-FORECAST-OUTPUT-001
FF_ard_h30_2026_W33,forward_forecast,ard,ARD,linear,30,H=30,long,2026-W33,2026,2026-08-14,0.5404580152671755,0.0,0.0,0.0,0.551829268292683,0.500763358778626,0.5060975609756098,0.250381679389313,1.4158555836466964,NORMAL,True,transition,1.252448582170299,1,-0.07353432615275285,0.9355734275787396,0.9905929831444362,-0.6744878425063251,0.5404580152671755,0.4780731445944096,0.03173712903593968,False,False,0.5557251908396946,forward_ard_2026_W33.png,backtest_ard_h30.png,2026-08-25T18:14:58.374600,forward_ard_2026_W33.png,usdcop_forecast_zoo:ard:h30:2026-08-14,0.0291804013827993,CTR-FORECAST-OUTPUT-001
BT_ard_h30_2026_W33,backtest,ard,ARD,linear,30,H=30,long,2026-W33,2026,2026-08-14,0.5404580152671755,0.056444528960830076,0.04034999180381762,-1.3182623933336433,0.551829268292683,0.500763358778626,0.5060975609756098,0.250381679389313,1.4158555836466964,NORMAL,True,transition,1.252448582170299,1,-0.07353432615275285,0.9355734275787396,0.9905929831444362,-0.6744878425063251,0.5404580152671755,0.4780731445944096,0.03173712903593968,False,False,0.5557251908396946,backtest_ard_h30.png,backtest_ard_h30.png,2026-08-25T18:14:58.374600,forward_ard_2026_W33.png,usdcop_forecast_zoo:ard:h30:2026-08-14,0.0291804013827993,CTR-FORECAST-OUTPUT-001
FF_xgboost_pure_h1_2026_W33,forward_forecast,xgboost_pure,XGBoost,boosting,1,H=1,short,2026-W33,2026,2026-08-14,0.5037593984962406,0.0,0.0,0.0,0.5045045045045045,0.5007518796992482,0.48502994011976047,0.2511278195488722,1.4158555836466964,NORMAL,True,transition,1.252448582170299,1,0.06999654770357926,1.011871526719361,0.16646799744542135,0.0035992840244818414,0.5037593984962406,0.48892128457358325,0.028131315092661677,False,False,0.524812030075188,forward_xgboost_pure_2026_W33.png,backtest_xgboost_pure_h1.png,2026-08-25T18:14:58.374600,forward_xgboost_pure_2026_W33.png,usdcop_forecast_zoo:xgboost_pure:h1:2026-08-14,-0.00012420811981428415,CTR-FORECAST-OUTPUT-001
BT_xgboost_pure_h1_2026_W33,backtest,xgboost_pure,XGBoost,boosting,1,H=1,short,2026-W33,2026,2026-08-14,0.5037593984962406,0.007852905400460844,0.0059163163350811655,-0.14236681829603404,0.5045045045045045,0.5007518796992482,0.48502994011976047,0.2511278195488722,1.4158555836466964,NORMAL,True,transition,1.252448582170299,1,0.06999654770357926,1.011871526719361,0.16646799744542135,0.0035992840244818414,0.5037593984962406,0.48892128457358325,0.028131315092661677,False,False,0.524812030075188,backtest_xgboost_pure_h1.png,backtest_xgboost_pure_h1.png,2026-08-25T18:14:58.374600,forward_xgboost_pure_2026_W33.png,usdcop_forecast_zoo:xgboost_pure:h1:2026-08-14,-0.00012420811981428415,CTR-FORECAST-OUTPUT-001
FF_xgboost_pure_h5_2026_W33,forward_forecast,xgboost_pure,XGBoost,boosting,5,H=5,short,2026-W33,2026,2026-08-14,0.49022556390977445,0.0,0.0,0.0,0.5135135135135135,0.5007518796992482,0.49101796407185627,0.2511278195488722,1.4158555836466964,NORMAL,True,transition,1.252448582170299,1,-0.45311228906857526,0.8475619842394441,0.5987024643440937,-0.5183700178743785,0.49022556390977445,0.48892128457358325,0.028131315092661677,False,False,0.49774436090225566,forward_xgboost_pure_2026_W33.png,backtest_xgboost_pure_h5.png,2026-08-25T18:14:58.374600,forward_xgboost_pure_2026_W33.png,usdcop_forecast_zoo:xgboost_pure:h5:2026-08-14,-0.002384935272857547,CTR-FORECAST-OUTPUT-001
BT_xgboost_pure_h5_2026_W33,backtest,xgboost_pure,XGBoost,boosting,5,H=5,short,2026-W33,2026,2026-08-14,0.49022556390977445,0.017226182076225963,0.013249547732399808,-0.2684787543956111,0.5135135135135135,0.5007518796992482,0.49101796407185627,0.2511278195488722,1.4158555836466964,NORMAL,True,transition,1.252448582170299,1,-0.45311228906857526,0.8475619842394441,0.5987024643440937,-0.5183700178743785,0.49022556390977445,0.48892128457358325,0.028131315092661677,False,False,0.49774436090225566,backtest_xgboost_pure_h5.png,backtest_xgboost_pure_h5.png,2026-08-25T18:14:58.374600,forward_xgboost_pure_2026_W33.png,usdcop_forecast_zoo:xgboost_pure:h5:2026-08-14,-0.002384935272857547,CTR-FORECAST-OUTPUT-001
FF_xgboost_pure_h10_2026_W33,forward_forecast,xgboost_pure,XGBoost,boosting,10,H=10,medium,2026-W33,2026,2026-08-14,0.4621212121212121,0.0,0.0,0.0,0.44242424242424244,0.5,0.3696969696969697,0.25,1.4158555836466964,NORMAL,True,transition,1.252448582170299,1,-0.5830484548237852,0.7438788797007883,0.8669518445769078,-0.8443663712278445,0.4621212121212121,0.48892128457358325,0.028131315092661677,False,False,0.5045454545454545,forward_xgboost_pure_2026_W33.png,backtest_xgboost_pure_h10.png,2026-08-25T18:14:58.374600,forward_xgboost_pure_2026_W33.png,usdcop_forecast_zoo:xgboost_pure:h10:2026-08-14,0.001175094279460609,CTR-FORECAST-OUTPUT-001
BT_xgboost_pure_h10_2026_W33,backtest,xgboost_pure,XGBoost,boosting,10,H=10,medium,2026-W33,2026,2026-08-14,0.4621212121212121,0.024347722843902266,0.01891730975520958,-0.21891000981343622,0.44242424242424244,0.5,0.3696969696969697,0.25,1.4158555836466964,NORMAL,True,transition,1.252448582170299,1,-0.5830484548237852,0.7438788797007883,0.8669518445769078,-0.8443663712278445,0.4621212121212121,0.48892128457358325,0.028131315092661677,False,False,0.5045454545454545,backtest_xgboost_pure_h10.png,backtest_xgboost_pure_h10.png,2026-08-25T18:14:58.374600,forward_xgboost_pure_2026_W33.png,usdcop_forecast_zoo:xgboost_pure:h10:2026-08-14,0.001175094279460609,CTR-FORECAST-OUTPUT-001
FF_xgboost_pure_h15_2026_W33,forward_forecast,xgboost_pure,XGBoost,boosting,15,H=15,medium,2026-W33,2026,2026-08-14,0.4893939393939394,0.0,0.0,0.0,0.4393939393939394,0.5,0.36363636363636365,0.25,1.4158555836466964,NORMAL,True,transition,1.252448582170299,1,-0.35053477217093537,0.8051960157124007,0.9549867983241488,-0.8369032277085316,0.4893939393939394,0.48892128457358325,0.028131315092661677,False,False,0.5257575757575758,forward_xgboost_pure_2026_W33.png,backtest_xgboost_pure_h15.png,2026-08-25T18:14:58.374600,forward_xgboost_pure_2026_W33.png,usdcop_forecast_zoo:xgboost_pure:h15:2026-08-14,0.003001520410180092,CTR-FORECAST-OUTPUT-001
BT_xgboost_pure_h15_2026_W33,backtest,xgboost_pure,XGBoost,boosting,15,H=15,medium,2026-W33,2026,2026-08-14,0.4893939393939394,0.03156429459487237,0.024198695960512037,-0.33558379799642446,0.4393939393939394,0.5,0.36363636363636365,0.25,1.4158555836466964,NORMAL,True,transition,1.252448582170299,1,-0.35053477217093537,0.8051960157124007,0.9549867983241488,-0.8369032277085316,0.4893939393939394,0.48892128457358325,0.028131315092661677,False,False,0.5257575757575758,backtest_xgboost_pure_h15.png,backtest_xgboost_pure_h15.png,2026-08-25T18:14:58.374600,forward_xgboost_pure_2026_W33.png,usdcop_forecast_zoo:xgboost_pure:h15:2026-08-14,0.003001520410180092,CTR-FORECAST-OUTPUT-001
FF_xgboost_pure_h20_2026_W33,forward_forecast,xgboost_pure,XGBoost,boosting,20,H=20,medium,2026-W33,2026,2026-08-14,0.5196969696969697,0.0,0.0,0.0,0.44242424242424244,0.5,0.46060606060606063,0.25,1.4158555836466964,NORMAL,True,transition,1.252448582170299,1,-0.25434472933730023,0.8334470811201335,0.9631739364930341,-0.8389821302521583,0.5196969696969697,0.48892128457358325,0.028131315092661677,False,False,0.5409090909090909,forward_xgboost_pure_2026_W33.png,backtest_xgboost_pure_h20.png,2026-08-25T18:14:58.374600,forward_xgboost_pure_2026_W33.png,usdcop_forecast_zoo:xgboost_pure:h20:2026-08-14,0.003848438849672675,CTR-FORECAST-OUTPUT-001
BT_xgboost_pure_h20_2026_W33,backtest,xgboost_pure,XGBoost,boosting,20,H=20,medium,2026-W33,2026,2026-08-14,0.5196969696969697,0.036762532217444424,0.02747079649597995,-0.40634279988295763,0.44242424242424244,0.5,0.46060606060606063,0.25,1.4158555836466964,NORMAL,True,transition,1.252448582170299,1,-0.25434472933730023,0.8334470811201335,0.9631739364930341,-0.8389821302521583,0.5196969696969697,0.48892128457358325,0.028131315092661677,False,False,0.5409090909090909,backtest_xgboost_pure_h20.png,backtest_xgboost_pure_h20.png,2026-08-25T18:14:58.374600,forward_xgboost_pure_2026_W33.png,usdcop_forecast_zoo:xgboost_pure:h20:2026-08-14,0.003848438849672675,CTR-FORECAST-OUTPUT-001
FF_xgboost_pure_h25_2026_W33,forward_forecast,xgboost_pure,XGBoost,boosting,25,H=25,long,2026-W33,2026,2026-08-14,0.44732824427480916,0.0,0.0,0.0,0.4573170731707317,0.500763358778626,0.4634146341463415,0.250381679389313,1.4158555836466964,NORMAL,True,transition,1.252448582170299,1,-0.797643199461568,0.52005807164093,0.9987054036270271,-0.9974479464665471,0.44732824427480916,0.48892128457358325,0.028131315092661677,False,False,0.5572519083969466,forward_xgboost_pure_2026_W33.png,backtest_xgboost_pure_h25.png,2026-08-25T18:14:58.374600,forward_xgboost_pure_2026_W33.png,usdcop_forecast_zoo:xgboost_pure:h25:2026-08-14,0.002457873895764351,CTR-FORECAST-OUTPUT-001
BT_xgboost_pure_h25_2026_W33,backtest,xgboost_pure,XGBoost,boosting,25,H=25,long,2026-W33,2026,2026-08-14,0.44732824427480916,0.03774724766920689,0.02808247096655268,-0.2313047247015314,0.4573170731707317,0.500763358778626,0.4634146341463415,0.250381679389313,1.4158555836466964,NORMAL,True,transition,1.252448582170299,1,-0.797643199461568,0.52005807164093,0.9987054036270271,-0.9974479464665471,0.44732824427480916,0.48892128457358325,0.028131315092661677,False,False,0.5572519083969466,backtest_xgboost_pure_h25.png,backtest_xgboost_pure_h25.png,2026-08-25T18:14:58.374600,forward_xgboost_pure_2026_W33.png,usdcop_forecast_zoo:xgboost_pure:h25:2026-08-14,0.002457873895764351,CTR-FORECAST-OUTPUT-001
FF_xgboost_pure_h30_2026_W33,forward_forecast,xgboost_pure,XGBoost,boosting,30,H=30,long,2026-W33,2026,2026-08-14,0.5099236641221374,0.0,0.0,0.0,0.4146341463414634,0.500763358778626,0.36585365853658536,0.250381679389313,1.4158555836466964,NORMAL,True,transition,1.252448582170299,1,-0.474710051647583,0.6499995922445353,0.9939389331106954,-0.989248898911166,0.5099236641221374,0.48892128457358325,0.028131315092661677,False,False,0.5557251908396946,forward_xgboost_pure_2026_W33.png,backtest_xgboost_pure_h30.png,2026-08-25T18:14:58.374600,forward_xgboost_pure_2026_W33.png,usdcop_forecast_zoo:xgboost_pure:h30:2026-08-14,0.0014575207605957985,CTR-FORECAST-OUTPUT-001
BT_xgboost_pure_h30_2026_W33,backtest,xgboost_pure,XGBoost,boosting,30,H=30,long,2026-W33,2026,2026-08-14,0.5099236641221374,0.041418320846519016,0.030640122487660806,-0.24825656837011878,0.4146341463414634,0.500763358778626,0.36585365853658536,0.250381679389313,1.4158555836466964,NORMAL,True,transition,1.252448582170299,1,-0.474710051647583,0.6499995922445353,0.9939389331106954,-0.989248898911166,0.5099236641221374,0.48892128457358325,0.028131315092661677,False,False,0.5557251908396946,backtest_xgboost_pure_h30.png,backtest_xgboost_pure_h30.png,2026-08-25T18:14:58.374600,forward_xgboost_pure_2026_W33.png,usdcop_forecast_zoo:xgboost_pure:h30:2026-08-14,0.0014575207605957985,CTR-FORECAST-OUTPUT-001
FF_lightgbm_pure_h1_2026_W33,forward_forecast,lightgbm_pure,LightGBM,boosting,1,H=1,short,2026-W33,2026,2026-08-14,0.49624060150375937,0.0,0.0,0.0,0.5075075075075075,0.5007518796992482,0.5149700598802395,0.2511278195488722,1.4158555836466964,NORMAL,True,transition,1.252448582170299,1,-0.023087409651021476,0.99611497128829,0.1978865403401168,-0.02478436726531097,0.49624060150375937,0.504358646194151,0.028357305673800844,False,False,0.524812030075188,forward_lightgbm_pure_2026_W33.png,backtest_lightgbm_pure_h1.png,2026-08-25T18:14:58.374600,forward_lightgbm_pure_2026_W33.png,usdcop_forecast_zoo:lightgbm_pure:h1:2026-08-14,-7.022851484254337e-05,CTR-FORECAST-OUTPUT-001
BT_lightgbm_pure_h1_2026_W33,backtest,lightgbm_pure,LightGBM,boosting,1,H=1,short,2026-W33,2026,2026-08-14,0.49624060150375937,0.007769752391564339,0.005849498435587639,-0.11830226873589655,0.5075075075075075,0.5007518796992482,0.5149700598802395,0.2511278195488722,1.4158555836466964,NORMAL,True,transition,1.252448582170299,1,-0.023087409651021476,0.99611497128829,0.1978865403401168,-0.02478436726531097,0.49624060150375937,0.504358646194151,0.028357305673800844,False,False,0.524812030075188,backtest_lightgbm_pure_h1.png,backtest_lightgbm_pure_h1.png,2026-08-25T18:14:58.374600,forward_lightgbm_pure_2026_W33.png,usdcop_forecast_zoo:lightgbm_pure:h1:2026-08-14,-7.022851484254337e-05,CTR-FORECAST-OUTPUT-001
FF_lightgbm_pure_h5_2026_W33,forward_forecast,lightgbm_pure,LightGBM,boosting,5,H=5,short,2026-W33,2026,2026-08-14,0.49774436090225566,0.0,0.0,0.0,0.5045045045045045,0.5007518796992482,0.4550898203592814,0.2511278195488722,1.4158555836466964,NORMAL,True,transition,1.252448582170299,1,-0.40805357070461834,0.8616229989342473,0.6136665937901683,-0.4862606222793777,0.49774436090225566,0.504358646194151,0.028357305673800844,False,False,0.49774436090225566,forward_lightgbm_pure_2026_W33.png,backtest_lightgbm_pure_h5.png,2026-08-25T18:14:58.374600,forward_lightgbm_pure_2026_W33.png,usdcop_forecast_zoo:lightgbm_pure:h5:2026-08-14,-0.0022860779944455373,CTR-FORECAST-OUTPUT-001
BT_lightgbm_pure_h5_2026_W33,backtest,lightgbm_pure,LightGBM,boosting,5,H=5,short,2026-W33,2026,2026-08-14,0.49774436090225566,0.017415322419607245,0.013414965163962607,-0.2964870092553218,0.5045045045045045,0.5007518796992482,0.4550898203592814,0.2511278195488722,1.4158555836466964,NORMAL,True,transition,1.252448582170299,1,-0.40805357070461834,0.8616229989342473,0.6136665937901683,-0.4862606222793777,0.49774436090225566,0.504358646194151,0.028357305673800844,False,False,0.49774436090225566,backtest_lightgbm_pure_h5.png,backtest_lightgbm_pure_h5.png,2026-08-25T18:14:58.374600,forward_lightgbm_pure_2026_W33.png,usdcop_forecast_zoo:lightgbm_pure:h5:2026-08-14,-0.0022860779944455373,CTR-FORECAST-OUTPUT-001
FF_lightgbm_pure_h10_2026_W33,forward_forecast,lightgbm_pure,LightGBM,boosting,10,H=10,medium,2026-W33,2026,2026-08-14,0.5045454545454545,0.0,0.0,0.0,0.4393939393939394,0.5,0.3939393939393939,0.25,1.4158555836466964,NORMAL,True,transition,1.252448582170299,1,-0.04502441601640509,0.9774230972396233,0.7610848246766697,-0.2561257814601424,0.5045454545454545,0.504358646194151,0.028357305673800844,False,True,0.5045454545454545,forward_lightgbm_pure_2026_W33.png,backtest_lightgbm_pure_h10.png,2026-08-25T18:14:58.374600,forward_lightgbm_pure_2026_W33.png,usdcop_forecast_zoo:lightgbm_pure:h10:2026-08-14,-0.000611701194435826,CTR-FORECAST-OUTPUT-001
BT_lightgbm_pure_h10_2026_W33,backtest,lightgbm_pure,LightGBM,boosting,10,H=10,medium,2026-W33,2026,2026-08-14,0.5045454545454545,0.024498060189408352,0.01893586628290888,-0.23400903461202027,0.4393939393939394,0.5,0.3939393939393939,0.25,1.4158555836466964,NORMAL,True,transition,1.252448582170299,1,-0.04502441601640509,0.9774230972396233,0.7610848246766697,-0.2561257814601424,0.5045454545454545,0.504358646194151,0.028357305673800844,False,True,0.5045454545454545,backtest_lightgbm_pure_h10.png,backtest_lightgbm_pure_h10.png,2026-08-25T18:14:58.374600,forward_lightgbm_pure_2026_W33.png,usdcop_forecast_zoo:lightgbm_pure:h10:2026-08-14,-0.000611701194435826,CTR-FORECAST-OUTPUT-001
FF_lightgbm_pure_h15_2026_W33,forward_forecast,lightgbm_pure,LightGBM,boosting,15,H=15,medium,2026-W33,2026,2026-08-14,0.503030303030303,0.0,0.0,0.0,0.4696969696969697,0.5,0.3212121212121212,0.25,1.4158555836466964,NORMAL,True,transition,1.252448582170299,1,-0.32358341723972184,0.818728416874741,0.9644291128787892,-0.8162820336783447,0.503030303030303,0.504358646194151,0.028357305673800844,False,False,0.5257575757575758,forward_lightgbm_pure_2026_W33.png,backtest_lightgbm_pure_h15.png,2026-08-25T18:14:58.374600,forward_lightgbm_pure_2026_W33.png,usdcop_forecast_zoo:lightgbm_pure:h15:2026-08-14,0.004570971024764806,CTR-FORECAST-OUTPUT-001
BT_lightgbm_pure_h15_2026_W33,backtest,lightgbm_pure,LightGBM,boosting,15,H=15,medium,2026-W33,2026,2026-08-14,0.503030303030303,0.03205272056062443,0.024735556339544506,-0.3772372499244516,0.4696969696969697,0.5,0.3212121212121212,0.25,1.4158555836466964,NORMAL,True,transition,1.252448582170299,1,-0.32358341723972184,0.818728416874741,0.9644291128787892,-0.8162820336783447,0.503030303030303,0.504358646194151,0.028357305673800844,False,False,0.5257575757575758,backtest_lightgbm_pure_h15.png,backtest_lightgbm_pure_h15.png,2026-08-25T18:14:58.374600,forward_lightgbm_pure_2026_W33.png,usdcop_forecast_zoo:lightgbm_pure:h15:2026-08-14,0.004570971024764806,CTR-FORECAST-OUTPUT-001
FF_lightgbm_pure_h20_2026_W33,forward_forecast,lightgbm_pure,LightGBM,boosting,20,H=20,medium,2026-W33,2026,2026-08-14,0.5075757575757576,0.0,0.0,0.0,0.4484848484848485,0.5,0.3333333333333333,0.25,1.4158555836466964,NORMAL,True,transition,1.252448582170299,1,-0.39224635737844216,0.7549962327692821,0.9660179139466146,-0.9277755225283139,0.5075757575757576,0.504358646194151,0.028357305673800844,False,False,0.5409090909090909,forward_lightgbm_pure_2026_W33.png,backtest_lightgbm_pure_h20.png,2026-08-25T18:14:58.374600,forward_lightgbm_pure_2026_W33.png,usdcop_forecast_zoo:lightgbm_pure:h20:2026-08-14,0.005221426749111082,CTR-FORECAST-OUTPUT-001
BT_lightgbm_pure_h20_2026_W33,backtest,lightgbm_pure,LightGBM,boosting,20,H=20,medium,2026-W33,2026,2026-08-14,0.5075757575757576,0.036656604384186844,0.027813725689636803,-0.39824998288771485,0.4484848484848485,0.5,0.3333333333333333,0.25,1.4158555836466964,NORMAL,True,transition,1.252448582170299,1,-0.39224635737844216,0.7549962327692821,0.9660179139466146,-0.9277755225283139,0.5075757575757576,0.504358646194151,0.028357305673800844,False,False,0.5409090909090909,backtest_lightgbm_pure_h20.png,backtest_lightgbm_pure_h20.png,2026-08-25T18:14:58.374600,forward_lightgbm_pure_2026_W33.png,usdcop_forecast_zoo:lightgbm_pure:h20:2026-08-14,0.005221426749111082,CTR-FORECAST-OUTPUT-001
FF_lightgbm_pure_h25_2026_W33,forward_forecast,lightgbm_pure,LightGBM,boosting,25,H=25,long,2026-W33,2026,2026-08-14,0.5068702290076336,0.0,0.0,0.0,0.4725609756097561,0.500763358778626,0.3902439024390244,0.250381679389313,1.4158555836466964,NORMAL,True,transition,1.252448582170299,1,-0.5094667350385044,0.6593269359149789,0.9906555945815353,-0.982131436611909,0.5068702290076336,0.504358646194151,0.028357305673800844,False,False,0.5572519083969466,forward_lightgbm_pure_2026_W33.png,backtest_lightgbm_pure_h25.png,2026-08-25T18:14:58.374600,forward_lightgbm_pure_2026_W33.png,usdcop_forecast_zoo:lightgbm_pure:h25:2026-08-14,0.003765329706552962,CTR-FORECAST-OUTPUT-001
BT_lightgbm_pure_h25_2026_W33,backtest,lightgbm_pure,LightGBM,boosting,25,H=25,long,2026-W33,2026,2026-08-14,0.5068702290076336,0.0381441530382973,0.028340549219189326,-0.2573347450134713,0.4725609756097561,0.500763358778626,0.3902439024390244,0.250381679389313,1.4158555836466964,NORMAL,True,transition,1.252448582170299,1,-0.5094667350385044,0.6593269359149789,0.9906555945815353,-0.982131436611909,0.5068702290076336,0.504358646194151,0.028357305673800844,False,False,0.5572519083969466,backtest_lightgbm_pure_h25.png,backtest_lightgbm_pure_h25.png,2026-08-25T18:14:58.374600,forward_lightgbm_pure_2026_W33.png,usdcop_forecast_zoo:lightgbm_pure:h25:2026-08-14,0.003765329706552962,CTR-FORECAST-OUTPUT-001
FF_lightgbm_pure_h30_2026_W33,forward_forecast,lightgbm_pure,LightGBM,boosting,30,H=30,long,2026-W33,2026,2026-08-14,0.5145038167938931,0.0,0.0,0.0,0.4054878048780488,0.500763358778626,0.36585365853658536,0.250381679389313,1.4158555836466964,NORMAL,True,transition,1.252448582170299,1,-0.4274249702741946,0.6786036584136885,0.9926221019830457,-0.9840618601919956,0.5145038167938931,0.504358646194151,0.028357305673800844,False,False,0.5557251908396946,forward_lightgbm_pure_2026_W33.png,backtest_lightgbm_pure_h30.png,2026-08-25T18:14:58.374600,forward_lightgbm_pure_2026_W33.png,usdcop_forecast_zoo:lightgbm_pure:h30:2026-08-14,0.0013073785120892981,CTR-FORECAST-OUTPUT-001
BT_lightgbm_pure_h30_2026_W33,backtest,lightgbm_pure,LightGBM,boosting,30,H=30,long,2026-W33,2026,2026-08-14,0.5145038167938931,0.041964526732917395,0.031117477686327038,-0.28139652857549247,0.4054878048780488,0.500763358778626,0.36585365853658536,0.250381679389313,1.4158555836466964,NORMAL,True,transition,1.252448582170299,1,-0.4274249702741946,0.6786036584136885,0.9926221019830457,-0.9840618601919956,0.5145038167938931,0.504358646194151,0.028357305673800844,False,False,0.5557251908396946,backtest_lightgbm_pure_h30.png,backtest_lightgbm_pure_h30.png,2026-08-25T18:14:58.374600,forward_lightgbm_pure_2026_W33.png,usdcop_forecast_zoo:lightgbm_pure:h30:2026-08-14,0.0013073785120892981,CTR-FORECAST-OUTPUT-001
FF_catboost_pure_h1_2026_W33,forward_forecast,catboost_pure,CatBoost,boosting,1,H=1,short,2026-W33,2026,2026-08-14,0.5218045112781955,0.0,0.0,0.0,0.5495495495495496,0.5007518796992482,0.5269461077844312,0.2511278195488722,1.4158555836466964,NORMAL,True,transition,1.252448582170299,1,-0.17364522109436664,0.9711470770348481,0.27550821919648444,-0.06900737661567302,0.5218045112781955,0.4885332444822773,0.030526100009483827,False,False,0.524812030075188,forward_catboost_pure_2026_W33.png,backtest_catboost_pure_h1.png,2026-08-25T18:14:58.374600,forward_catboost_pure_2026_W33.png,usdcop_forecast_zoo:catboost_pure:h1:2026-08-14,-0.00020380151864132445,CTR-FORECAST-OUTPUT-001
BT_catboost_pure_h1_2026_W33,backtest,catboost_pure,CatBoost,boosting,1,H=1,short,2026-W33,2026,2026-08-14,0.5218045112781955,0.008888642744582237,0.006548674867687941,-0.46357758922750536,0.5495495495495496,0.5007518796992482,0.5269461077844312,0.2511278195488722,1.4158555836466964,NORMAL,True,transition,1.252448582170299,1,-0.17364522109436664,0.9711470770348481,0.27550821919648444,-0.06900737661567302,0.5218045112781955,0.4885332444822773,0.030526100009483827,False,False,0.524812030075188,backtest_catboost_pure_h1.png,backtest_catboost_pure_h1.png,2026-08-25T18:14:58.374600,forward_catboost_pure_2026_W33.png,usdcop_forecast_zoo:catboost_pure:h1:2026-08-14,-0.00020380151864132445,CTR-FORECAST-OUTPUT-001
FF_catboost_pure_h5_2026_W33,forward_forecast,catboost_pure,CatBoost,boosting,5,H=5,short,2026-W33,2026,2026-08-14,0.48721804511278194,0.0,0.0,0.0,0.4954954954954955,0.5007518796992482,0.4311377245508982,0.2511278195488722,1.4158555836466964,NORMAL,True,transition,1.252448582170299,1,-0.3051190221309341,0.8946191549294702,0.6136665937901683,-0.4043002864863483,0.48721804511278194,0.4885332444822773,0.030526100009483827,False,False,0.49774436090225566,forward_catboost_pure_2026_W33.png,backtest_catboost_pure_h5.png,2026-08-25T18:14:58.374600,forward_catboost_pure_2026_W33.png,usdcop_forecast_zoo:catboost_pure:h5:2026-08-14,-0.0034046997578247454,CTR-FORECAST-OUTPUT-001
BT_catboost_pure_h5_2026_W33,backtest,catboost_pure,CatBoost,boosting,5,H=5,short,2026-W33,2026,2026-08-14,0.48721804511278194,0.02063369079385165,0.014763371209873663,-0.8199479496294846,0.4954954954954955,0.5007518796992482,0.4311377245508982,0.2511278195488722,1.4158555836466964,NORMAL,True,transition,1.252448582170299,1,-0.3051190221309341,0.8946191549294702,0.6136665937901683,-0.4043002864863483,0.48721804511278194,0.4885332444822773,0.030526100009483827,False,False,0.49774436090225566,backtest_catboost_pure_h5.png,backtest_catboost_pure_h5.png,2026-08-25T18:14:58.374600,forward_catboost_pure_2026_W33.png,usdcop_forecast_zoo:catboost_pure:h5:2026-08-14,-0.0034046997578247454,CTR-FORECAST-OUTPUT-001
FF_catboost_pure_h10_2026_W33,forward_forecast,catboost_pure,CatBoost,boosting,10,H=10,medium,2026-W33,2026,2026-08-14,0.453030303030303,0.0,0.0,0.0,0.45454545454545453,0.5,0.43636363636363634,0.25,1.4158555836466964,NORMAL,True,transition,1.252448582170299,1,-0.5865180105804597,0.7425687827767316,0.9366365315608666,-0.8458583756262975,0.453030303030303,0.4885332444822773,0.030526100009483827,False,False,0.5045454545454545,forward_catboost_pure_2026_W33.png,backtest_catboost_pure_h10.png,2026-08-25T18:14:58.374600,forward_catboost_pure_2026_W33.png,usdcop_forecast_zoo:catboost_pure:h10:2026-08-14,-0.0028475737783518417,CTR-FORECAST-OUTPUT-001
BT_catboost_pure_h10_2026_W33,backtest,catboost_pure,CatBoost,boosting,10,H=10,medium,2026-W33,2026,2026-08-14,0.453030303030303,0.029380732157368868,0.020825040967881174,-0.7749256794388777,0.45454545454545453,0.5,0.43636363636363634,0.25,1.4158555836466964,NORMAL,True,transition,1.252448582170299,1,-0.5865180105804597,0.7425687827767316,0.9366365315608666,-0.8458583756262975,0.453030303030303,0.4885332444822773,0.030526100009483827,False,False,0.5045454545454545,backtest_catboost_pure_h10.png,backtest_catboost_pure_h10.png,2026-08-25T18:14:58.374600,forward_catboost_pure_2026_W33.png,usdcop_forecast_zoo:catboost_pure:h10:2026-08-14,-0.0028475737783518417,CTR-FORECAST-OUTPUT-001
FF_catboost_pure_h15_2026_W33,forward_forecast,catboost_pure,CatBoost,boosting,15,H=15,medium,2026-W33,2026,2026-08-14,0.46060606060606063,0.0,0.0,0.0,0.4818181818181818,0.5,0.3878787878787879,0.25,1.4158555836466964,NORMAL,True,transition,1.252448582170299,1,-0.5654384249111677,0.7049312107158234,0.977736343167565,-0.9363549161395899,0.46060606060606063,0.4885332444822773,0.030526100009483827,False,False,0.5257575757575758,forward_catboost_pure_2026_W33.png,backtest_catboost_pure_h15.png,2026-08-25T18:14:58.374600,forward_catboost_pure_2026_W33.png,usdcop_forecast_zoo:catboost_pure:h15:2026-08-14,-9.513406960513218e-05,CTR-FORECAST-OUTPUT-001
BT_catboost_pure_h15_2026_W33,backtest,catboost_pure,CatBoost,boosting,15,H=15,medium,2026-W33,2026,2026-08-14,0.46060606060606063,0.035706699558026,0.02578914639645315,-0.7091429364777215,0.4818181818181818,0.5,0.3878787878787879,0.25,1.4158555836466964,NORMAL,True,transition,1.252448582170299,1,-0.5654384249111677,0.7049312107158234,0.977736343167565,-0.9363549161395899,0.46060606060606063,0.4885332444822773,0.030526100009483827,False,False,0.5257575757575758,backtest_catboost_pure_h15.png,backtest_catboost_pure_h15.png,2026-08-25T18:14:58.374600,forward_catboost_pure_2026_W33.png,usdcop_forecast_zoo:catboost_pure:h15:2026-08-14,-9.513406960513218e-05,CTR-FORECAST-OUTPUT-001
FF_catboost_pure_h20_2026_W33,forward_forecast,catboost_pure,CatBoost,boosting,20,H=20,medium,2026-W33,2026,2026-08-14,0.48333333333333334,0.0,0.0,0.0,0.45151515151515154,0.5,0.3333333333333333,0.25,1.4158555836466964,NORMAL,True,transition,1.252448582170299,1,-0.6348988792488399,0.6342680606287867,0.9905240290103069,-0.981893429857591,0.48333333333333334,0.4885332444822773,0.030526100009483827,False,False,0.5409090909090909,forward_catboost_pure_2026_W33.png,backtest_catboost_pure_h20.png,2026-08-25T18:14:58.374600,forward_catboost_pure_2026_W33.png,usdcop_forecast_zoo:catboost_pure:h20:2026-08-14,-0.0002513801406122968,CTR-FORECAST-OUTPUT-001
BT_catboost_pure_h20_2026_W33,backtest,catboost_pure,CatBoost,boosting,20,H=20,medium,2026-W33,2026,2026-08-14,0.48333333333333334,0.03967757960104888,0.028523664327669847,-0.6382142563759206,0.45151515151515154,0.5,0.3333333333333333,0.25,1.4158555836466964,NORMAL,True,transition,1.252448582170299,1,-0.6348988792488399,0.6342680606287867,0.9905240290103069,-0.981893429857591,0.48333333333333334,0.4885332444822773,0.030526100009483827,False,False,0.5409090909090909,backtest_catboost_pure_h20.png,backtest_catboost_pure_h20.png,2026-08-25T18:14:58.374600,forward_catboost_pure_2026_W33.png,usdcop_forecast_zoo:catboost_pure:h20:2026-08-14,-0.0002513801406122968,CTR-FORECAST-OUTPUT-001
FF_catboost_pure_h25_2026_W33,forward_forecast,catboost_pure,CatBoost,boosting,25,H=25,long,2026-W33,2026,2026-08-14,0.516030534351145,0.0,0.0,0.0,0.36585365853658536,0.500763358778626,0.34146341463414637,0.250381679389313,1.4158555836466964,NORMAL,True,transition,1.252448582170299,1,-0.5008824572896761,0.6639857788642387,0.9915197007760792,-0.9810449872794378,0.516030534351145,0.4885332444822773,0.030526100009483827,False,False,0.5572519083969466,forward_catboost_pure_2026_W33.png,backtest_catboost_pure_h25.png,2026-08-25T18:14:58.374600,forward_catboost_pure_2026_W33.png,usdcop_forecast_zoo:catboost_pure:h25:2026-08-14,-0.002005248103727135,CTR-FORECAST-OUTPUT-001
BT_catboost_pure_h25_2026_W33,backtest,catboost_pure,CatBoost,boosting,25,H=25,long,2026-W33,2026,2026-08-14,0.516030534351145,0.03810165196279461,0.028496291677181724,-0.2545344045303548,0.36585365853658536,0.500763358778626,0.34146341463414637,0.250381679389313,1.4158555836466964,NORMAL,True,transition,1.252448582170299,1,-0.5008824572896761,0.6639857788642387,0.9915197007760792,-0.9810449872794378,0.516030534351145,0.4885332444822773,0.030526100009483827,False,False,0.5572519083969466,backtest_catboost_pure_h25.png,backtest_catboost_pure_h25.png,2026-08-25T18:14:58.374600,forward_catboost_pure_2026_W33.png,usdcop_forecast_zoo:catboost_pure:h25:2026-08-14,-0.002005248103727135,CTR-FORECAST-OUTPUT-001
FF_catboost_pure_h30_2026_W33,forward_forecast,catboost_pure,CatBoost,boosting,30,H=30,long,2026-W33,2026,2026-08-14,0.49770992366412214,0.0,0.0,0.0,0.39634146341463417,0.500763358778626,0.29878048780487804,0.250381679389313,1.4158555836466964,NORMAL,True,transition,1.252448582170299,1,-0.4700772163121645,0.6527495892869347,0.9935488406905103,-0.9888261999427134,0.49770992366412214,0.4885332444822773,0.030526100009483827,False,False,0.5557251908396946,forward_catboost_pure_2026_W33.png,backtest_catboost_pure_h30.png,2026-08-25T18:14:58.374600,forward_catboost_pure_2026_W33.png,usdcop_forecast_zoo:catboost_pure:h30:2026-08-14,-0.004007359471167593,CTR-FORECAST-OUTPUT-001
BT_catboost_pure_h30_2026_W33,backtest,catboost_pure,CatBoost,boosting,30,H=30,long,2026-W33,2026,2026-08-14,0.49770992366412214,0.04129370324871452,0.030780259976200135,-0.2407564708894585,0.39634146341463417,0.500763358778626,0.29878048780487804,0.250381679389313,1.4158555836466964,NORMAL,True,transition,1.252448582170299,1,-0.4700772163121645,0.6527495892869347,0.9935488406905103,-0.9888261999427134,0.49770992366412214,0.4885332444822773,0.030526100009483827,False,False,0.5557251908396946,backtest_catboost_pure_h30.png,backtest_catboost_pure_h30.png,2026-08-25T18:14:58.374600,forward_catboost_pure_2026_W33.png,usdcop_forecast_zoo:catboost_pure:h30:2026-08-14,-0.004007359471167593,CTR-FORECAST-OUTPUT-001
FF_hybrid_xgboost_h1_2026_W33,forward_forecast,hybrid_xgboost,Hybrid XGBoost,hybrid,1,H=1,short,2026-W33,2026,2026-08-14,0.5022556390977444,0.0,0.0,0.0,0.5135135135135135,0.5007518796992482,0.5149700598802395,0.2511278195488722,1.4158555836466964,NORMAL,True,transition,1.252448582170299,1,0.12943628298409365,1.0220632899600504,0.14904611559556874,0.02214356964743236,0.5022556390977444,0.4981027963981531,0.029566578727746824,False,False,0.524812030075188,forward_hybrid_xgboost_2026_W33.png,backtest_hybrid_xgboost_h1.png,2026-08-25T18:14:58.374600,forward_hybrid_xgboost_2026_W33.png,usdcop_forecast_zoo:hybrid_xgboost:h1:2026-08-14,0.00047153828062742925,CTR-FORECAST-OUTPUT-001
BT_hybrid_xgboost_h1_2026_W33,backtest,hybrid_xgboost,Hybrid XGBoost,hybrid,1,H=1,short,2026-W33,2026,2026-08-14,0.5022556390977444,0.007722502917952293,0.005798265349965818,-0.10474236931001979,0.5135135135135135,0.5007518796992482,0.5149700598802395,0.2511278195488722,1.4158555836466964,NORMAL,True,transition,1.252448582170299,1,0.12943628298409365,1.0220632899600504,0.14904611559556874,0.02214356964743236,0.5022556390977444,0.4981027963981531,0.029566578727746824,False,False,0.524812030075188,backtest_hybrid_xgboost_h1.png,backtest_hybrid_xgboost_h1.png,2026-08-25T18:14:58.374600,forward_hybrid_xgboost_2026_W33.png,usdcop_forecast_zoo:hybrid_xgboost:h1:2026-08-14,0.00047153828062742925,CTR-FORECAST-OUTPUT-001
FF_hybrid_xgboost_h5_2026_W33,forward_forecast,hybrid_xgboost,Hybrid XGBoost,hybrid,5,H=5,short,2026-W33,2026,2026-08-14,0.47518796992481205,0.0,0.0,0.0,0.4924924924924925,0.5007518796992482,0.47305389221556887,0.2511278195488722,1.4158555836466964,NORMAL,True,transition,1.252448582170299,1,-0.5353537442501451,0.8224814127496667,0.6220726255847039,-0.571807649576736,0.47518796992481205,0.4981027963981531,0.029566578727746824,False,False,0.49774436090225566,forward_hybrid_xgboost_2026_W33.png,backtest_hybrid_xgboost_h5.png,2026-08-25T18:14:58.374600,forward_hybrid_xgboost_2026_W33.png,usdcop_forecast_zoo:hybrid_xgboost:h5:2026-08-14,0.0007409030793451899,CTR-FORECAST-OUTPUT-001
BT_hybrid_xgboost_h5_2026_W33,backtest,hybrid_xgboost,Hybrid XGBoost,hybrid,5,H=5,short,2026-W33,2026,2026-08-14,0.47518796992481205,0.017440912903593186,0.013321432943450085,-0.3002999855891981,0.4924924924924925,0.5007518796992482,0.47305389221556887,0.2511278195488722,1.4158555836466964,NORMAL,True,transition,1.252448582170299,1,-0.5353537442501451,0.8224814127496667,0.6220726255847039,-0.571807649576736,0.47518796992481205,0.4981027963981531,0.029566578727746824,False,False,0.49774436090225566,backtest_hybrid_xgboost_h5.png,backtest_hybrid_xgboost_h5.png,2026-08-25T18:14:58.374600,forward_hybrid_xgboost_2026_W33.png,usdcop_forecast_zoo:hybrid_xgboost:h5:2026-08-14,0.0007409030793451899,CTR-FORECAST-OUTPUT-001
FF_hybrid_xgboost_h10_2026_W33,forward_forecast,hybrid_xgboost,Hybrid XGBoost,hybrid,10,H=10,medium,2026-W33,2026,2026-08-14,0.49242424242424243,0.0,0.0,0.0,0.45454545454545453,0.5,0.37575757575757573,0.25,1.4158555836466964,NORMAL,True,transition,1.252448582170299,1,-0.283549960089856,0.8660348673374869,0.8610756449220008,-0.6295470052754986,0.49242424242424243,0.4981027963981531,0.029566578727746824,False,False,0.5045454545454545,forward_hybrid_xgboost_2026_W33.png,backtest_hybrid_xgboost_h10.png,2026-08-25T18:14:58.374600,forward_hybrid_xgboost_2026_W33.png,usdcop_forecast_zoo:hybrid_xgboost:h10:2026-08-14,0.00420299142666926,CTR-FORECAST-OUTPUT-001
BT_hybrid_xgboost_h10_2026_W33,backtest,hybrid_xgboost,Hybrid XGBoost,hybrid,10,H=10,medium,2026-W33,2026,2026-08-14,0.49242424242424243,0.025159496908162604,0.019401609298211032,-0.3015439866576115,0.45454545454545453,0.5,0.37575757575757573,0.25,1.4158555836466964,NORMAL,True,transition,1.252448582170299,1,-0.283549960089856,0.8660348673374869,0.8610756449220008,-0.6295470052754986,0.49242424242424243,0.4981027963981531,0.029566578727746824,False,False,0.5045454545454545,backtest_hybrid_xgboost_h10.png,backtest_hybrid_xgboost_h10.png,2026-08-25T18:14:58.374600,forward_hybrid_xgboost_2026_W33.png,usdcop_forecast_zoo:hybrid_xgboost:h10:2026-08-14,0.00420299142666926,CTR-FORECAST-OUTPUT-001
FF_hybrid_xgboost_h15_2026_W33,forward_forecast,hybrid_xgboost,Hybrid XGBoost,hybrid,15,H=15,medium,2026-W33,2026,2026-08-14,0.48484848484848486,0.0,0.0,0.0,0.49696969696969695,0.5,0.4,0.25,1.4158555836466964,NORMAL,True,transition,1.252448582170299,1,-0.38475112183749466,0.7883352195247865,0.9551653434267539,-0.8597292121225818,0.48484848484848486,0.4981027963981531,0.029566578727746824,False,False,0.5257575757575758,forward_hybrid_xgboost_2026_W33.png,backtest_hybrid_xgboost_h15.png,2026-08-25T18:14:58.374600,forward_hybrid_xgboost_2026_W33.png,usdcop_forecast_zoo:hybrid_xgboost:h15:2026-08-14,0.006047760044532353,CTR-FORECAST-OUTPUT-001
BT_hybrid_xgboost_h15_2026_W33,backtest,hybrid_xgboost,Hybrid XGBoost,hybrid,15,H=15,medium,2026-W33,2026,2026-08-14,0.48484848484848486,0.03290959595716167,0.0247063720057432,-0.45185774775978915,0.49696969696969695,0.5,0.4,0.25,1.4158555836466964,NORMAL,True,transition,1.252448582170299,1,-0.38475112183749466,0.7883352195247865,0.9551653434267539,-0.8597292121225818,0.48484848484848486,0.4981027963981531,0.029566578727746824,False,False,0.5257575757575758,backtest_hybrid_xgboost_h15.png,backtest_hybrid_xgboost_h15.png,2026-08-25T18:14:58.374600,forward_hybrid_xgboost_2026_W33.png,usdcop_forecast_zoo:hybrid_xgboost:h15:2026-08-14,0.006047760044532353,CTR-FORECAST-OUTPUT-001
FF_hybrid_xgboost_h20_2026_W33,forward_forecast,hybrid_xgboost,Hybrid XGBoost,hybrid,20,H=20,medium,2026-W33,2026,2026-08-14,0.5075757575757576,0.0,0.0,0.0,0.49696969696969695,0.5,0.4666666666666667,0.25,1.4158555836466964,NORMAL,True,transition,1.252448582170299,1,-0.21064966673485214,0.85995338635916,0.9631739364930341,-0.7919511685761977,0.5075757575757576,0.4981027963981531,0.029566578727746824,False,False,0.5409090909090909,forward_hybrid_xgboost_2026_W33.png,backtest_hybrid_xgboost_h20.png,2026-08-25T18:14:58.374600,forward_hybrid_xgboost_2026_W33.png,usdcop_forecast_zoo:hybrid_xgboost:h20:2026-08-14,0.00679569326635097,CTR-FORECAST-OUTPUT-001
BT_hybrid_xgboost_h20_2026_W33,backtest,hybrid_xgboost,Hybrid XGBoost,hybrid,20,H=20,medium,2026-W33,2026,2026-08-14,0.5075757575757576,0.03857261673025902,0.02800869970224708,-0.5482409917881614,0.49696969696969695,0.5,0.4666666666666667,0.25,1.4158555836466964,NORMAL,True,transition,1.252448582170299,1,-0.21064966673485214,0.85995338635916,0.9631739364930341,-0.7919511685761977,0.5075757575757576,0.4981027963981531,0.029566578727746824,False,False,0.5409090909090909,backtest_hybrid_xgboost_h20.png,backtest_hybrid_xgboost_h20.png,2026-08-25T18:14:58.374600,forward_hybrid_xgboost_2026_W33.png,usdcop_forecast_zoo:hybrid_xgboost:h20:2026-08-14,0.00679569326635097,CTR-FORECAST-OUTPUT-001
FF_hybrid_xgboost_h25_2026_W33,forward_forecast,hybrid_xgboost,Hybrid XGBoost,hybrid,25,H=25,long,2026-W33,2026,2026-08-14,0.5038167938931297,0.0,0.0,0.0,0.5426829268292683,0.500763358778626,0.49390243902439024,0.250381679389313,1.4158555836466964,NORMAL,True,transition,1.252448582170299,1,-0.2662272339223012,0.8046007935142278,0.9786312088250811,-0.9009504398934897,0.5038167938931297,0.4981027963981531,0.029566578727746824,False,False,0.5572519083969466,forward_hybrid_xgboost_2026_W33.png,backtest_hybrid_xgboost_h25.png,2026-08-25T18:14:58.374600,forward_hybrid_xgboost_2026_W33.png,usdcop_forecast_zoo:hybrid_xgboost:h25:2026-08-14,0.007218079844845218,CTR-FORECAST-OUTPUT-001
BT_hybrid_xgboost_h25_2026_W33,backtest,hybrid_xgboost,Hybrid XGBoost,hybrid,25,H=25,long,2026-W33,2026,2026-08-14,0.5038167938931297,0.0405103332151532,0.029029609215576922,-0.41816445359091303,0.5426829268292683,0.500763358778626,0.49390243902439024,0.250381679389313,1.4158555836466964,NORMAL,True,transition,1.252448582170299,1,-0.2662272339223012,0.8046007935142278,0.9786312088250811,-0.9009504398934897,0.5038167938931297,0.4981027963981531,0.029566578727746824,False,False,0.5572519083969466,backtest_hybrid_xgboost_h25.png,backtest_hybrid_xgboost_h25.png,2026-08-25T18:14:58.374600,forward_hybrid_xgboost_2026_W33.png,usdcop_forecast_zoo:hybrid_xgboost:h25:2026-08-14,0.007218079844845218,CTR-FORECAST-OUTPUT-001
FF_hybrid_xgboost_h30_2026_W33,forward_forecast,hybrid_xgboost,Hybrid XGBoost,hybrid,30,H=30,long,2026-W33,2026,2026-08-14,0.5206106870229008,0.0,0.0,0.0,0.5609756097560976,0.500763358778626,0.5365853658536586,0.250381679389313,1.4158555836466964,NORMAL,True,transition,1.252448582170299,1,-0.24049270065022962,0.8042045219554986,0.9888236700712144,-0.922387835082944,0.5206106870229008,0.4981027963981531,0.029566578727746824,False,False,0.5557251908396946,forward_hybrid_xgboost_2026_W33.png,backtest_hybrid_xgboost_h30.png,2026-08-25T18:14:58.374600,forward_hybrid_xgboost_2026_W33.png,usdcop_forecast_zoo:hybrid_xgboost:h30:2026-08-14,0.009207843857741089,CTR-FORECAST-OUTPUT-001
BT_hybrid_xgboost_h30_2026_W33,backtest,hybrid_xgboost,Hybrid XGBoost,hybrid,30,H=30,long,2026-W33,2026,2026-08-14,0.5206106870229008,0.044650592461945804,0.03211937880568925,-0.45068571860852114,0.5609756097560976,0.500763358778626,0.5365853658536586,0.250381679389313,1.4158555836466964,NORMAL,True,transition,1.252448582170299,1,-0.24049270065022962,0.8042045219554986,0.9888236700712144,-0.922387835082944,0.5206106870229008,0.4981027963981531,0.029566578727746824,False,False,0.5557251908396946,backtest_hybrid_xgboost_h30.png,backtest_hybrid_xgboost_h30.png,2026-08-25T18:14:58.374600,forward_hybrid_xgboost_2026_W33.png,usdcop_forecast_zoo:hybrid_xgboost:h30:2026-08-14,0.009207843857741089,CTR-FORECAST-OUTPUT-001
FF_hybrid_lightgbm_h1_2026_W33,forward_forecast,hybrid_lightgbm,Hybrid LightGBM,hybrid,1,H=1,short,2026-W33,2026,2026-08-14,0.4992481203007519,0.0,0.0,0.0,0.5165165165165165,0.5007518796992482,0.49101796407185627,0.2511278195488722,1.4158555836466964,NORMAL,True,transition,1.252448582170299,1,-0.03949613767213683,0.9933629727327413,0.12699355184578706,-0.02969851475035623,0.4992481203007519,0.5033323991052281,0.029682416783338387,False,False,0.524812030075188,forward_hybrid_lightgbm_2026_W33.png,backtest_hybrid_lightgbm_h1.png,2026-08-25T18:14:58.374600,forward_hybrid_lightgbm_2026_W33.png,usdcop_forecast_zoo:hybrid_lightgbm:h1:2026-08-14,0.0005093240055628393,CTR-FORECAST-OUTPUT-001
BT_hybrid_lightgbm_h1_2026_W33,backtest,hybrid_lightgbm,Hybrid LightGBM,hybrid,1,H=1,short,2026-W33,2026,2026-08-14,0.4992481203007519,0.007678167324079601,0.0057636816924522315,-0.09209392827724106,0.5165165165165165,0.5007518796992482,0.49101796407185627,0.2511278195488722,1.4158555836466964,NORMAL,True,transition,1.252448582170299,1,-0.03949613767213683,0.9933629727327413,0.12699355184578706,-0.02969851475035623,0.4992481203007519,0.5033323991052281,0.029682416783338387,False,False,0.524812030075188,backtest_hybrid_lightgbm_h1.png,backtest_hybrid_lightgbm_h1.png,2026-08-25T18:14:58.374600,forward_hybrid_lightgbm_2026_W33.png,usdcop_forecast_zoo:hybrid_lightgbm:h1:2026-08-14,0.0005093240055628393,CTR-FORECAST-OUTPUT-001
FF_hybrid_lightgbm_h5_2026_W33,forward_forecast,hybrid_lightgbm,Hybrid LightGBM,hybrid,5,H=5,short,2026-W33,2026,2026-08-14,0.4842105263157895,0.0,0.0,0.0,0.4984984984984985,0.5007518796992482,0.49700598802395207,0.2511278195488722,1.4158555836466964,NORMAL,True,transition,1.252448582170299,1,-0.44665181195534803,0.8495639808991923,0.6136665937901685,-0.513890566377551,0.4842105263157895,0.5033323991052281,0.029682416783338387,False,False,0.49774436090225566,forward_hybrid_lightgbm_2026_W33.png,backtest_hybrid_lightgbm_h5.png,2026-08-25T18:14:58.374600,forward_hybrid_lightgbm_2026_W33.png,usdcop_forecast_zoo:hybrid_lightgbm:h5:2026-08-14,0.000892310522628147,CTR-FORECAST-OUTPUT-001
BT_hybrid_lightgbm_h5_2026_W33,backtest,hybrid_lightgbm,Hybrid LightGBM,hybrid,5,H=5,short,2026-W33,2026,2026-08-14,0.4842105263157895,0.017451725657587593,0.013352561058787415,-0.30191276609438944,0.4984984984984985,0.5007518796992482,0.49700598802395207,0.2511278195488722,1.4158555836466964,NORMAL,True,transition,1.252448582170299,1,-0.44665181195534803,0.8495639808991923,0.6136665937901685,-0.513890566377551,0.4842105263157895,0.5033323991052281,0.029682416783338387,False,False,0.49774436090225566,backtest_hybrid_lightgbm_h5.png,backtest_hybrid_lightgbm_h5.png,2026-08-25T18:14:58.374600,forward_hybrid_lightgbm_2026_W33.png,usdcop_forecast_zoo:hybrid_lightgbm:h5:2026-08-14,0.000892310522628147,CTR-FORECAST-OUTPUT-001
FF_hybrid_lightgbm_h10_2026_W33,forward_forecast,hybrid_lightgbm,Hybrid LightGBM,hybrid,10,H=10,medium,2026-W33,2026,2026-08-14,0.49393939393939396,0.0,0.0,0.0,0.45151515151515154,0.5,0.36363636363636365,0.25,1.4158555836466964,NORMAL,True,transition,1.252448582170299,1,-0.24098930707203975,0.8849386986898329,0.8366518986940129,-0.5805943318835889,0.49393939393939396,0.5033323991052281,0.029682416783338387,False,False,0.5045454545454545,forward_hybrid_lightgbm_2026_W33.png,backtest_hybrid_lightgbm_h10.png,2026-08-25T18:14:58.374600,forward_hybrid_lightgbm_2026_W33.png,usdcop_forecast_zoo:hybrid_lightgbm:h10:2026-08-14,0.002666495251067435,CTR-FORECAST-OUTPUT-001
BT_hybrid_lightgbm_h10_2026_W33,backtest,hybrid_lightgbm,Hybrid LightGBM,hybrid,10,H=10,medium,2026-W33,2026,2026-08-14,0.49393939393939396,0.025352630623336817,0.019454655376332612,-0.3216029599672934,0.45151515151515154,0.5,0.36363636363636365,0.25,1.4158555836466964,NORMAL,True,transition,1.252448582170299,1,-0.24098930707203975,0.8849386986898329,0.8366518986940129,-0.5805943318835889,0.49393939393939396,0.5033323991052281,0.029682416783338387,False,False,0.5045454545454545,backtest_hybrid_lightgbm_h10.png,backtest_hybrid_lightgbm_h10.png,2026-08-25T18:14:58.374600,forward_hybrid_lightgbm_2026_W33.png,usdcop_forecast_zoo:hybrid_lightgbm:h10:2026-08-14,0.002666495251067435,CTR-FORECAST-OUTPUT-001
FF_hybrid_lightgbm_h15_2026_W33,forward_forecast,hybrid_lightgbm,Hybrid LightGBM,hybrid,15,H=15,medium,2026-W33,2026,2026-08-14,0.49393939393939396,0.0,0.0,0.0,0.4909090909090909,0.5,0.4121212121212121,0.25,1.4158555836466964,NORMAL,True,transition,1.252448582170299,1,-0.32451305045804646,0.8182579049402388,0.9613554516353884,-0.8169724644150445,0.49393939393939396,0.5033323991052281,0.029682416783338387,False,False,0.5257575757575758,forward_hybrid_lightgbm_2026_W33.png,backtest_hybrid_lightgbm_h15.png,2026-08-25T18:14:58.374600,forward_hybrid_lightgbm_2026_W33.png,usdcop_forecast_zoo:hybrid_lightgbm:h15:2026-08-14,0.007294131367675975,CTR-FORECAST-OUTPUT-001
BT_hybrid_lightgbm_h15_2026_W33,backtest,hybrid_lightgbm,Hybrid LightGBM,hybrid,15,H=15,medium,2026-W33,2026,2026-08-14,0.49393939393939396,0.03313393289105403,0.025117980968795223,-0.471719154995903,0.4909090909090909,0.5,0.4121212121212121,0.25,1.4158555836466964,NORMAL,True,transition,1.252448582170299,1,-0.32451305045804646,0.8182579049402388,0.9613554516353884,-0.8169724644150445,0.49393939393939396,0.5033323991052281,0.029682416783338387,False,False,0.5257575757575758,backtest_hybrid_lightgbm_h15.png,backtest_hybrid_lightgbm_h15.png,2026-08-25T18:14:58.374600,forward_hybrid_lightgbm_2026_W33.png,usdcop_forecast_zoo:hybrid_lightgbm:h15:2026-08-14,0.007294131367675975,CTR-FORECAST-OUTPUT-001
FF_hybrid_lightgbm_h20_2026_W33,forward_forecast,hybrid_lightgbm,Hybrid LightGBM,hybrid,20,H=20,medium,2026-W33,2026,2026-08-14,0.4893939393939394,0.0,0.0,0.0,0.48787878787878786,0.5,0.46060606060606063,0.25,1.4158555836466964,NORMAL,True,transition,1.252448582170299,1,-0.3078053478595639,0.8021181855345548,0.976853659141724,-0.881986425231739,0.4893939393939394,0.5033323991052281,0.029682416783338387,False,False,0.5409090909090909,forward_hybrid_lightgbm_2026_W33.png,backtest_hybrid_lightgbm_h20.png,2026-08-25T18:14:58.374600,forward_hybrid_lightgbm_2026_W33.png,usdcop_forecast_zoo:hybrid_lightgbm:h20:2026-08-14,0.007665261992654271,CTR-FORECAST-OUTPUT-001
BT_hybrid_lightgbm_h20_2026_W33,backtest,hybrid_lightgbm,Hybrid LightGBM,hybrid,20,H=20,medium,2026-W33,2026,2026-08-14,0.4893939393939394,0.0383600106612477,0.028302342816407724,-0.5312207165009535,0.48787878787878786,0.5,0.46060606060606063,0.25,1.4158555836466964,NORMAL,True,transition,1.252448582170299,1,-0.3078053478595639,0.8021181855345548,0.976853659141724,-0.881986425231739,0.4893939393939394,0.5033323991052281,0.029682416783338387,False,False,0.5409090909090909,backtest_hybrid_lightgbm_h20.png,backtest_hybrid_lightgbm_h20.png,2026-08-25T18:14:58.374600,forward_hybrid_lightgbm_2026_W33.png,usdcop_forecast_zoo:hybrid_lightgbm:h20:2026-08-14,0.007665261992654271,CTR-FORECAST-OUTPUT-001
FF_hybrid_lightgbm_h25_2026_W33,forward_forecast,hybrid_lightgbm,Hybrid LightGBM,hybrid,25,H=25,long,2026-W33,2026,2026-08-14,0.5251908396946565,0.0,0.0,0.0,0.5396341463414634,0.500763358778626,0.5060975609756098,0.250381679389313,1.4158555836466964,NORMAL,True,transition,1.252448582170299,1,-0.13200172407465116,0.8978413477588445,0.9786312088250813,-0.7414035594055366,0.5251908396946565,0.5033323991052281,0.029682416783338387,False,False,0.5572519083969466,forward_hybrid_lightgbm_2026_W33.png,backtest_hybrid_lightgbm_h25.png,2026-08-25T18:14:58.374600,forward_hybrid_lightgbm_2026_W33.png,usdcop_forecast_zoo:hybrid_lightgbm:h25:2026-08-14,0.008140631149976593,CTR-FORECAST-OUTPUT-001
BT_hybrid_lightgbm_h25_2026_W33,backtest,hybrid_lightgbm,Hybrid LightGBM,hybrid,25,H=25,long,2026-W33,2026,2026-08-14,0.5251908396946565,0.04078151182376148,0.029162868585663474,-0.4372145585722891,0.5396341463414634,0.500763358778626,0.5060975609756098,0.250381679389313,1.4158555836466964,NORMAL,True,transition,1.252448582170299,1,-0.13200172407465116,0.8978413477588445,0.9786312088250813,-0.7414035594055366,0.5251908396946565,0.5033323991052281,0.029682416783338387,False,False,0.5572519083969466,backtest_hybrid_lightgbm_h25.png,backtest_hybrid_lightgbm_h25.png,2026-08-25T18:14:58.374600,forward_hybrid_lightgbm_2026_W33.png,usdcop_forecast_zoo:hybrid_lightgbm:h25:2026-08-14,0.008140631149976593,CTR-FORECAST-OUTPUT-001
FF_hybrid_lightgbm_h30_2026_W33,forward_forecast,hybrid_lightgbm,Hybrid LightGBM,hybrid,30,H=30,long,2026-W33,2026,2026-08-14,0.5374045801526718,0.0,0.0,0.0,0.5396341463414634,0.500763358778626,0.5365853658536586,0.250381679389313,1.4158555836466964,NORMAL,True,transition,1.252448582170299,1,-0.14880169200811716,0.8739074659480214,0.9888236700712144,-0.8296892835942438,0.5374045801526718,0.5033323991052281,0.029682416783338387,False,False,0.5557251908396946,forward_hybrid_lightgbm_2026_W33.png,backtest_hybrid_lightgbm_h30.png,2026-08-25T18:14:58.374600,forward_hybrid_lightgbm_2026_W33.png,usdcop_forecast_zoo:hybrid_lightgbm:h30:2026-08-14,0.009102744353635731,CTR-FORECAST-OUTPUT-001
BT_hybrid_lightgbm_h30_2026_W33,backtest,hybrid_lightgbm,Hybrid LightGBM,hybrid,30,H=30,long,2026-W33,2026,2026-08-14,0.5374045801526718,0.04501893850230152,0.03235768754369893,-0.4747193716725162,0.5396341463414634,0.500763358778626,0.5365853658536586,0.250381679389313,1.4158555836466964,NORMAL,True,transition,1.252448582170299,1,-0.14880169200811716,0.8739074659480214,0.9888236700712144,-0.8296892835942438,0.5374045801526718,0.5033323991052281,0.029682416783338387,False,False,0.5557251908396946,backtest_hybrid_lightgbm_h30.png,backtest_hybrid_lightgbm_h30.png,2026-08-25T18:14:58.374600,forward_hybrid_lightgbm_2026_W33.png,usdcop_forecast_zoo:hybrid_lightgbm:h30:2026-08-14,0.009102744353635731,CTR-FORECAST-OUTPUT-001
FF_hybrid_catboost_h1_2026_W33,forward_forecast,hybrid_catboost,Hybrid CatBoost,hybrid,1,H=1,short,2026-W33,2026,2026-08-14,0.524812030075188,0.0,0.0,0.0,0.5495495495495496,0.5007518796992482,0.5269461077844312,0.2511278195488722,1.4158555836466964,NORMAL,True,transition,1.252448582170299,1,-0.018591142653362206,0.9968703945107055,0.25181902125614464,-0.023450372612271897,0.524812030075188,0.500249520897515,0.03105823078628003,False,True,0.524812030075188,forward_hybrid_catboost_2026_W33.png,backtest_hybrid_catboost_h1.png,2026-08-25T18:14:58.374600,forward_hybrid_catboost_2026_W33.png,usdcop_forecast_zoo:hybrid_catboost:h1:2026-08-14,0.00037899848514267654,CTR-FORECAST-OUTPUT-001
BT_hybrid_catboost_h1_2026_W33,backtest,hybrid_catboost,Hybrid CatBoost,hybrid,1,H=1,short,2026-W33,2026,2026-08-14,0.524812030075188,0.008286065654639583,0.006132052255846873,-0.2718666759129291,0.5495495495495496,0.5007518796992482,0.5269461077844312,0.2511278195488722,1.4158555836466964,NORMAL,True,transition,1.252448582170299,1,-0.018591142653362206,0.9968703945107055,0.25181902125614464,-0.023450372612271897,0.524812030075188,0.500249520897515,0.03105823078628003,False,True,0.524812030075188,backtest_hybrid_catboost_h1.png,backtest_hybrid_catboost_h1.png,2026-08-25T18:14:58.374600,forward_hybrid_catboost_2026_W33.png,usdcop_forecast_zoo:hybrid_catboost:h1:2026-08-14,0.00037899848514267654,CTR-FORECAST-OUTPUT-001
FF_hybrid_catboost_h5_2026_W33,forward_forecast,hybrid_catboost,Hybrid CatBoost,hybrid,5,H=5,short,2026-W33,2026,2026-08-14,0.4766917293233083,0.0,0.0,0.0,0.48348348348348347,0.5007518796992482,0.4491017964071856,0.2511278195488722,1.4158555836466964,NORMAL,True,transition,1.252448582170299,1,-0.478463167734895,0.8397512220974098,0.6426037416541539,-0.5354497959450887,0.4766917293233083,0.500249520897515,0.03105823078628003,False,False,0.49774436090225566,forward_hybrid_catboost_2026_W33.png,backtest_hybrid_catboost_h5.png,2026-08-25T18:14:58.374600,forward_hybrid_catboost_2026_W33.png,usdcop_forecast_zoo:hybrid_catboost:h5:2026-08-14,-0.00028228898442187985,CTR-FORECAST-OUTPUT-001
BT_hybrid_catboost_h5_2026_W33,backtest,hybrid_catboost,Hybrid CatBoost,hybrid,5,H=5,short,2026-W33,2026,2026-08-14,0.4766917293233083,0.019468761637663912,0.014367805148824067,-0.620249092925276,0.48348348348348347,0.5007518796992482,0.4491017964071856,0.2511278195488722,1.4158555836466964,NORMAL,True,transition,1.252448582170299,1,-0.478463167734895,0.8397512220974098,0.6426037416541539,-0.5354497959450887,0.4766917293233083,0.500249520897515,0.03105823078628003,False,False,0.49774436090225566,backtest_hybrid_catboost_h5.png,backtest_hybrid_catboost_h5.png,2026-08-25T18:14:58.374600,forward_hybrid_catboost_2026_W33.png,usdcop_forecast_zoo:hybrid_catboost:h5:2026-08-14,-0.00028228898442187985,CTR-FORECAST-OUTPUT-001
FF_hybrid_catboost_h10_2026_W33,forward_forecast,hybrid_catboost,Hybrid CatBoost,hybrid,10,H=10,medium,2026-W33,2026,2026-08-14,0.4803030303030303,0.0,0.0,0.0,0.45151515151515154,0.5,0.3939393939393939,0.25,1.4158555836466964,NORMAL,True,transition,1.252448582170299,1,-0.35626024349515556,0.8346641112328463,0.8786557129762176,-0.7001596694271509,0.4803030303030303,0.500249520897515,0.03105823078628003,False,False,0.5045454545454545,forward_hybrid_catboost_2026_W33.png,backtest_hybrid_catboost_h10.png,2026-08-25T18:14:58.374600,forward_hybrid_catboost_2026_W33.png,usdcop_forecast_zoo:hybrid_catboost:h10:2026-08-14,0.0018417674390670193,CTR-FORECAST-OUTPUT-001
BT_hybrid_catboost_h10_2026_W33,backtest,hybrid_catboost,Hybrid CatBoost,hybrid,10,H=10,medium,2026-W33,2026,2026-08-14,0.4803030303030303,0.029093862635183196,0.020872423922903224,-0.7404346167276361,0.45151515151515154,0.5,0.3939393939393939,0.25,1.4158555836466964,NORMAL,True,transition,1.252448582170299,1,-0.35626024349515556,0.8346641112328463,0.8786557129762176,-0.7001596694271509,0.4803030303030303,0.500249520897515,0.03105823078628003,False,False,0.5045454545454545,backtest_hybrid_catboost_h10.png,backtest_hybrid_catboost_h10.png,2026-08-25T18:14:58.374600,forward_hybrid_catboost_2026_W33.png,usdcop_forecast_zoo:hybrid_catboost:h10:2026-08-14,0.0018417674390670193,CTR-FORECAST-OUTPUT-001
FF_hybrid_catboost_h15_2026_W33,forward_forecast,hybrid_catboost,Hybrid CatBoost,hybrid,15,H=15,medium,2026-W33,2026,2026-08-14,0.49242424242424243,0.0,0.0,0.0,0.5242424242424243,0.5,0.40606060606060607,0.25,1.4158555836466964,NORMAL,True,transition,1.252448582170299,1,-0.37311205208835185,0.7940309221842389,0.9580181706054475,-0.8523490140494228,0.49242424242424243,0.500249520897515,0.03105823078628003,False,False,0.5257575757575758,forward_hybrid_catboost_2026_W33.png,backtest_hybrid_catboost_h15.png,2026-08-25T18:14:58.374600,forward_hybrid_catboost_2026_W33.png,usdcop_forecast_zoo:hybrid_catboost:h15:2026-08-14,0.002698831886621399,CTR-FORECAST-OUTPUT-001
BT_hybrid_catboost_h15_2026_W33,backtest,hybrid_catboost,Hybrid CatBoost,hybrid,15,H=15,medium,2026-W33,2026,2026-08-14,0.49242424242424243,0.03540857373331945,0.025438486949320233,-0.6807217995515986,0.5242424242424243,0.5,0.40606060606060607,0.25,1.4158555836466964,NORMAL,True,transition,1.252448582170299,1,-0.37311205208835185,0.7940309221842389,0.9580181706054475,-0.8523490140494228,0.49242424242424243,0.500249520897515,0.03105823078628003,False,False,0.5257575757575758,backtest_hybrid_catboost_h15.png,backtest_hybrid_catboost_h15.png,2026-08-25T18:14:58.374600,forward_hybrid_catboost_2026_W33.png,usdcop_forecast_zoo:hybrid_catboost:h15:2026-08-14,0.002698831886621399,CTR-FORECAST-OUTPUT-001
FF_hybrid_catboost_h20_2026_W33,forward_forecast,hybrid_catboost,Hybrid CatBoost,hybrid,20,H=20,medium,2026-W33,2026,2026-08-14,0.4954545454545455,0.0,0.0,0.0,0.5181818181818182,0.5,0.48484848484848486,0.25,1.4158555836466964,NORMAL,True,transition,1.252448582170299,1,-0.2667122657962968,0.826093189963169,0.9631739364930341,-0.8500512863917807,0.4954545454545455,0.500249520897515,0.03105823078628003,False,False,0.5409090909090909,forward_hybrid_catboost_2026_W33.png,backtest_hybrid_catboost_h20.png,2026-08-25T18:14:58.374600,forward_hybrid_catboost_2026_W33.png,usdcop_forecast_zoo:hybrid_catboost:h20:2026-08-14,0.007396337203363561,CTR-FORECAST-OUTPUT-001
BT_hybrid_catboost_h20_2026_W33,backtest,hybrid_catboost,Hybrid CatBoost,hybrid,20,H=20,medium,2026-W33,2026,2026-08-14,0.4954545454545455,0.03995567516871537,0.02826685149586667,-0.6612588413726721,0.5181818181818182,0.5,0.48484848484848486,0.25,1.4158555836466964,NORMAL,True,transition,1.252448582170299,1,-0.2667122657962968,0.826093189963169,0.9631739364930341,-0.8500512863917807,0.4954545454545455,0.500249520897515,0.03105823078628003,False,False,0.5409090909090909,backtest_hybrid_catboost_h20.png,backtest_hybrid_catboost_h20.png,2026-08-25T18:14:58.374600,forward_hybrid_catboost_2026_W33.png,usdcop_forecast_zoo:hybrid_catboost:h20:2026-08-14,0.007396337203363561,CTR-FORECAST-OUTPUT-001
FF_hybrid_catboost_h25_2026_W33,forward_forecast,hybrid_catboost,Hybrid CatBoost,hybrid,25,H=25,long,2026-W33,2026,2026-08-14,0.5114503816793893,0.0,0.0,0.0,0.5060975609756098,0.500763358778626,0.49390243902439024,0.250381679389313,1.4158555836466964,NORMAL,True,transition,1.252448582170299,1,-0.24854993834449576,0.8163092153132192,0.9786312088250813,-0.8876792761434283,0.5114503816793893,0.500249520897515,0.03105823078628003,False,False,0.5572519083969466,forward_hybrid_catboost_2026_W33.png,backtest_hybrid_catboost_h25.png,2026-08-25T18:14:58.374600,forward_hybrid_catboost_2026_W33.png,usdcop_forecast_zoo:hybrid_catboost:h25:2026-08-14,0.004099398188736851,CTR-FORECAST-OUTPUT-001
BT_hybrid_catboost_h25_2026_W33,backtest,hybrid_catboost,Hybrid CatBoost,hybrid,25,H=25,long,2026-W33,2026,2026-08-14,0.5114503816793893,0.04073467059758007,0.02929586050854988,-0.43391491482897115,0.5060975609756098,0.500763358778626,0.49390243902439024,0.250381679389313,1.4158555836466964,NORMAL,True,transition,1.252448582170299,1,-0.24854993834449576,0.8163092153132192,0.9786312088250813,-0.8876792761434283,0.5114503816793893,0.500249520897515,0.03105823078628003,False,False,0.5572519083969466,backtest_hybrid_catboost_h25.png,backtest_hybrid_catboost_h25.png,2026-08-25T18:14:58.374600,forward_hybrid_catboost_2026_W33.png,usdcop_forecast_zoo:hybrid_catboost:h25:2026-08-14,0.004099398188736851,CTR-FORECAST-OUTPUT-001
FF_hybrid_catboost_h30_2026_W33,forward_forecast,hybrid_catboost,Hybrid CatBoost,hybrid,30,H=30,long,2026-W33,2026,2026-08-14,0.5206106870229008,0.0,0.0,0.0,0.524390243902439,0.500763358778626,0.524390243902439,0.250381679389313,1.4158555836466964,NORMAL,True,transition,1.252448582170299,1,-0.23599073941319126,0.8074949505844526,0.9888236700712144,-0.9193489440812812,0.5206106870229008,0.500249520897515,0.03105823078628003,False,False,0.5557251908396946,forward_hybrid_catboost_2026_W33.png,backtest_hybrid_catboost_h30.png,2026-08-25T18:14:58.374600,forward_hybrid_catboost_2026_W33.png,usdcop_forecast_zoo:hybrid_catboost:h30:2026-08-14,0.005390286663123964,CTR-FORECAST-OUTPUT-001
BT_hybrid_catboost_h30_2026_W33,backtest,hybrid_catboost,Hybrid CatBoost,hybrid,30,H=30,long,2026-W33,2026,2026-08-14,0.5206106870229008,0.04446000607685863,0.03215368623612085,-0.43832794833991273,0.524390243902439,0.500763358778626,0.524390243902439,0.250381679389313,1.4158555836466964,NORMAL,True,transition,1.252448582170299,1,-0.23599073941319126,0.8074949505844526,0.9888236700712144,-0.9193489440812812,0.5206106870229008,0.500249520897515,0.03105823078628003,False,False,0.5557251908396946,backtest_hybrid_catboost_h30.png,backtest_hybrid_catboost_h30.png,2026-08-25T18:14:58.374600,forward_hybrid_catboost_2026_W33.png,usdcop_forecast_zoo:hybrid_catboost:h30:2026-08-14,0.005390286663123964,CTR-FORECAST-OUTPUT-001
FF_ridge_h1_2026_W34,forward_forecast,ridge,Ridge,linear,1,H=1,short,2026-W34,2026,2026-08-21,0.5082706766917293,0.0,0.0,0.0,0.5165165165165165,0.5007518796992482,0.48502994011976047,0.2511278195488722,1.5236267645201935,RETRAIN_REQUIRED,False,transition,0.9870334871066366,1,0.32577413508155256,1.0565103775426141,0.27954141316010733,0.08559728529125099,0.5082706766917293,0.5197809011474855,0.036422425594811667,False,False,0.530827067669173,forward_ridge_2026_W34.png,backtest_ridge_h1.png,2026-08-25T18:18:12.331524,forward_ridge_2026_W34.png,usdcop_forecast_zoo:ridge:h1:2026-08-21,0.000990465073116517,CTR-FORECAST-OUTPUT-001
BT_ridge_h1_2026_W34,backtest,ridge,Ridge,linear,1,H=1,short,2026-W34,2026,2026-08-21,0.5082706766917293,0.007693341767973028,0.005747471954367711,-0.10456479323535905,0.5165165165165165,0.5007518796992482,0.48502994011976047,0.2511278195488722,1.5236267645201935,RETRAIN_REQUIRED,False,transition,0.9870334871066366,1,0.32577413508155256,1.0565103775426141,0.27954141316010733,0.08559728529125099,0.5082706766917293,0.5197809011474855,0.036422425594811667,False,False,0.530827067669173,backtest_ridge_h1.png,backtest_ridge_h1.png,2026-08-25T18:18:12.331524,forward_ridge_2026_W34.png,usdcop_forecast_zoo:ridge:h1:2026-08-21,0.000990465073116517,CTR-FORECAST-OUTPUT-001
FF_ridge_h5_2026_W34,forward_forecast,ridge,Ridge,linear,5,H=5,short,2026-W34,2026,2026-08-21,0.48721804511278194,0.0,0.0,0.0,0.45345345345345345,0.5007518796992482,0.39520958083832336,0.2511278195488722,1.5236267645201935,RETRAIN_REQUIRED,False,transition,0.9870334871066366,1,-0.21811923815235534,0.923465572804853,0.6293758508089657,-0.3247929620617006,0.48721804511278194,0.5197809011474855,0.036422425594811667,False,False,0.49624060150375937,forward_ridge_2026_W34.png,backtest_ridge_h5.png,2026-08-25T18:18:12.331524,forward_ridge_2026_W34.png,usdcop_forecast_zoo:ridge:h5:2026-08-21,0.005053889807684239,CTR-FORECAST-OUTPUT-001
BT_ridge_h5_2026_W34,backtest,ridge,Ridge,linear,5,H=5,short,2026-W34,2026,2026-08-21,0.48721804511278194,0.019363536568135303,0.01476072322904831,-0.6058614760199774,0.45345345345345345,0.5007518796992482,0.39520958083832336,0.2511278195488722,1.5236267645201935,RETRAIN_REQUIRED,False,transition,0.9870334871066366,1,-0.21811923815235534,0.923465572804853,0.6293758508089657,-0.3247929620617006,0.48721804511278194,0.5197809011474855,0.036422425594811667,False,False,0.49624060150375937,backtest_ridge_h5.png,backtest_ridge_h5.png,2026-08-25T18:18:12.331524,forward_ridge_2026_W34.png,usdcop_forecast_zoo:ridge:h5:2026-08-21,0.005053889807684239,CTR-FORECAST-OUTPUT-001
FF_ridge_h10_2026_W34,forward_forecast,ridge,Ridge,linear,10,H=10,medium,2026-W34,2026,2026-08-21,0.4842105263157895,0.0,0.0,0.0,0.4444444444444444,0.5007518796992482,0.31137724550898205,0.2511278195488722,1.5236267645201935,RETRAIN_REQUIRED,False,transition,0.9870334871066366,1,-0.293039135858928,0.861958269553916,0.8513585867057059,-0.6432423213634066,0.4842105263157895,0.5197809011474855,0.036422425594811667,False,False,0.5052631578947369,forward_ridge_2026_W34.png,backtest_ridge_h10.png,2026-08-25T18:18:12.331524,forward_ridge_2026_W34.png,usdcop_forecast_zoo:ridge:h10:2026-08-21,0.005095513101285426,CTR-FORECAST-OUTPUT-001
BT_ridge_h10_2026_W34,backtest,ridge,Ridge,linear,10,H=10,medium,2026-W34,2026,2026-08-21,0.4842105263157895,0.030313811563486483,0.02303702005212766,-0.8898829985734631,0.4444444444444444,0.5007518796992482,0.31137724550898205,0.2511278195488722,1.5236267645201935,RETRAIN_REQUIRED,False,transition,0.9870334871066366,1,-0.293039135858928,0.861958269553916,0.8513585867057059,-0.6432423213634066,0.4842105263157895,0.5197809011474855,0.036422425594811667,False,False,0.5052631578947369,backtest_ridge_h10.png,backtest_ridge_h10.png,2026-08-25T18:18:12.331524,forward_ridge_2026_W34.png,usdcop_forecast_zoo:ridge:h10:2026-08-21,0.005095513101285426,CTR-FORECAST-OUTPUT-001
FF_ridge_h15_2026_W34,forward_forecast,ridge,Ridge,linear,15,H=15,medium,2026-W34,2026,2026-08-21,0.5166666666666667,0.0,0.0,0.0,0.4909090909090909,0.5,0.38181818181818183,0.25,1.5236267645201935,RETRAIN_REQUIRED,False,transition,0.9870334871066366,1,-0.15444649323821202,0.9090905216505447,0.9241082892062663,-0.6111598875457631,0.5166666666666667,0.5197809011474855,0.036422425594811667,False,False,0.5272727272727272,forward_ridge_2026_W34.png,backtest_ridge_h15.png,2026-08-25T18:18:12.331524,forward_ridge_2026_W34.png,usdcop_forecast_zoo:ridge:h15:2026-08-21,0.01362412314120379,CTR-FORECAST-OUTPUT-001
BT_ridge_h15_2026_W34,backtest,ridge,Ridge,linear,15,H=15,medium,2026-W34,2026,2026-08-21,0.5166666666666667,0.03929686852060052,0.02867755318032231,-1.0680913207818055,0.4909090909090909,0.5,0.38181818181818183,0.25,1.5236267645201935,RETRAIN_REQUIRED,False,transition,0.9870334871066366,1,-0.15444649323821202,0.9090905216505447,0.9241082892062663,-0.6111598875457631,0.5166666666666667,0.5197809011474855,0.036422425594811667,False,False,0.5272727272727272,backtest_ridge_h15.png,backtest_ridge_h15.png,2026-08-25T18:18:12.331524,forward_ridge_2026_W34.png,usdcop_forecast_zoo:ridge:h15:2026-08-21,0.01362412314120379,CTR-FORECAST-OUTPUT-001
FF_ridge_h20_2026_W34,forward_forecast,ridge,Ridge,linear,20,H=20,medium,2026-W34,2026,2026-08-21,0.5378787878787878,0.0,0.0,0.0,0.5181818181818182,0.5,0.40606060606060607,0.25,1.5236267645201935,RETRAIN_REQUIRED,False,transition,0.9870334871066366,1,0.043165635551786576,1.0313082138354903,0.9654163813439849,-0.0773891626663018,0.5378787878787878,0.5197809011474855,0.036422425594811667,False,False,0.5409090909090909,forward_ridge_2026_W34.png,backtest_ridge_h20.png,2026-08-25T18:18:12.331524,forward_ridge_2026_W34.png,usdcop_forecast_zoo:ridge:h20:2026-08-21,0.01867349668863564,CTR-FORECAST-OUTPUT-001
BT_ridge_h20_2026_W34,backtest,ridge,Ridge,linear,20,H=20,medium,2026-W34,2026,2026-08-21,0.5378787878787878,0.0469291871796157,0.033200568295688924,-1.2777360062030056,0.5181818181818182,0.5,0.40606060606060607,0.25,1.5236267645201935,RETRAIN_REQUIRED,False,transition,0.9870334871066366,1,0.043165635551786576,1.0313082138354903,0.9654163813439849,-0.0773891626663018,0.5378787878787878,0.5197809011474855,0.036422425594811667,False,False,0.5409090909090909,backtest_ridge_h20.png,backtest_ridge_h20.png,2026-08-25T18:18:12.331524,forward_ridge_2026_W34.png,usdcop_forecast_zoo:ridge:h20:2026-08-21,0.01867349668863564,CTR-FORECAST-OUTPUT-001
FF_ridge_h25_2026_W34,forward_forecast,ridge,Ridge,linear,25,H=25,long,2026-W34,2026,2026-08-21,0.546969696969697,0.0,0.0,0.0,0.5575757575757576,0.5,0.4909090909090909,0.25,1.5236267645201935,RETRAIN_REQUIRED,False,transition,0.9870334871066366,1,0.018552970825365674,1.0151954689875644,0.9841768210046848,-0.24330707580948152,0.546969696969697,0.5197809011474855,0.036422425594811667,False,False,0.5515151515151515,forward_ridge_2026_W34.png,backtest_ridge_h25.png,2026-08-25T18:18:12.331524,forward_ridge_2026_W34.png,usdcop_forecast_zoo:ridge:h25:2026-08-21,0.02367975751315654,CTR-FORECAST-OUTPUT-001
BT_ridge_h25_2026_W34,backtest,ridge,Ridge,linear,25,H=25,long,2026-W34,2026,2026-08-21,0.546969696969697,0.05315068942549255,0.036977845329290396,-1.4101542998770635,0.5575757575757576,0.5,0.4909090909090909,0.25,1.5236267645201935,RETRAIN_REQUIRED,False,transition,0.9870334871066366,1,0.018552970825365674,1.0151954689875644,0.9841768210046848,-0.24330707580948152,0.546969696969697,0.5197809011474855,0.036422425594811667,False,False,0.5515151515151515,backtest_ridge_h25.png,backtest_ridge_h25.png,2026-08-25T18:18:12.331524,forward_ridge_2026_W34.png,usdcop_forecast_zoo:ridge:h25:2026-08-21,0.02367975751315654,CTR-FORECAST-OUTPUT-001
FF_ridge_h30_2026_W34,forward_forecast,ridge,Ridge,linear,30,H=30,long,2026-W34,2026,2026-08-21,0.5572519083969466,0.0,0.0,0.0,0.5914634146341463,0.500763358778626,0.5182926829268293,0.250381679389313,1.5236267645201935,RETRAIN_REQUIRED,False,transition,0.9870334871066366,1,-0.010974189759318133,0.9901245295596346,0.9909436106873386,-0.44554118340116144,0.5572519083969466,0.5197809011474855,0.036422425594811667,False,True,0.5572519083969466,forward_ridge_2026_W34.png,backtest_ridge_h30.png,2026-08-25T18:18:12.331524,forward_ridge_2026_W34.png,usdcop_forecast_zoo:ridge:h30:2026-08-21,0.02853792180596236,CTR-FORECAST-OUTPUT-001
BT_ridge_h30_2026_W34,backtest,ridge,Ridge,linear,30,H=30,long,2026-W34,2026,2026-08-21,0.5572519083969466,0.05820954413837809,0.04015929773990142,-1.4382085858173688,0.5914634146341463,0.500763358778626,0.5182926829268293,0.250381679389313,1.5236267645201935,RETRAIN_REQUIRED,False,transition,0.9870334871066366,1,-0.010974189759318133,0.9901245295596346,0.9909436106873386,-0.44554118340116144,0.5572519083969466,0.5197809011474855,0.036422425594811667,False,True,0.5572519083969466,backtest_ridge_h30.png,backtest_ridge_h30.png,2026-08-25T18:18:12.331524,forward_ridge_2026_W34.png,usdcop_forecast_zoo:ridge:h30:2026-08-21,0.02853792180596236,CTR-FORECAST-OUTPUT-001
FF_bayesian_ridge_h1_2026_W34,forward_forecast,bayesian_ridge,Bayesian Ridge,linear,1,H=1,short,2026-W34,2026,2026-08-21,0.5052631578947369,0.0,0.0,0.0,0.5285285285285285,0.5007518796992482,0.5029940119760479,0.2511278195488722,1.5236267645201935,RETRAIN_REQUIRED,False,transition,0.9870334871066366,1,0.2243521647145937,1.0385822244870664,0.2897821158612082,0.052331387626553205,0.5052631578947369,0.5208745443463919,0.035430308646032936,True,False,0.530827067669173,forward_bayesian_ridge_2026_W34.png,backtest_bayesian_ridge_h1.png,2026-08-25T18:18:12.331524,forward_bayesian_ridge_2026_W34.png,usdcop_forecast_zoo:bayesian_ridge:h1:2026-08-21,0.0009960146668444268,CTR-FORECAST-OUTPUT-001
BT_bayesian_ridge_h1_2026_W34,backtest,bayesian_ridge,Bayesian Ridge,linear,1,H=1,short,2026-W34,2026,2026-08-21,0.5052631578947369,0.0075689542641765315,0.005649457147105674,-0.06913588494426204,0.5285285285285285,0.5007518796992482,0.5029940119760479,0.2511278195488722,1.5236267645201935,RETRAIN_REQUIRED,False,transition,0.9870334871066366,1,0.2243521647145937,1.0385822244870664,0.2897821158612082,0.052331387626553205,0.5052631578947369,0.5208745443463919,0.035430308646032936,True,False,0.530827067669173,backtest_bayesian_ridge_h1.png,backtest_bayesian_ridge_h1.png,2026-08-25T18:18:12.331524,forward_bayesian_ridge_2026_W34.png,usdcop_forecast_zoo:bayesian_ridge:h1:2026-08-21,0.0009960146668444268,CTR-FORECAST-OUTPUT-001
FF_bayesian_ridge_h5_2026_W34,forward_forecast,bayesian_ridge,Bayesian Ridge,linear,5,H=5,short,2026-W34,2026,2026-08-21,0.4842105263157895,0.0,0.0,0.0,0.4744744744744745,0.5007518796992482,0.38922155688622756,0.2511278195488722,1.5236267645201935,RETRAIN_REQUIRED,False,transition,0.9870334871066366,1,-0.2355756442026622,0.9175989893529314,0.6250562735000088,-0.3415279329314359,0.4842105263157895,0.5208745443463919,0.035430308646032936,True,False,0.49624060150375937,forward_bayesian_ridge_2026_W34.png,backtest_bayesian_ridge_h5.png,2026-08-25T18:18:12.331524,forward_bayesian_ridge_2026_W34.png,usdcop_forecast_zoo:bayesian_ridge:h5:2026-08-21,0.006182110999361139,CTR-FORECAST-OUTPUT-001
BT_bayesian_ridge_h5_2026_W34,backtest,bayesian_ridge,Bayesian Ridge,linear,5,H=5,short,2026-W34,2026,2026-08-21,0.4842105263157895,0.018706499881717565,0.014278099718032284,-0.4987313460417404,0.4744744744744745,0.5007518796992482,0.38922155688622756,0.2511278195488722,1.5236267645201935,RETRAIN_REQUIRED,False,transition,0.9870334871066366,1,-0.2355756442026622,0.9175989893529314,0.6250562735000088,-0.3415279329314359,0.4842105263157895,0.5208745443463919,0.035430308646032936,True,False,0.49624060150375937,backtest_bayesian_ridge_h5.png,backtest_bayesian_ridge_h5.png,2026-08-25T18:18:12.331524,forward_bayesian_ridge_2026_W34.png,usdcop_forecast_zoo:bayesian_ridge:h5:2026-08-21,0.006182110999361139,CTR-FORECAST-OUTPUT-001
FF_bayesian_ridge_h10_2026_W34,forward_forecast,bayesian_ridge,Bayesian Ridge,linear,10,H=10,medium,2026-W34,2026,2026-08-21,0.47969924812030074,0.0,0.0,0.0,0.44144144144144143,0.5007518796992482,0.3413173652694611,0.2511278195488722,1.5236267645201935,RETRAIN_REQUIRED,False,transition,0.9870334871066366,1,-0.3255482679010663,0.8478654243714303,0.851358586705706,-0.6757622695012133,0.47969924812030074,0.5208745443463919,0.035430308646032936,True,False,0.5052631578947369,forward_bayesian_ridge_2026_W34.png,backtest_bayesian_ridge_h10.png,2026-08-25T18:18:12.331524,forward_bayesian_ridge_2026_W34.png,usdcop_forecast_zoo:bayesian_ridge:h10:2026-08-21,0.007685374230621256,CTR-FORECAST-OUTPUT-001
BT_bayesian_ridge_h10_2026_W34,backtest,bayesian_ridge,Bayesian Ridge,linear,10,H=10,medium,2026-W34,2026,2026-08-21,0.47969924812030074,0.029244484987250925,0.022241334498369514,-0.758902556077377,0.44144144144144143,0.5007518796992482,0.3413173652694611,0.2511278195488722,1.5236267645201935,RETRAIN_REQUIRED,False,transition,0.9870334871066366,1,-0.3255482679010663,0.8478654243714303,0.851358586705706,-0.6757622695012133,0.47969924812030074,0.5208745443463919,0.035430308646032936,True,False,0.5052631578947369,backtest_bayesian_ridge_h10.png,backtest_bayesian_ridge_h10.png,2026-08-25T18:18:12.331524,forward_bayesian_ridge_2026_W34.png,usdcop_forecast_zoo:bayesian_ridge:h10:2026-08-21,0.007685374230621256,CTR-FORECAST-OUTPUT-001
FF_bayesian_ridge_h15_2026_W34,forward_forecast,bayesian_ridge,Bayesian Ridge,linear,15,H=15,medium,2026-W34,2026,2026-08-21,0.5272727272727272,0.0,0.0,0.0,0.503030303030303,0.5,0.3939393939393939,0.25,1.5236267645201935,RETRAIN_REQUIRED,False,transition,0.9870334871066366,1,-0.06185417001000281,0.9625499036404846,0.9241082892062664,-0.4120684028238819,0.5272727272727272,0.5208745443463919,0.035430308646032936,True,True,0.5272727272727272,forward_bayesian_ridge_2026_W34.png,backtest_bayesian_ridge_h15.png,2026-08-25T18:18:12.331524,forward_bayesian_ridge_2026_W34.png,usdcop_forecast_zoo:bayesian_ridge:h15:2026-08-21,0.01661540555217258,CTR-FORECAST-OUTPUT-001
BT_bayesian_ridge_h15_2026_W34,backtest,bayesian_ridge,Bayesian Ridge,linear,15,H=15,medium,2026-W34,2026,2026-08-21,0.5272727272727272,0.038100146841675106,0.02785012335605377,-0.9440486249306093,0.503030303030303,0.5,0.3939393939393939,0.25,1.5236267645201935,RETRAIN_REQUIRED,False,transition,0.9870334871066366,1,-0.06185417001000281,0.9625499036404846,0.9241082892062664,-0.4120684028238819,0.5272727272727272,0.5208745443463919,0.035430308646032936,True,True,0.5272727272727272,backtest_bayesian_ridge_h15.png,backtest_bayesian_ridge_h15.png,2026-08-25T18:18:12.331524,forward_bayesian_ridge_2026_W34.png,usdcop_forecast_zoo:bayesian_ridge:h15:2026-08-21,0.01661540555217258,CTR-FORECAST-OUTPUT-001
FF_bayesian_ridge_h20_2026_W34,forward_forecast,bayesian_ridge,Bayesian Ridge,linear,20,H=20,medium,2026-W34,2026,2026-08-21,0.5409090909090909,0.0,0.0,0.0,0.5272727272727272,0.5,0.41818181818181815,0.25,1.5236267645201935,RETRAIN_REQUIRED,False,transition,0.9870334871066366,1,0.08522330307451083,1.0627563382214558,0.965416381343985,0.18271924100849257,0.5409090909090909,0.5208745443463919,0.035430308646032936,True,True,0.5409090909090909,forward_bayesian_ridge_2026_W34.png,backtest_bayesian_ridge_h20.png,2026-08-25T18:18:12.331524,forward_bayesian_ridge_2026_W34.png,usdcop_forecast_zoo:bayesian_ridge:h20:2026-08-21,0.021216404917170317,CTR-FORECAST-OUTPUT-001
BT_bayesian_ridge_h20_2026_W34,backtest,bayesian_ridge,Bayesian Ridge,linear,20,H=20,medium,2026-W34,2026,2026-08-21,0.5409090909090909,0.045602749374548876,0.032312258989738565,-1.1507967745225942,0.5272727272727272,0.5,0.41818181818181815,0.25,1.5236267645201935,RETRAIN_REQUIRED,False,transition,0.9870334871066366,1,0.08522330307451083,1.0627563382214558,0.965416381343985,0.18271924100849257,0.5409090909090909,0.5208745443463919,0.035430308646032936,True,True,0.5409090909090909,backtest_bayesian_ridge_h20.png,backtest_bayesian_ridge_h20.png,2026-08-25T18:18:12.331524,forward_bayesian_ridge_2026_W34.png,usdcop_forecast_zoo:bayesian_ridge:h20:2026-08-21,0.021216404917170317,CTR-FORECAST-OUTPUT-001
FF_bayesian_ridge_h25_2026_W34,forward_forecast,bayesian_ridge,Bayesian Ridge,linear,25,H=25,long,2026-W34,2026,2026-08-21,0.5515151515151515,0.0,0.0,0.0,0.5575757575757576,0.5,0.4909090909090909,0.25,1.5236267645201935,RETRAIN_REQUIRED,False,transition,0.9870334871066366,1,0.05098375250004551,1.0423145099037499,0.9841768210046848,-0.040687702376602686,0.5515151515151515,0.5208745443463919,0.035430308646032936,True,True,0.5515151515151515,forward_bayesian_ridge_2026_W34.png,backtest_bayesian_ridge_h25.png,2026-08-25T18:18:12.331524,forward_bayesian_ridge_2026_W34.png,usdcop_forecast_zoo:bayesian_ridge:h25:2026-08-21,0.026285882362343374,CTR-FORECAST-OUTPUT-001
BT_bayesian_ridge_h25_2026_W34,backtest,bayesian_ridge,Bayesian Ridge,linear,25,H=25,long,2026-W34,2026,2026-08-21,0.5515151515151515,0.05189508990177244,0.03621192670883092,-1.2976272863981375,0.5575757575757576,0.5,0.4909090909090909,0.25,1.5236267645201935,RETRAIN_REQUIRED,False,transition,0.9870334871066366,1,0.05098375250004551,1.0423145099037499,0.9841768210046848,-0.040687702376602686,0.5515151515151515,0.5208745443463919,0.035430308646032936,True,True,0.5515151515151515,backtest_bayesian_ridge_h25.png,backtest_bayesian_ridge_h25.png,2026-08-25T18:18:12.331524,forward_bayesian_ridge_2026_W34.png,usdcop_forecast_zoo:bayesian_ridge:h25:2026-08-21,0.026285882362343374,CTR-FORECAST-OUTPUT-001
FF_bayesian_ridge_h30_2026_W34,forward_forecast,bayesian_ridge,Bayesian Ridge,linear,30,H=30,long,2026-W34,2026,2026-08-21,0.5572519083969466,0.0,0.0,0.0,0.5945121951219512,0.500763358778626,0.5182926829268293,0.250381679389313,1.5236267645201935,RETRAIN_REQUIRED,False,transition,0.9870334871066366,1,-0.0068699914887702445,0.9938063573604057,0.9909436106873386,-0.4253645388019799,0.5572519083969466,0.5208745443463919,0.035430308646032936,True,False,0.5572519083969466,forward_bayesian_ridge_2026_W34.png,backtest_bayesian_ridge_h30.png,2026-08-25T18:18:12.331524,forward_bayesian_ridge_2026_W34.png,usdcop_forecast_zoo:bayesian_ridge:h30:2026-08-21,0.030590232253102652,CTR-FORECAST-OUTPUT-001
BT_bayesian_ridge_h30_2026_W34,backtest,bayesian_ridge,Bayesian Ridge,linear,30,H=30,long,2026-W34,2026,2026-08-21,0.5572519083969466,0.05689423527108908,0.039395833639487204,-1.3292654701020257,0.5945121951219512,0.500763358778626,0.5182926829268293,0.250381679389313,1.5236267645201935,RETRAIN_REQUIRED,False,transition,0.9870334871066366,1,-0.0068699914887702445,0.9938063573604057,0.9909436106873386,-0.4253645388019799,0.5572519083969466,0.5208745443463919,0.035430308646032936,True,False,0.5572519083969466,backtest_bayesian_ridge_h30.png,backtest_bayesian_ridge_h30.png,2026-08-25T18:18:12.331524,forward_bayesian_ridge_2026_W34.png,usdcop_forecast_zoo:bayesian_ridge:h30:2026-08-21,0.030590232253102652,CTR-FORECAST-OUTPUT-001
FF_ard_h1_2026_W34,forward_forecast,ard,ARD,linear,1,H=1,short,2026-W34,2026,2026-08-21,0.5082706766917293,0.0,0.0,0.0,0.5045045045045045,0.5007518796992482,0.5269461077844312,0.2511278195488722,1.5236267645201935,RETRAIN_REQUIRED,False,transition,0.9870334871066366,1,-0.2304339186500508,0.9618634359890255,0.23140164615337475,-0.0848179869794089,0.5082706766917293,0.47662899193060476,0.03192786392252391,False,False,0.530827067669173,forward_ard_2026_W34.png,backtest_ard_h1.png,2026-08-25T18:18:12.331524,forward_ard_2026_W34.png,usdcop_forecast_zoo:ard:h1:2026-08-21,-8.716139670791127e-05,CTR-FORECAST-OUTPUT-001
BT_ard_h1_2026_W34,backtest,ard,ARD,linear,1,H=1,short,2026-W34,2026,2026-08-21,0.5082706766917293,0.00742853765594966,0.00554262349269252,-0.029835368295632714,0.5045045045045045,0.5007518796992482,0.5269461077844312,0.2511278195488722,1.5236267645201935,RETRAIN_REQUIRED,False,transition,0.9870334871066366,1,-0.2304339186500508,0.9618634359890255,0.23140164615337475,-0.0848179869794089,0.5082706766917293,0.47662899193060476,0.03192786392252391,False,False,0.530827067669173,backtest_ard_h1.png,backtest_ard_h1.png,2026-08-25T18:18:12.331524,forward_ard_2026_W34.png,usdcop_forecast_zoo:ard:h1:2026-08-21,-8.716139670791127e-05,CTR-FORECAST-OUTPUT-001
FF_ard_h5_2026_W34,forward_forecast,ard,ARD,linear,5,H=5,short,2026-W34,2026,2026-08-21,0.42857142857142855,0.0,0.0,0.0,0.47147147147147145,0.5007518796992482,0.437125748502994,0.2511278195488722,1.5236267645201935,RETRAIN_REQUIRED,False,transition,0.9870334871066366,1,-0.7846036183132338,0.7508070858228746,0.8363036638187868,-0.6992956996676047,0.42857142857142855,0.47662899193060476,0.03192786392252391,False,False,0.49624060150375937,forward_ard_2026_W34.png,backtest_ard_h5.png,2026-08-25T18:18:12.331524,forward_ard_2026_W34.png,usdcop_forecast_zoo:ard:h5:2026-08-21,-0.000375936736445976,CTR-FORECAST-OUTPUT-001
BT_ard_h5_2026_W34,backtest,ard,ARD,linear,5,H=5,short,2026-W34,2026,2026-08-21,0.42857142857142855,0.015415640471684639,0.011935728679006417,-0.017798638662886557,0.47147147147147145,0.5007518796992482,0.437125748502994,0.2511278195488722,1.5236267645201935,RETRAIN_REQUIRED,False,transition,0.9870334871066366,1,-0.7846036183132338,0.7508070858228746,0.8363036638187868,-0.6992956996676047,0.42857142857142855,0.47662899193060476,0.03192786392252391,False,False,0.49624060150375937,backtest_ard_h5.png,backtest_ard_h5.png,2026-08-25T18:18:12.331524,forward_ard_2026_W34.png,usdcop_forecast_zoo:ard:h5:2026-08-21,-0.000375936736445976,CTR-FORECAST-OUTPUT-001
FF_ard_h10_2026_W34,forward_forecast,ard,ARD,linear,10,H=10,medium,2026-W34,2026,2026-08-21,0.4030075187969925,0.0,0.0,0.0,0.43243243243243246,0.5007518796992482,0.41317365269461076,0.2511278195488722,1.5236267645201935,RETRAIN_REQUIRED,False,transition,0.9870334871066366,1,-0.7722245307941099,0.6758452864069809,0.9726515040393074,-0.9112119036345177,0.4030075187969925,0.47662899193060476,0.03192786392252391,False,False,0.5052631578947369,forward_ard_2026_W34.png,backtest_ard_h10.png,2026-08-25T18:18:12.331524,forward_ard_2026_W34.png,usdcop_forecast_zoo:ard:h10:2026-08-21,-0.000966219116013153,CTR-FORECAST-OUTPUT-001
BT_ard_h10_2026_W34,backtest,ard,ARD,linear,10,H=10,medium,2026-W34,2026,2026-08-21,0.4030075187969925,0.02289801822667331,0.018574311336769463,-0.07832486162823038,0.43243243243243246,0.5007518796992482,0.41317365269461076,0.2511278195488722,1.5236267645201935,RETRAIN_REQUIRED,False,transition,0.9870334871066366,1,-0.7722245307941099,0.6758452864069809,0.9726515040393074,-0.9112119036345177,0.4030075187969925,0.47662899193060476,0.03192786392252391,False,False,0.5052631578947369,backtest_ard_h10.png,backtest_ard_h10.png,2026-08-25T18:18:12.331524,forward_ard_2026_W34.png,usdcop_forecast_zoo:ard:h10:2026-08-21,-0.000966219116013153,CTR-FORECAST-OUTPUT-001
FF_ard_h15_2026_W34,forward_forecast,ard,ARD,linear,15,H=15,medium,2026-W34,2026,2026-08-21,0.4303030303030303,0.0,0.0,0.0,0.4484848484848485,0.5,0.38181818181818183,0.25,1.5236267645201935,RETRAIN_REQUIRED,False,transition,0.9870334871066366,1,-0.4891273760930767,0.7393534575057605,0.9707986481092422,-0.9114622883635974,0.4303030303030303,0.47662899193060476,0.03192786392252391,False,False,0.5272727272727272,forward_ard_2026_W34.png,backtest_ard_h15.png,2026-08-25T18:18:12.331524,forward_ard_2026_W34.png,usdcop_forecast_zoo:ard:h15:2026-08-21,-0.0017076982490416281,CTR-FORECAST-OUTPUT-001
BT_ard_h15_2026_W34,backtest,ard,ARD,linear,15,H=15,medium,2026-W34,2026,2026-08-21,0.4303030303030303,0.03458941431591815,0.027308259814068193,-0.6022867495082482,0.4484848484848485,0.5,0.38181818181818183,0.25,1.5236267645201935,RETRAIN_REQUIRED,False,transition,0.9870334871066366,1,-0.4891273760930767,0.7393534575057605,0.9707986481092422,-0.9114622883635974,0.4303030303030303,0.47662899193060476,0.03192786392252391,False,False,0.5272727272727272,backtest_ard_h15.png,backtest_ard_h15.png,2026-08-25T18:18:12.331524,forward_ard_2026_W34.png,usdcop_forecast_zoo:ard:h15:2026-08-21,-0.0017076982490416281,CTR-FORECAST-OUTPUT-001
FF_ard_h20_2026_W34,forward_forecast,ard,ARD,linear,20,H=20,medium,2026-W34,2026,2026-08-21,0.4818181818181818,0.0,0.0,0.0,0.5121212121212121,0.5,0.43636363636363634,0.25,1.5236267645201935,RETRAIN_REQUIRED,False,transition,0.9870334871066366,1,-0.3201970119080443,0.7955312663904633,0.9712711481024704,-0.8913198573285088,0.4818181818181818,0.47662899193060476,0.03192786392252391,False,False,0.5409090909090909,forward_ard_2026_W34.png,backtest_ard_h20.png,2026-08-25T18:18:12.331524,forward_ard_2026_W34.png,usdcop_forecast_zoo:ard:h20:2026-08-21,-0.0024787517366813673,CTR-FORECAST-OUTPUT-001
BT_ard_h20_2026_W34,backtest,ard,ARD,linear,20,H=20,medium,2026-W34,2026,2026-08-21,0.4818181818181818,0.04068624949367521,0.031057242870858225,-0.7120349983152265,0.5121212121212121,0.5,0.43636363636363634,0.25,1.5236267645201935,RETRAIN_REQUIRED,False,transition,0.9870334871066366,1,-0.3201970119080443,0.7955312663904633,0.9712711481024704,-0.8913198573285088,0.4818181818181818,0.47662899193060476,0.03192786392252391,False,False,0.5409090909090909,backtest_ard_h20.png,backtest_ard_h20.png,2026-08-25T18:18:12.331524,forward_ard_2026_W34.png,usdcop_forecast_zoo:ard:h20:2026-08-21,-0.0024787517366813673,CTR-FORECAST-OUTPUT-001
FF_ard_h25_2026_W34,forward_forecast,ard,ARD,linear,25,H=25,long,2026-W34,2026,2026-08-21,0.5393939393939394,0.0,0.0,0.0,0.5333333333333333,0.5,0.47878787878787876,0.25,1.5236267645201935,RETRAIN_REQUIRED,False,transition,0.9870334871066366,1,-0.05469038335181336,0.9565168478652117,0.9858941007801009,-0.5572097485004481,0.5393939393939394,0.47662899193060476,0.03192786392252391,False,False,0.5515151515151515,forward_ard_2026_W34.png,backtest_ard_h25.png,2026-08-25T18:18:12.331524,forward_ard_2026_W34.png,usdcop_forecast_zoo:ard:h25:2026-08-21,-0.0031816375189691287,CTR-FORECAST-OUTPUT-001
BT_ard_h25_2026_W34,backtest,ard,ARD,linear,25,H=25,long,2026-W34,2026,2026-08-21,0.5393939393939394,0.0459623419111319,0.034108833456822,-0.8023176724424199,0.5333333333333333,0.5,0.47878787878787876,0.25,1.5236267645201935,RETRAIN_REQUIRED,False,transition,0.9870334871066366,1,-0.05469038335181336,0.9565168478652117,0.9858941007801009,-0.5572097485004481,0.5393939393939394,0.47662899193060476,0.03192786392252391,False,False,0.5515151515151515,backtest_ard_h25.png,backtest_ard_h25.png,2026-08-25T18:18:12.331524,forward_ard_2026_W34.png,usdcop_forecast_zoo:ard:h25:2026-08-21,-0.0031816375189691287,CTR-FORECAST-OUTPUT-001
FF_ard_h30_2026_W34,forward_forecast,ard,ARD,linear,30,H=30,long,2026-W34,2026,2026-08-21,0.5450381679389313,0.0,0.0,0.0,0.5457317073170732,0.500763358778626,0.5121951219512195,0.250381679389313,1.5236267645201935,RETRAIN_REQUIRED,False,transition,0.9870334871066366,1,-0.06852597685169232,0.9399071219493019,0.9918447624831188,-0.6637512670363144,0.5450381679389313,0.47662899193060476,0.03192786392252391,False,False,0.5572519083969466,forward_ard_2026_W34.png,backtest_ard_h30.png,2026-08-25T18:18:12.331524,forward_ard_2026_W34.png,usdcop_forecast_zoo:ard:h30:2026-08-21,-0.0037756614350547184,CTR-FORECAST-OUTPUT-001
BT_ard_h30_2026_W34,backtest,ard,ARD,linear,30,H=30,long,2026-W34,2026,2026-08-21,0.5450381679389313,0.05651484538263452,0.04039383996732246,-1.2983043943756325,0.5457317073170732,0.500763358778626,0.5121951219512195,0.250381679389313,1.5236267645201935,RETRAIN_REQUIRED,False,transition,0.9870334871066366,1,-0.06852597685169232,0.9399071219493019,0.9918447624831188,-0.6637512670363144,0.5450381679389313,0.47662899193060476,0.03192786392252391,False,False,0.5572519083969466,backtest_ard_h30.png,backtest_ard_h30.png,2026-08-25T18:18:12.331524,forward_ard_2026_W34.png,usdcop_forecast_zoo:ard:h30:2026-08-21,-0.0037756614350547184,CTR-FORECAST-OUTPUT-001
FF_xgboost_pure_h1_2026_W34,forward_forecast,xgboost_pure,XGBoost,boosting,1,H=1,short,2026-W34,2026,2026-08-21,0.5112781954887218,0.0,0.0,0.0,0.5075075075075075,0.5007518796992482,0.5029940119760479,0.2511278195488722,1.5236267645201935,RETRAIN_REQUIRED,False,transition,0.9870334871066366,1,0.36704519432120164,1.063894444737545,0.1664679974454212,0.09944897805613717,0.5112781954887218,0.5039373739195814,0.028201117675949506,False,False,0.530827067669173,forward_xgboost_pure_2026_W34.png,backtest_xgboost_pure_h1.png,2026-08-25T18:18:12.331524,forward_xgboost_pure_2026_W34.png,usdcop_forecast_zoo:xgboost_pure:h1:2026-08-21,-0.00029620155692100525,CTR-FORECAST-OUTPUT-001
BT_xgboost_pure_h1_2026_W34,backtest,xgboost_pure,XGBoost,boosting,1,H=1,short,2026-W34,2026,2026-08-21,0.5112781954887218,0.007784511456322132,0.00586414522093816,-0.13089912719759034,0.5075075075075075,0.5007518796992482,0.5029940119760479,0.2511278195488722,1.5236267645201935,RETRAIN_REQUIRED,False,transition,0.9870334871066366,1,0.36704519432120164,1.063894444737545,0.1664679974454212,0.09944897805613717,0.5112781954887218,0.5039373739195814,0.028201117675949506,False,False,0.530827067669173,backtest_xgboost_pure_h1.png,backtest_xgboost_pure_h1.png,2026-08-25T18:18:12.331524,forward_xgboost_pure_2026_W34.png,usdcop_forecast_zoo:xgboost_pure:h1:2026-08-21,-0.00029620155692100525,CTR-FORECAST-OUTPUT-001
FF_xgboost_pure_h5_2026_W34,forward_forecast,xgboost_pure,XGBoost,boosting,5,H=5,short,2026-W34,2026,2026-08-21,0.49624060150375937,0.0,0.0,0.0,0.5015015015015015,0.5007518796992482,0.47904191616766467,0.2511278195488722,1.5236267645201935,RETRAIN_REQUIRED,False,transition,0.9870334871066366,1,-0.3048222984771935,0.8946903094101273,0.5998075810334433,-0.4039880055520715,0.49624060150375937,0.5039373739195814,0.028201117675949506,False,True,0.49624060150375937,forward_xgboost_pure_2026_W34.png,backtest_xgboost_pure_h5.png,2026-08-25T18:18:12.331524,forward_xgboost_pure_2026_W34.png,usdcop_forecast_zoo:xgboost_pure:h5:2026-08-21,-0.003076436696574092,CTR-FORECAST-OUTPUT-001
BT_xgboost_pure_h5_2026_W34,backtest,xgboost_pure,XGBoost,boosting,5,H=5,short,2026-W34,2026,2026-08-21,0.49624060150375937,0.0171910839320882,0.013259942565144232,-0.2657421452508997,0.5015015015015015,0.5007518796992482,0.47904191616766467,0.2511278195488722,1.5236267645201935,RETRAIN_REQUIRED,False,transition,0.9870334871066366,1,-0.3048222984771935,0.8946903094101273,0.5998075810334433,-0.4039880055520715,0.49624060150375937,0.5039373739195814,0.028201117675949506,False,True,0.49624060150375937,backtest_xgboost_pure_h5.png,backtest_xgboost_pure_h5.png,2026-08-25T18:18:12.331524,forward_xgboost_pure_2026_W34.png,usdcop_forecast_zoo:xgboost_pure:h5:2026-08-21,-0.003076436696574092,CTR-FORECAST-OUTPUT-001
FF_xgboost_pure_h10_2026_W34,forward_forecast,xgboost_pure,XGBoost,boosting,10,H=10,medium,2026-W34,2026,2026-08-21,0.49022556390977445,0.0,0.0,0.0,0.4444444444444444,0.5007518796992482,0.3413173652694611,0.2511278195488722,1.5236267645201935,RETRAIN_REQUIRED,False,transition,0.9870334871066366,1,-0.4456149148790909,0.7977710867541777,0.885000221672918,-0.7720491870889851,0.49022556390977445,0.5039373739195814,0.028201117675949506,False,False,0.5052631578947369,forward_xgboost_pure_2026_W34.png,backtest_xgboost_pure_h10.png,2026-08-25T18:18:12.331524,forward_xgboost_pure_2026_W34.png,usdcop_forecast_zoo:xgboost_pure:h10:2026-08-21,-0.0016766644548624754,CTR-FORECAST-OUTPUT-001
BT_xgboost_pure_h10_2026_W34,backtest,xgboost_pure,XGBoost,boosting,10,H=10,medium,2026-W34,2026,2026-08-21,0.49022556390977445,0.024318264735321303,0.01883141534839063,-0.2162391776938286,0.4444444444444444,0.5007518796992482,0.3413173652694611,0.2511278195488722,1.5236267645201935,RETRAIN_REQUIRED,False,transition,0.9870334871066366,1,-0.4456149148790909,0.7977710867541777,0.885000221672918,-0.7720491870889851,0.49022556390977445,0.5039373739195814,0.028201117675949506,False,False,0.5052631578947369,backtest_xgboost_pure_h10.png,backtest_xgboost_pure_h10.png,2026-08-25T18:18:12.331524,forward_xgboost_pure_2026_W34.png,usdcop_forecast_zoo:xgboost_pure:h10:2026-08-21,-0.0016766644548624754,CTR-FORECAST-OUTPUT-001
FF_xgboost_pure_h15_2026_W34,forward_forecast,xgboost_pure,XGBoost,boosting,15,H=15,medium,2026-W34,2026,2026-08-21,0.5045454545454545,0.0,0.0,0.0,0.4303030303030303,0.5,0.38181818181818183,0.25,1.5236267645201935,RETRAIN_REQUIRED,False,transition,0.9870334871066366,1,-0.28038034584698085,0.8410999991710899,0.9582034276984948,-0.778044322383571,0.5045454545454545,0.5039373739195814,0.028201117675949506,False,False,0.5272727272727272,forward_xgboost_pure_2026_W34.png,backtest_xgboost_pure_h15.png,2026-08-25T18:18:12.331524,forward_xgboost_pure_2026_W34.png,usdcop_forecast_zoo:xgboost_pure:h15:2026-08-21,-0.0020057563669979572,CTR-FORECAST-OUTPUT-001
BT_xgboost_pure_h15_2026_W34,backtest,xgboost_pure,XGBoost,boosting,15,H=15,medium,2026-W34,2026,2026-08-21,0.5045454545454545,0.031373966173289844,0.024120652783794848,-0.3182344963643646,0.4303030303030303,0.5,0.38181818181818183,0.25,1.5236267645201935,RETRAIN_REQUIRED,False,transition,0.9870334871066366,1,-0.28038034584698085,0.8410999991710899,0.9582034276984948,-0.778044322383571,0.5045454545454545,0.5039373739195814,0.028201117675949506,False,False,0.5272727272727272,backtest_xgboost_pure_h15.png,backtest_xgboost_pure_h15.png,2026-08-25T18:18:12.331524,forward_xgboost_pure_2026_W34.png,usdcop_forecast_zoo:xgboost_pure:h15:2026-08-21,-0.0020057563669979572,CTR-FORECAST-OUTPUT-001
FF_xgboost_pure_h20_2026_W34,forward_forecast,xgboost_pure,XGBoost,boosting,20,H=20,medium,2026-W34,2026,2026-08-21,0.47878787878787876,0.0,0.0,0.0,0.44242424242424244,0.5,0.4484848484848485,0.25,1.5236267645201935,RETRAIN_REQUIRED,False,transition,0.9870334871066366,1,-0.6200340863220933,0.6418945804340292,0.9898714829366296,-0.9806594762335672,0.47878787878787876,0.5039373739195814,0.028201117675949506,False,False,0.5409090909090909,forward_xgboost_pure_2026_W34.png,backtest_xgboost_pure_h20.png,2026-08-25T18:18:12.331524,forward_xgboost_pure_2026_W34.png,usdcop_forecast_zoo:xgboost_pure:h20:2026-08-21,-0.005727448500692844,CTR-FORECAST-OUTPUT-001
BT_xgboost_pure_h20_2026_W34,backtest,xgboost_pure,XGBoost,boosting,20,H=20,medium,2026-W34,2026,2026-08-21,0.47878787878787876,0.03695020826033981,0.027684655254004136,-0.41205334426954265,0.44242424242424244,0.5,0.4484848484848485,0.25,1.5236267645201935,RETRAIN_REQUIRED,False,transition,0.9870334871066366,1,-0.6200340863220933,0.6418945804340292,0.9898714829366296,-0.9806594762335672,0.47878787878787876,0.5039373739195814,0.028201117675949506,False,False,0.5409090909090909,backtest_xgboost_pure_h20.png,backtest_xgboost_pure_h20.png,2026-08-25T18:18:12.331524,forward_xgboost_pure_2026_W34.png,usdcop_forecast_zoo:xgboost_pure:h20:2026-08-21,-0.005727448500692844,CTR-FORECAST-OUTPUT-001
FF_xgboost_pure_h25_2026_W34,forward_forecast,xgboost_pure,XGBoost,boosting,25,H=25,long,2026-W34,2026,2026-08-21,0.5106060606060606,0.0,0.0,0.0,0.45454545454545453,0.5,0.43636363636363634,0.25,1.5236267645201935,RETRAIN_REQUIRED,False,transition,0.9870334871066366,1,-0.5148186112295736,0.6576291933913797,0.9916588259873576,-0.9840012223225783,0.5106060606060606,0.5039373739195814,0.028201117675949506,False,False,0.5515151515151515,forward_xgboost_pure_2026_W34.png,backtest_xgboost_pure_h25.png,2026-08-25T18:18:12.331524,forward_xgboost_pure_2026_W34.png,usdcop_forecast_zoo:xgboost_pure:h25:2026-08-21,0.0016460091574117541,CTR-FORECAST-OUTPUT-001
BT_xgboost_pure_h25_2026_W34,backtest,xgboost_pure,XGBoost,boosting,25,H=25,long,2026-W34,2026,2026-08-21,0.5106060606060606,0.03809880950722358,0.028428020481285322,-0.23836837740571415,0.45454545454545453,0.5,0.43636363636363634,0.25,1.5236267645201935,RETRAIN_REQUIRED,False,transition,0.9870334871066366,1,-0.5148186112295736,0.6576291933913797,0.9916588259873576,-0.9840012223225783,0.5106060606060606,0.5039373739195814,0.028201117675949506,False,False,0.5515151515151515,backtest_xgboost_pure_h25.png,backtest_xgboost_pure_h25.png,2026-08-25T18:18:12.331524,forward_xgboost_pure_2026_W34.png,usdcop_forecast_zoo:xgboost_pure:h25:2026-08-21,0.0016460091574117541,CTR-FORECAST-OUTPUT-001
FF_xgboost_pure_h30_2026_W34,forward_forecast,xgboost_pure,XGBoost,boosting,30,H=30,long,2026-W34,2026,2026-08-21,0.5358778625954198,0.0,0.0,0.0,0.46646341463414637,0.500763358778626,0.3902439024390244,0.250381679389313,1.5236267645201935,RETRAIN_REQUIRED,False,transition,0.9870334871066366,1,-0.25941121770471803,0.7907785777918664,0.9909436106873386,-0.9354450410406469,0.5358778625954198,0.5039373739195814,0.028201117675949506,False,False,0.5572519083969466,forward_xgboost_pure_2026_W34.png,backtest_xgboost_pure_h30.png,2026-08-25T18:18:12.331524,forward_xgboost_pure_2026_W34.png,usdcop_forecast_zoo:xgboost_pure:h30:2026-08-21,0.0008598779095336795,CTR-FORECAST-OUTPUT-001
BT_xgboost_pure_h30_2026_W34,backtest,xgboost_pure,XGBoost,boosting,30,H=30,long,2026-W34,2026,2026-08-21,0.5358778625954198,0.04169097966706165,0.03089653125071959,-0.2507389099191337,0.46646341463414637,0.500763358778626,0.3902439024390244,0.250381679389313,1.5236267645201935,RETRAIN_REQUIRED,False,transition,0.9870334871066366,1,-0.25941121770471803,0.7907785777918664,0.9909436106873386,-0.9354450410406469,0.5358778625954198,0.5039373739195814,0.028201117675949506,False,False,0.5572519083969466,backtest_xgboost_pure_h30.png,backtest_xgboost_pure_h30.png,2026-08-25T18:18:12.331524,forward_xgboost_pure_2026_W34.png,usdcop_forecast_zoo:xgboost_pure:h30:2026-08-21,0.0008598779095336795,CTR-FORECAST-OUTPUT-001
FF_lightgbm_pure_h1_2026_W34,forward_forecast,lightgbm_pure,LightGBM,boosting,1,H=1,short,2026-W34,2026,2026-08-21,0.5007518796992482,0.0,0.0,0.0,0.5225225225225225,0.5007518796992482,0.5029940119760479,0.2511278195488722,1.5236267645201935,RETRAIN_REQUIRED,False,transition,0.9870334871066366,1,0.12738498765057338,1.0217269569260032,0.19788654034011635,0.021480708478416766,0.5007518796992482,0.5032698232147237,0.02842513317412499,False,False,0.530827067669173,forward_lightgbm_pure_2026_W34.png,backtest_lightgbm_pure_h1.png,2026-08-25T18:18:12.331524,forward_lightgbm_pure_2026_W34.png,usdcop_forecast_zoo:lightgbm_pure:h1:2026-08-21,-0.00028067781811512524,CTR-FORECAST-OUTPUT-001
BT_lightgbm_pure_h1_2026_W34,backtest,lightgbm_pure,LightGBM,boosting,1,H=1,short,2026-W34,2026,2026-08-21,0.5007518796992482,0.007713980112802916,0.0058008854906747695,-0.11049900670221202,0.5225225225225225,0.5007518796992482,0.5029940119760479,0.2511278195488722,1.5236267645201935,RETRAIN_REQUIRED,False,transition,0.9870334871066366,1,0.12738498765057338,1.0217269569260032,0.19788654034011635,0.021480708478416766,0.5007518796992482,0.5032698232147237,0.02842513317412499,False,False,0.530827067669173,backtest_lightgbm_pure_h1.png,backtest_lightgbm_pure_h1.png,2026-08-25T18:18:12.331524,forward_lightgbm_pure_2026_W34.png,usdcop_forecast_zoo:lightgbm_pure:h1:2026-08-21,-0.00028067781811512524,CTR-FORECAST-OUTPUT-001
FF_lightgbm_pure_h5_2026_W34,forward_forecast,lightgbm_pure,LightGBM,boosting,5,H=5,short,2026-W34,2026,2026-08-21,0.49022556390977445,0.0,0.0,0.0,0.4864864864864865,0.5007518796992482,0.47904191616766467,0.2511278195488722,1.5236267645201935,RETRAIN_REQUIRED,False,transition,0.9870334871066366,1,-0.3322596524773306,0.8857713983231222,0.60279332162921,-0.42701402963897384,0.49022556390977445,0.5032698232147237,0.02842513317412499,False,False,0.49624060150375937,forward_lightgbm_pure_2026_W34.png,backtest_lightgbm_pure_h5.png,2026-08-25T18:18:12.331524,forward_lightgbm_pure_2026_W34.png,usdcop_forecast_zoo:lightgbm_pure:h5:2026-08-21,-0.003849093262807599,CTR-FORECAST-OUTPUT-001
BT_lightgbm_pure_h5_2026_W34,backtest,lightgbm_pure,LightGBM,boosting,5,H=5,short,2026-W34,2026,2026-08-21,0.49022556390977445,0.017173590520987166,0.013277377369664011,-0.26316745222870463,0.4864864864864865,0.5007518796992482,0.47904191616766467,0.2511278195488722,1.5236267645201935,RETRAIN_REQUIRED,False,transition,0.9870334871066366,1,-0.3322596524773306,0.8857713983231222,0.60279332162921,-0.42701402963897384,0.49022556390977445,0.5032698232147237,0.02842513317412499,False,False,0.49624060150375937,backtest_lightgbm_pure_h5.png,backtest_lightgbm_pure_h5.png,2026-08-25T18:18:12.331524,forward_lightgbm_pure_2026_W34.png,usdcop_forecast_zoo:lightgbm_pure:h5:2026-08-21,-0.003849093262807599,CTR-FORECAST-OUTPUT-001
FF_lightgbm_pure_h10_2026_W34,forward_forecast,lightgbm_pure,LightGBM,boosting,10,H=10,medium,2026-W34,2026,2026-08-21,0.5052631578947369,0.0,0.0,0.0,0.45045045045045046,0.5007518796992482,0.3592814371257485,0.2511278195488722,1.5236267645201935,RETRAIN_REQUIRED,False,transition,0.9870334871066366,1,-0.27689339090768683,0.8690438369172366,0.8335029949339383,-0.6260841695250847,0.5052631578947369,0.5032698232147237,0.02842513317412499,False,True,0.5052631578947369,forward_lightgbm_pure_2026_W34.png,backtest_lightgbm_pure_h10.png,2026-08-25T18:18:12.331524,forward_lightgbm_pure_2026_W34.png,usdcop_forecast_zoo:lightgbm_pure:h10:2026-08-21,-0.0019779775369822067,CTR-FORECAST-OUTPUT-001
BT_lightgbm_pure_h10_2026_W34,backtest,lightgbm_pure,LightGBM,boosting,10,H=10,medium,2026-W34,2026,2026-08-21,0.5052631578947369,0.024538382114445978,0.018973977786488846,-0.2383564627325876,0.45045045045045046,0.5007518796992482,0.3592814371257485,0.2511278195488722,1.5236267645201935,RETRAIN_REQUIRED,False,transition,0.9870334871066366,1,-0.27689339090768683,0.8690438369172366,0.8335029949339383,-0.6260841695250847,0.5052631578947369,0.5032698232147237,0.02842513317412499,False,True,0.5052631578947369,backtest_lightgbm_pure_h10.png,backtest_lightgbm_pure_h10.png,2026-08-25T18:18:12.331524,forward_lightgbm_pure_2026_W34.png,usdcop_forecast_zoo:lightgbm_pure:h10:2026-08-21,-0.0019779775369822067,CTR-FORECAST-OUTPUT-001
FF_lightgbm_pure_h15_2026_W34,forward_forecast,lightgbm_pure,LightGBM,boosting,15,H=15,medium,2026-W34,2026,2026-08-21,0.48484848484848486,0.0,0.0,0.0,0.4696969696969697,0.5,0.3333333333333333,0.25,1.5236267645201935,RETRAIN_REQUIRED,False,transition,0.9870334871066366,1,-0.4343968828706861,0.7647846452692793,0.9689567150361099,-0.8875870690656458,0.48484848484848486,0.5032698232147237,0.02842513317412499,False,False,0.5272727272727272,forward_lightgbm_pure_2026_W34.png,backtest_lightgbm_pure_h15.png,2026-08-25T18:18:12.331524,forward_lightgbm_pure_2026_W34.png,usdcop_forecast_zoo:lightgbm_pure:h15:2026-08-21,-0.0020780620451895876,CTR-FORECAST-OUTPUT-001
BT_lightgbm_pure_h15_2026_W34,backtest,lightgbm_pure,LightGBM,boosting,15,H=15,medium,2026-W34,2026,2026-08-21,0.48484848484848486,0.031806124225898444,0.024647011215364743,-0.35480043088253854,0.4696969696969697,0.5,0.3333333333333333,0.25,1.5236267645201935,RETRAIN_REQUIRED,False,transition,0.9870334871066366,1,-0.4343968828706861,0.7647846452692793,0.9689567150361099,-0.8875870690656458,0.48484848484848486,0.5032698232147237,0.02842513317412499,False,False,0.5272727272727272,backtest_lightgbm_pure_h15.png,backtest_lightgbm_pure_h15.png,2026-08-25T18:18:12.331524,forward_lightgbm_pure_2026_W34.png,usdcop_forecast_zoo:lightgbm_pure:h15:2026-08-21,-0.0020780620451895876,CTR-FORECAST-OUTPUT-001
FF_lightgbm_pure_h20_2026_W34,forward_forecast,lightgbm_pure,LightGBM,boosting,20,H=20,medium,2026-W34,2026,2026-08-21,0.5151515151515151,0.0,0.0,0.0,0.4484848484848485,0.5,0.3333333333333333,0.25,1.5236267645201935,RETRAIN_REQUIRED,False,transition,0.9870334871066366,1,-0.2723475275089777,0.8232083948013963,0.9676789632188865,-0.8563682692460701,0.5151515151515151,0.5032698232147237,0.02842513317412499,False,False,0.5409090909090909,forward_lightgbm_pure_2026_W34.png,backtest_lightgbm_pure_h20.png,2026-08-25T18:18:12.331524,forward_lightgbm_pure_2026_W34.png,usdcop_forecast_zoo:lightgbm_pure:h20:2026-08-21,-0.0019698386378977544,CTR-FORECAST-OUTPUT-001
BT_lightgbm_pure_h20_2026_W34,backtest,lightgbm_pure,LightGBM,boosting,20,H=20,medium,2026-W34,2026,2026-08-21,0.5151515151515151,0.03684827420485825,0.02808633534822406,-0.40427326436854116,0.4484848484848485,0.5,0.3333333333333333,0.25,1.5236267645201935,RETRAIN_REQUIRED,False,transition,0.9870334871066366,1,-0.2723475275089777,0.8232083948013963,0.9676789632188865,-0.8563682692460701,0.5151515151515151,0.5032698232147237,0.02842513317412499,False,False,0.5409090909090909,backtest_lightgbm_pure_h20.png,backtest_lightgbm_pure_h20.png,2026-08-25T18:18:12.331524,forward_lightgbm_pure_2026_W34.png,usdcop_forecast_zoo:lightgbm_pure:h20:2026-08-21,-0.0019698386378977544,CTR-FORECAST-OUTPUT-001
FF_lightgbm_pure_h25_2026_W34,forward_forecast,lightgbm_pure,LightGBM,boosting,25,H=25,long,2026-W34,2026,2026-08-21,0.509090909090909,0.0,0.0,0.0,0.4666666666666667,0.5,0.3696969696969697,0.25,1.5236267645201935,RETRAIN_REQUIRED,False,transition,0.9870334871066366,1,-0.5036614278220392,0.6636480809728248,0.990697190764419,-0.9826916245374594,0.509090909090909,0.5032698232147237,0.02842513317412499,False,False,0.5515151515151515,forward_lightgbm_pure_2026_W34.png,backtest_lightgbm_pure_h25.png,2026-08-25T18:18:12.331524,forward_lightgbm_pure_2026_W34.png,usdcop_forecast_zoo:lightgbm_pure:h25:2026-08-21,0.0032443424371179533,CTR-FORECAST-OUTPUT-001
BT_lightgbm_pure_h25_2026_W34,backtest,lightgbm_pure,LightGBM,boosting,25,H=25,long,2026-W34,2026,2026-08-21,0.509090909090909,0.03862453519699958,0.02882389508371736,-0.27278068290829816,0.4666666666666667,0.5,0.3696969696969697,0.25,1.5236267645201935,RETRAIN_REQUIRED,False,transition,0.9870334871066366,1,-0.5036614278220392,0.6636480809728248,0.990697190764419,-0.9826916245374594,0.509090909090909,0.5032698232147237,0.02842513317412499,False,False,0.5515151515151515,backtest_lightgbm_pure_h25.png,backtest_lightgbm_pure_h25.png,2026-08-25T18:18:12.331524,forward_lightgbm_pure_2026_W34.png,usdcop_forecast_zoo:lightgbm_pure:h25:2026-08-21,0.0032443424371179533,CTR-FORECAST-OUTPUT-001
FF_lightgbm_pure_h30_2026_W34,forward_forecast,lightgbm_pure,LightGBM,boosting,30,H=30,long,2026-W34,2026,2026-08-21,0.517557251908397,0.0,0.0,0.0,0.39634146341463417,0.500763358778626,0.4024390243902439,0.250381679389313,1.5236267645201935,RETRAIN_REQUIRED,False,transition,0.9870334871066366,1,-0.4273745208280128,0.6790053072819922,0.9909436106873386,-0.9845465951644558,0.517557251908397,0.5032698232147237,0.02842513317412499,False,False,0.5572519083969466,forward_lightgbm_pure_2026_W34.png,backtest_lightgbm_pure_h30.png,2026-08-25T18:18:12.331524,forward_lightgbm_pure_2026_W34.png,usdcop_forecast_zoo:lightgbm_pure:h30:2026-08-21,0.0005771316382661727,CTR-FORECAST-OUTPUT-001
BT_lightgbm_pure_h30_2026_W34,backtest,lightgbm_pure,LightGBM,boosting,30,H=30,long,2026-W34,2026,2026-08-21,0.517557251908397,0.04227104584288261,0.03140602224445444,-0.28578526921328784,0.39634146341463417,0.500763358778626,0.4024390243902439,0.250381679389313,1.5236267645201935,RETRAIN_REQUIRED,False,transition,0.9870334871066366,1,-0.4273745208280128,0.6790053072819922,0.9909436106873386,-0.9845465951644558,0.517557251908397,0.5032698232147237,0.02842513317412499,False,False,0.5572519083969466,backtest_lightgbm_pure_h30.png,backtest_lightgbm_pure_h30.png,2026-08-25T18:18:12.331524,forward_lightgbm_pure_2026_W34.png,usdcop_forecast_zoo:lightgbm_pure:h30:2026-08-21,0.0005771316382661727,CTR-FORECAST-OUTPUT-001
FF_catboost_pure_h1_2026_W34,forward_forecast,catboost_pure,CatBoost,boosting,1,H=1,short,2026-W34,2026,2026-08-21,0.530827067669173,0.0,0.0,0.0,0.5315315315315315,0.5007518796992482,0.48502994011976047,0.2511278195488722,1.5236267645201935,RETRAIN_REQUIRED,False,transition,0.9870334871066366,1,0.28584020810405886,1.0494145536329325,0.20177328899224134,0.07236857244626127,0.530827067669173,0.5019136892493948,0.0314542288056095,False,True,0.530827067669173,forward_catboost_pure_2026_W34.png,backtest_catboost_pure_h1.png,2026-08-25T18:18:12.331524,forward_catboost_pure_2026_W34.png,usdcop_forecast_zoo:catboost_pure:h1:2026-08-21,-0.0007068342554199275,CTR-FORECAST-OUTPUT-001
BT_catboost_pure_h1_2026_W34,backtest,catboost_pure,CatBoost,boosting,1,H=1,short,2026-W34,2026,2026-08-21,0.530827067669173,0.0088517787413068,0.006500378370573553,-0.4622520679184856,0.5315315315315315,0.5007518796992482,0.48502994011976047,0.2511278195488722,1.5236267645201935,RETRAIN_REQUIRED,False,transition,0.9870334871066366,1,0.28584020810405886,1.0494145536329325,0.20177328899224134,0.07236857244626127,0.530827067669173,0.5019136892493948,0.0314542288056095,False,True,0.530827067669173,backtest_catboost_pure_h1.png,backtest_catboost_pure_h1.png,2026-08-25T18:18:12.331524,forward_catboost_pure_2026_W34.png,usdcop_forecast_zoo:catboost_pure:h1:2026-08-21,-0.0007068342554199275,CTR-FORECAST-OUTPUT-001
FF_catboost_pure_h5_2026_W34,forward_forecast,catboost_pure,CatBoost,boosting,5,H=5,short,2026-W34,2026,2026-08-21,0.4917293233082707,0.0,0.0,0.0,0.48348348348348347,0.5007518796992482,0.4550898203592814,0.2511278195488722,1.5236267645201935,RETRAIN_REQUIRED,False,transition,0.9870334871066366,1,-0.2710455455378741,0.9057926149138869,0.620692506868564,-0.3742100133169781,0.4917293233082707,0.5019136892493948,0.0314542288056095,False,False,0.49624060150375937,forward_catboost_pure_2026_W34.png,backtest_catboost_pure_h5.png,2026-08-25T18:18:12.331524,forward_catboost_pure_2026_W34.png,usdcop_forecast_zoo:catboost_pure:h5:2026-08-21,-0.004008909356239276,CTR-FORECAST-OUTPUT-001
BT_catboost_pure_h5_2026_W34,backtest,catboost_pure,CatBoost,boosting,5,H=5,short,2026-W34,2026,2026-08-21,0.4917293233082707,0.020394065947882935,0.014702881458445767,-0.7813381058503239,0.48348348348348347,0.5007518796992482,0.4550898203592814,0.2511278195488722,1.5236267645201935,RETRAIN_REQUIRED,False,transition,0.9870334871066366,1,-0.2710455455378741,0.9057926149138869,0.620692506868564,-0.3742100133169781,0.4917293233082707,0.5019136892493948,0.0314542288056095,False,False,0.49624060150375937,backtest_catboost_pure_h5.png,backtest_catboost_pure_h5.png,2026-08-25T18:18:12.331524,forward_catboost_pure_2026_W34.png,usdcop_forecast_zoo:catboost_pure:h5:2026-08-21,-0.004008909356239276,CTR-FORECAST-OUTPUT-001
FF_catboost_pure_h10_2026_W34,forward_forecast,catboost_pure,CatBoost,boosting,10,H=10,medium,2026-W34,2026,2026-08-21,0.49774436090225566,0.0,0.0,0.0,0.4294294294294294,0.5007518796992482,0.4311377245508982,0.2511278195488722,1.5236267645201935,RETRAIN_REQUIRED,False,transition,0.9870334871066366,1,-0.3708950169729003,0.828589077676347,0.86516973449085,-0.7162605186470803,0.49774436090225566,0.5019136892493948,0.0314542288056095,False,False,0.5052631578947369,forward_catboost_pure_2026_W34.png,backtest_catboost_pure_h10.png,2026-08-25T18:18:12.331524,forward_catboost_pure_2026_W34.png,usdcop_forecast_zoo:catboost_pure:h10:2026-08-21,-0.004914312292433298,CTR-FORECAST-OUTPUT-001
BT_catboost_pure_h10_2026_W34,backtest,catboost_pure,CatBoost,boosting,10,H=10,medium,2026-W34,2026,2026-08-21,0.49774436090225566,0.03258978842260734,0.0221953500411214,-1.1843232418333436,0.4294294294294294,0.5007518796992482,0.4311377245508982,0.2511278195488722,1.5236267645201935,RETRAIN_REQUIRED,False,transition,0.9870334871066366,1,-0.3708950169729003,0.828589077676347,0.86516973449085,-0.7162605186470803,0.49774436090225566,0.5019136892493948,0.0314542288056095,False,False,0.5052631578947369,backtest_catboost_pure_h10.png,backtest_catboost_pure_h10.png,2026-08-25T18:18:12.331524,forward_catboost_pure_2026_W34.png,usdcop_forecast_zoo:catboost_pure:h10:2026-08-21,-0.004914312292433298,CTR-FORECAST-OUTPUT-001
FF_catboost_pure_h15_2026_W34,forward_forecast,catboost_pure,CatBoost,boosting,15,H=15,medium,2026-W34,2026,2026-08-21,0.4772727272727273,0.0,0.0,0.0,0.45151515151515154,0.5,0.3151515151515151,0.25,1.5236267645201935,RETRAIN_REQUIRED,False,transition,0.9870334871066366,1,-0.48569029349867565,0.7409256047978425,0.9775380514009671,-0.9102288716058635,0.4772727272727273,0.5019136892493948,0.0314542288056095,False,False,0.5272727272727272,forward_catboost_pure_2026_W34.png,backtest_catboost_pure_h15.png,2026-08-25T18:18:12.331524,forward_catboost_pure_2026_W34.png,usdcop_forecast_zoo:catboost_pure:h15:2026-08-21,-0.005895999501889742,CTR-FORECAST-OUTPUT-001
BT_catboost_pure_h15_2026_W34,backtest,catboost_pure,CatBoost,boosting,15,H=15,medium,2026-W34,2026,2026-08-21,0.4772727272727273,0.03744865233718263,0.0267833558279185,-0.8781324273472804,0.45151515151515154,0.5,0.3151515151515151,0.25,1.5236267645201935,RETRAIN_REQUIRED,False,transition,0.9870334871066366,1,-0.48569029349867565,0.7409256047978425,0.9775380514009671,-0.9102288716058635,0.4772727272727273,0.5019136892493948,0.0314542288056095,False,False,0.5272727272727272,backtest_catboost_pure_h15.png,backtest_catboost_pure_h15.png,2026-08-25T18:18:12.331524,forward_catboost_pure_2026_W34.png,usdcop_forecast_zoo:catboost_pure:h15:2026-08-21,-0.005895999501889742,CTR-FORECAST-OUTPUT-001
FF_catboost_pure_h20_2026_W34,forward_forecast,catboost_pure,CatBoost,boosting,20,H=20,medium,2026-W34,2026,2026-08-21,0.5075757575757576,0.0,0.0,0.0,0.4303030303030303,0.5,0.38181818181818183,0.25,1.5236267645201935,RETRAIN_REQUIRED,False,transition,0.9870334871066366,1,-0.513159574936902,0.6929665032603238,0.9812097493398626,-0.9645066594419951,0.5075757575757576,0.5019136892493948,0.0314542288056095,False,False,0.5409090909090909,forward_catboost_pure_2026_W34.png,backtest_catboost_pure_h20.png,2026-08-25T18:18:12.331524,forward_catboost_pure_2026_W34.png,usdcop_forecast_zoo:catboost_pure:h20:2026-08-21,-0.009029292387054903,CTR-FORECAST-OUTPUT-001
BT_catboost_pure_h20_2026_W34,backtest,catboost_pure,CatBoost,boosting,20,H=20,medium,2026-W34,2026,2026-08-21,0.5075757575757576,0.0405304084843937,0.028930433495928977,-0.6989448613896057,0.4303030303030303,0.5,0.38181818181818183,0.25,1.5236267645201935,RETRAIN_REQUIRED,False,transition,0.9870334871066366,1,-0.513159574936902,0.6929665032603238,0.9812097493398626,-0.9645066594419951,0.5075757575757576,0.5019136892493948,0.0314542288056095,False,False,0.5409090909090909,backtest_catboost_pure_h20.png,backtest_catboost_pure_h20.png,2026-08-25T18:18:12.331524,forward_catboost_pure_2026_W34.png,usdcop_forecast_zoo:catboost_pure:h20:2026-08-21,-0.009029292387054903,CTR-FORECAST-OUTPUT-001
FF_catboost_pure_h25_2026_W34,forward_forecast,catboost_pure,CatBoost,boosting,25,H=25,long,2026-W34,2026,2026-08-21,0.5196969696969697,0.0,0.0,0.0,0.3878787878787879,0.5,0.36363636363636365,0.25,1.5236267645201935,RETRAIN_REQUIRED,False,transition,0.9870334871066366,1,-0.4548851873344481,0.6905995136093427,0.9858941007801009,-0.9755734480408631,0.5196969696969697,0.5019136892493948,0.0314542288056095,False,False,0.5515151515151515,forward_catboost_pure_2026_W34.png,backtest_catboost_pure_h25.png,2026-08-25T18:18:12.331524,forward_catboost_pure_2026_W34.png,usdcop_forecast_zoo:catboost_pure:h25:2026-08-21,-0.0028785828956248358,CTR-FORECAST-OUTPUT-001
BT_catboost_pure_h25_2026_W34,backtest,catboost_pure,CatBoost,boosting,25,H=25,long,2026-W34,2026,2026-08-21,0.5196969696969697,0.03845638872002133,0.028891093489452693,-0.26172306123370936,0.3878787878787879,0.5,0.36363636363636365,0.25,1.5236267645201935,RETRAIN_REQUIRED,False,transition,0.9870334871066366,1,-0.4548851873344481,0.6905995136093427,0.9858941007801009,-0.9755734480408631,0.5196969696969697,0.5019136892493948,0.0314542288056095,False,False,0.5515151515151515,backtest_catboost_pure_h25.png,backtest_catboost_pure_h25.png,2026-08-25T18:18:12.331524,forward_catboost_pure_2026_W34.png,usdcop_forecast_zoo:catboost_pure:h25:2026-08-21,-0.0028785828956248358,CTR-FORECAST-OUTPUT-001
FF_catboost_pure_h30_2026_W34,forward_forecast,catboost_pure,CatBoost,boosting,30,H=30,long,2026-W34,2026,2026-08-21,0.48854961832061067,0.0,0.0,0.0,0.39939024390243905,0.500763358778626,0.3353658536585366,0.250381679389313,1.5236267645201935,RETRAIN_REQUIRED,False,transition,0.9870334871066366,1,-0.5437480075507002,0.6107545430599668,0.996273298226224,-0.9941394280797429,0.48854961832061067,0.5019136892493948,0.0314542288056095,False,False,0.5572519083969466,forward_catboost_pure_2026_W34.png,backtest_catboost_pure_h30.png,2026-08-25T18:18:12.331524,forward_catboost_pure_2026_W34.png,usdcop_forecast_zoo:catboost_pure:h30:2026-08-21,-0.0036217505950623704,CTR-FORECAST-OUTPUT-001
BT_catboost_pure_h30_2026_W34,backtest,catboost_pure,CatBoost,boosting,30,H=30,long,2026-W34,2026,2026-08-21,0.48854961832061067,0.04190851898587179,0.03139180694193008,-0.2638254216002258,0.39939024390243905,0.500763358778626,0.3353658536585366,0.250381679389313,1.5236267645201935,RETRAIN_REQUIRED,False,transition,0.9870334871066366,1,-0.5437480075507002,0.6107545430599668,0.996273298226224,-0.9941394280797429,0.48854961832061067,0.5019136892493948,0.0314542288056095,False,False,0.5572519083969466,backtest_catboost_pure_h30.png,backtest_catboost_pure_h30.png,2026-08-25T18:18:12.331524,forward_catboost_pure_2026_W34.png,usdcop_forecast_zoo:catboost_pure:h30:2026-08-21,-0.0036217505950623704,CTR-FORECAST-OUTPUT-001
FF_hybrid_xgboost_h1_2026_W34,forward_forecast,hybrid_xgboost,Hybrid XGBoost,hybrid,1,H=1,short,2026-W34,2026,2026-08-21,0.4917293233082707,0.0,0.0,0.0,0.5105105105105106,0.5007518796992482,0.5089820359281437,0.2511278195488722,1.5236267645201935,RETRAIN_REQUIRED,False,transition,0.9870334871066366,1,-0.345978495300805,0.94329049645274,0.23871837770920531,-0.11665660604164207,0.4917293233082707,0.500290120065704,0.029769835488942326,False,False,0.530827067669173,forward_hybrid_xgboost_2026_W34.png,backtest_hybrid_xgboost_h1.png,2026-08-25T18:18:12.331524,forward_hybrid_xgboost_2026_W34.png,usdcop_forecast_zoo:hybrid_xgboost:h1:2026-08-21,8.979843500063169e-05,CTR-FORECAST-OUTPUT-001
BT_hybrid_xgboost_h1_2026_W34,backtest,hybrid_xgboost,Hybrid XGBoost,hybrid,1,H=1,short,2026-W34,2026,2026-08-21,0.4917293233082707,0.007669243168839756,0.005762840898694668,-0.09765576067851778,0.5105105105105106,0.5007518796992482,0.5089820359281437,0.2511278195488722,1.5236267645201935,RETRAIN_REQUIRED,False,transition,0.9870334871066366,1,-0.345978495300805,0.94329049645274,0.23871837770920531,-0.11665660604164207,0.4917293233082707,0.500290120065704,0.029769835488942326,False,False,0.530827067669173,backtest_hybrid_xgboost_h1.png,backtest_hybrid_xgboost_h1.png,2026-08-25T18:18:12.331524,forward_hybrid_xgboost_2026_W34.png,usdcop_forecast_zoo:hybrid_xgboost:h1:2026-08-21,8.979843500063169e-05,CTR-FORECAST-OUTPUT-001
FF_hybrid_xgboost_h5_2026_W34,forward_forecast,hybrid_xgboost,Hybrid XGBoost,hybrid,5,H=5,short,2026-W34,2026,2026-08-21,0.47969924812030074,0.0,0.0,0.0,0.4924924924924925,0.5007518796992482,0.49101796407185627,0.2511278195488722,1.5236267645201935,RETRAIN_REQUIRED,False,transition,0.9870334871066366,1,-0.43012840721817375,0.8546708764412179,0.6221187308866695,-0.5020176371680201,0.47969924812030074,0.500290120065704,0.029769835488942326,False,False,0.49624060150375937,forward_hybrid_xgboost_2026_W34.png,backtest_hybrid_xgboost_h5.png,2026-08-25T18:18:12.331524,forward_hybrid_xgboost_2026_W34.png,usdcop_forecast_zoo:hybrid_xgboost:h5:2026-08-21,-0.0006373386288812607,CTR-FORECAST-OUTPUT-001
BT_hybrid_xgboost_h5_2026_W34,backtest,hybrid_xgboost,Hybrid XGBoost,hybrid,5,H=5,short,2026-W34,2026,2026-08-21,0.47969924812030074,0.0174321744847688,0.013356649084998213,-0.3014930345555773,0.4924924924924925,0.5007518796992482,0.49101796407185627,0.2511278195488722,1.5236267645201935,RETRAIN_REQUIRED,False,transition,0.9870334871066366,1,-0.43012840721817375,0.8546708764412179,0.6221187308866695,-0.5020176371680201,0.47969924812030074,0.500290120065704,0.029769835488942326,False,False,0.49624060150375937,backtest_hybrid_xgboost_h5.png,backtest_hybrid_xgboost_h5.png,2026-08-25T18:18:12.331524,forward_hybrid_xgboost_2026_W34.png,usdcop_forecast_zoo:hybrid_xgboost:h5:2026-08-21,-0.0006373386288812607,CTR-FORECAST-OUTPUT-001
FF_hybrid_xgboost_h10_2026_W34,forward_forecast,hybrid_xgboost,Hybrid XGBoost,hybrid,10,H=10,medium,2026-W34,2026,2026-08-21,0.48721804511278194,0.0,0.0,0.0,0.45345345345345345,0.5007518796992482,0.32934131736526945,0.2511278195488722,1.5236267645201935,RETRAIN_REQUIRED,False,transition,0.9870334871066366,1,-0.33143348236170483,0.8453387534890445,0.8645416824788834,-0.6813393596467625,0.48721804511278194,0.500290120065704,0.029769835488942326,False,False,0.5052631578947369,forward_hybrid_xgboost_2026_W34.png,backtest_hybrid_xgboost_h10.png,2026-08-25T18:18:12.331524,forward_hybrid_xgboost_2026_W34.png,usdcop_forecast_zoo:hybrid_xgboost:h10:2026-08-21,0.0003549888818310844,CTR-FORECAST-OUTPUT-001
BT_hybrid_xgboost_h10_2026_W34,backtest,hybrid_xgboost,Hybrid XGBoost,hybrid,10,H=10,medium,2026-W34,2026,2026-08-21,0.48721804511278194,0.025370233079820736,0.01949822550622603,-0.32374014288605535,0.45345345345345345,0.5007518796992482,0.32934131736526945,0.2511278195488722,1.5236267645201935,RETRAIN_REQUIRED,False,transition,0.9870334871066366,1,-0.33143348236170483,0.8453387534890445,0.8645416824788834,-0.6813393596467625,0.48721804511278194,0.500290120065704,0.029769835488942326,False,False,0.5052631578947369,backtest_hybrid_xgboost_h10.png,backtest_hybrid_xgboost_h10.png,2026-08-25T18:18:12.331524,forward_hybrid_xgboost_2026_W34.png,usdcop_forecast_zoo:hybrid_xgboost:h10:2026-08-21,0.0003549888818310844,CTR-FORECAST-OUTPUT-001
FF_hybrid_xgboost_h15_2026_W34,forward_forecast,hybrid_xgboost,Hybrid XGBoost,hybrid,15,H=15,medium,2026-W34,2026,2026-08-21,0.48787878787878786,0.0,0.0,0.0,0.503030303030303,0.5,0.4,0.25,1.5236267645201935,RETRAIN_REQUIRED,False,transition,0.9870334871066366,1,-0.3358691457575455,0.8127712302938143,0.9463616255325693,-0.8263775772419902,0.48787878787878786,0.500290120065704,0.029769835488942326,False,False,0.5272727272727272,forward_hybrid_xgboost_2026_W34.png,backtest_hybrid_xgboost_h15.png,2026-08-25T18:18:12.331524,forward_hybrid_xgboost_2026_W34.png,usdcop_forecast_zoo:hybrid_xgboost:h15:2026-08-21,0.002683207508745627,CTR-FORECAST-OUTPUT-001
BT_hybrid_xgboost_h15_2026_W34,backtest,hybrid_xgboost,Hybrid XGBoost,hybrid,15,H=15,medium,2026-W34,2026,2026-08-21,0.48787878787878786,0.03292503207623805,0.02478096418569466,-0.45179814736906176,0.503030303030303,0.5,0.4,0.25,1.5236267645201935,RETRAIN_REQUIRED,False,transition,0.9870334871066366,1,-0.3358691457575455,0.8127712302938143,0.9463616255325693,-0.8263775772419902,0.48787878787878786,0.500290120065704,0.029769835488942326,False,False,0.5272727272727272,backtest_hybrid_xgboost_h15.png,backtest_hybrid_xgboost_h15.png,2026-08-25T18:18:12.331524,forward_hybrid_xgboost_2026_W34.png,usdcop_forecast_zoo:hybrid_xgboost:h15:2026-08-21,0.002683207508745627,CTR-FORECAST-OUTPUT-001
FF_hybrid_xgboost_h20_2026_W34,forward_forecast,hybrid_xgboost,Hybrid XGBoost,hybrid,20,H=20,medium,2026-W34,2026,2026-08-21,0.5060606060606061,0.0,0.0,0.0,0.48787878787878786,0.5,0.44242424242424244,0.25,1.5236267645201935,RETRAIN_REQUIRED,False,transition,0.9870334871066366,1,-0.22466755422001566,0.8517385291850907,0.9676789632188865,-0.8099145625567357,0.5060606060606061,0.500290120065704,0.029769835488942326,False,False,0.5409090909090909,forward_hybrid_xgboost_2026_W34.png,backtest_hybrid_xgboost_h20.png,2026-08-25T18:18:12.331524,forward_hybrid_xgboost_2026_W34.png,usdcop_forecast_zoo:hybrid_xgboost:h20:2026-08-21,0.0015928352423702176,CTR-FORECAST-OUTPUT-001
BT_hybrid_xgboost_h20_2026_W34,backtest,hybrid_xgboost,Hybrid XGBoost,hybrid,20,H=20,medium,2026-W34,2026,2026-08-21,0.5060606060606061,0.038858507168363955,0.0283135781320865,-0.5616710056184326,0.48787878787878786,0.5,0.44242424242424244,0.25,1.5236267645201935,RETRAIN_REQUIRED,False,transition,0.9870334871066366,1,-0.22466755422001566,0.8517385291850907,0.9676789632188865,-0.8099145625567357,0.5060606060606061,0.500290120065704,0.029769835488942326,False,False,0.5409090909090909,backtest_hybrid_xgboost_h20.png,backtest_hybrid_xgboost_h20.png,2026-08-25T18:18:12.331524,forward_hybrid_xgboost_2026_W34.png,usdcop_forecast_zoo:hybrid_xgboost:h20:2026-08-21,0.0015928352423702176,CTR-FORECAST-OUTPUT-001
FF_hybrid_xgboost_h25_2026_W34,forward_forecast,hybrid_xgboost,Hybrid XGBoost,hybrid,25,H=25,long,2026-W34,2026,2026-08-21,0.5227272727272727,0.0,0.0,0.0,0.5272727272727272,0.5,0.46060606060606063,0.25,1.5236267645201935,RETRAIN_REQUIRED,False,transition,0.9870334871066366,1,-0.1944916434190224,0.8537394620094366,0.9858941007801009,-0.840383180514316,0.5227272727272727,0.500290120065704,0.029769835488942326,False,False,0.5515151515151515,forward_hybrid_xgboost_2026_W34.png,backtest_hybrid_xgboost_h25.png,2026-08-25T18:18:12.331524,forward_hybrid_xgboost_2026_W34.png,usdcop_forecast_zoo:hybrid_xgboost:h25:2026-08-21,0.008256133699059823,CTR-FORECAST-OUTPUT-001
BT_hybrid_xgboost_h25_2026_W34,backtest,hybrid_xgboost,Hybrid XGBoost,hybrid,25,H=25,long,2026-W34,2026,2026-08-21,0.5227272727272727,0.041114399106046924,0.02954386470022074,-0.44216495420818713,0.5272727272727272,0.5,0.46060606060606063,0.25,1.5236267645201935,RETRAIN_REQUIRED,False,transition,0.9870334871066366,1,-0.1944916434190224,0.8537394620094366,0.9858941007801009,-0.840383180514316,0.5227272727272727,0.500290120065704,0.029769835488942326,False,False,0.5515151515151515,backtest_hybrid_xgboost_h25.png,backtest_hybrid_xgboost_h25.png,2026-08-25T18:18:12.331524,forward_hybrid_xgboost_2026_W34.png,usdcop_forecast_zoo:hybrid_xgboost:h25:2026-08-21,0.008256133699059823,CTR-FORECAST-OUTPUT-001
FF_hybrid_xgboost_h30_2026_W34,forward_forecast,hybrid_xgboost,Hybrid XGBoost,hybrid,30,H=30,long,2026-W34,2026,2026-08-21,0.5267175572519084,0.0,0.0,0.0,0.5640243902439024,0.500763358778626,0.5182926829268293,0.250381679389313,1.5236267645201935,RETRAIN_REQUIRED,False,transition,0.9870334871066366,1,-0.20973752934202478,0.8271663808178399,0.9909436106873385,-0.900923671062302,0.5267175572519084,0.500290120065704,0.029769835488942326,False,False,0.5572519083969466,forward_hybrid_xgboost_2026_W34.png,backtest_hybrid_xgboost_h30.png,2026-08-25T18:18:12.331524,forward_hybrid_xgboost_2026_W34.png,usdcop_forecast_zoo:hybrid_xgboost:h30:2026-08-21,0.009163291078462315,CTR-FORECAST-OUTPUT-001
BT_hybrid_xgboost_h30_2026_W34,backtest,hybrid_xgboost,Hybrid XGBoost,hybrid,30,H=30,long,2026-W34,2026,2026-08-21,0.5267175572519084,0.04501925933851806,0.032331631425462644,-0.4584083804406942,0.5640243902439024,0.500763358778626,0.5182926829268293,0.250381679389313,1.5236267645201935,RETRAIN_REQUIRED,False,transition,0.9870334871066366,1,-0.20973752934202478,0.8271663808178399,0.9909436106873385,-0.900923671062302,0.5267175572519084,0.500290120065704,0.029769835488942326,False,False,0.5572519083969466,backtest_hybrid_xgboost_h30.png,backtest_hybrid_xgboost_h30.png,2026-08-25T18:18:12.331524,forward_hybrid_xgboost_2026_W34.png,usdcop_forecast_zoo:hybrid_xgboost:h30:2026-08-21,0.009163291078462315,CTR-FORECAST-OUTPUT-001
FF_hybrid_lightgbm_h1_2026_W34,forward_forecast,hybrid_lightgbm,Hybrid LightGBM,hybrid,1,H=1,short,2026-W34,2026,2026-08-21,0.4992481203007519,0.0,0.0,0.0,0.5255255255255256,0.5007518796992482,0.49700598802395207,0.2511278195488722,1.5236267645201935,RETRAIN_REQUIRED,False,transition,0.9870334871066366,1,-0.03269564869091609,0.9944983260644631,0.15623674487224862,-0.027502054948232546,0.4992481203007519,0.5009477818666822,0.029914667133528545,False,False,0.530827067669173,forward_hybrid_lightgbm_2026_W34.png,backtest_hybrid_lightgbm_h1.png,2026-08-25T18:18:12.331524,forward_hybrid_lightgbm_2026_W34.png,usdcop_forecast_zoo:hybrid_lightgbm:h1:2026-08-21,0.00010066504925436466,CTR-FORECAST-OUTPUT-001
BT_hybrid_lightgbm_h1_2026_W34,backtest,hybrid_lightgbm,Hybrid LightGBM,hybrid,1,H=1,short,2026-W34,2026,2026-08-21,0.4992481203007519,0.00763080649293902,0.005726835085260917,-0.08668088000780028,0.5255255255255256,0.5007518796992482,0.49700598802395207,0.2511278195488722,1.5236267645201935,RETRAIN_REQUIRED,False,transition,0.9870334871066366,1,-0.03269564869091609,0.9944983260644631,0.15623674487224862,-0.027502054948232546,0.4992481203007519,0.5009477818666822,0.029914667133528545,False,False,0.530827067669173,backtest_hybrid_lightgbm_h1.png,backtest_hybrid_lightgbm_h1.png,2026-08-25T18:18:12.331524,forward_hybrid_lightgbm_2026_W34.png,usdcop_forecast_zoo:hybrid_lightgbm:h1:2026-08-21,0.00010066504925436466,CTR-FORECAST-OUTPUT-001
FF_hybrid_lightgbm_h5_2026_W34,forward_forecast,hybrid_lightgbm,Hybrid LightGBM,hybrid,5,H=5,short,2026-W34,2026,2026-08-21,0.48120300751879697,0.0,0.0,0.0,0.5015015015015015,0.5007518796992482,0.48502994011976047,0.2511278195488722,1.5236267645201935,RETRAIN_REQUIRED,False,transition,0.9870334871066366,1,-0.4512896850726865,0.8480900698298186,0.6207567004296973,-0.5169023821038461,0.48120300751879697,0.5009477818666822,0.029914667133528545,False,False,0.49624060150375937,forward_hybrid_lightgbm_2026_W34.png,backtest_hybrid_lightgbm_h5.png,2026-08-25T18:18:12.331524,forward_hybrid_lightgbm_2026_W34.png,usdcop_forecast_zoo:hybrid_lightgbm:h5:2026-08-21,-0.001439657180538359,CTR-FORECAST-OUTPUT-001
BT_hybrid_lightgbm_h5_2026_W34,backtest,hybrid_lightgbm,Hybrid LightGBM,hybrid,5,H=5,short,2026-W34,2026,2026-08-21,0.48120300751879697,0.01747490643413921,0.013377470072424638,-0.3078816236757447,0.5015015015015015,0.5007518796992482,0.48502994011976047,0.2511278195488722,1.5236267645201935,RETRAIN_REQUIRED,False,transition,0.9870334871066366,1,-0.4512896850726865,0.8480900698298186,0.6207567004296973,-0.5169023821038461,0.48120300751879697,0.5009477818666822,0.029914667133528545,False,False,0.49624060150375937,backtest_hybrid_lightgbm_h5.png,backtest_hybrid_lightgbm_h5.png,2026-08-25T18:18:12.331524,forward_hybrid_lightgbm_2026_W34.png,usdcop_forecast_zoo:hybrid_lightgbm:h5:2026-08-21,-0.001439657180538359,CTR-FORECAST-OUTPUT-001
FF_hybrid_lightgbm_h10_2026_W34,forward_forecast,hybrid_lightgbm,Hybrid LightGBM,hybrid,10,H=10,medium,2026-W34,2026,2026-08-21,0.48120300751879697,0.0,0.0,0.0,0.44744744744744747,0.5007518796992482,0.32335329341317365,0.2511278195488722,1.5236267645201935,RETRAIN_REQUIRED,False,transition,0.9870334871066366,1,-0.35657358478590173,0.8346294378988109,0.8669099698399613,-0.7040059542084535,0.48120300751879697,0.5009477818666822,0.029914667133528545,False,False,0.5052631578947369,forward_hybrid_lightgbm_2026_W34.png,backtest_hybrid_lightgbm_h10.png,2026-08-25T18:18:12.331524,forward_hybrid_lightgbm_2026_W34.png,usdcop_forecast_zoo:hybrid_lightgbm:h10:2026-08-21,0.0003286132378600205,CTR-FORECAST-OUTPUT-001
BT_hybrid_lightgbm_h10_2026_W34,backtest,hybrid_lightgbm,Hybrid LightGBM,hybrid,10,H=10,medium,2026-W34,2026,2026-08-21,0.48120300751879697,0.025451560993284605,0.01957422437767995,-0.3322406228343133,0.44744744744744747,0.5007518796992482,0.32335329341317365,0.2511278195488722,1.5236267645201935,RETRAIN_REQUIRED,False,transition,0.9870334871066366,1,-0.35657358478590173,0.8346294378988109,0.8669099698399613,-0.7040059542084535,0.48120300751879697,0.5009477818666822,0.029914667133528545,False,False,0.5052631578947369,backtest_hybrid_lightgbm_h10.png,backtest_hybrid_lightgbm_h10.png,2026-08-25T18:18:12.331524,forward_hybrid_lightgbm_2026_W34.png,usdcop_forecast_zoo:hybrid_lightgbm:h10:2026-08-21,0.0003286132378600205,CTR-FORECAST-OUTPUT-001
FF_hybrid_lightgbm_h15_2026_W34,forward_forecast,hybrid_lightgbm,Hybrid LightGBM,hybrid,15,H=15,medium,2026-W34,2026,2026-08-21,0.48484848484848486,0.0,0.0,0.0,0.48787878787878786,0.5,0.3939393939393939,0.25,1.5236267645201935,RETRAIN_REQUIRED,False,transition,0.9870334871066366,1,-0.41215753739364136,0.7753643095314497,0.969874308893671,-0.8759989821293964,0.48484848484848486,0.5009477818666822,0.029914667133528545,False,False,0.5272727272727272,forward_hybrid_lightgbm_2026_W34.png,backtest_hybrid_lightgbm_h15.png,2026-08-25T18:18:12.331524,forward_hybrid_lightgbm_2026_W34.png,usdcop_forecast_zoo:hybrid_lightgbm:h15:2026-08-21,0.002670771520521224,CTR-FORECAST-OUTPUT-001
BT_hybrid_lightgbm_h15_2026_W34,backtest,hybrid_lightgbm,Hybrid LightGBM,hybrid,15,H=15,medium,2026-W34,2026,2026-08-21,0.48484848484848486,0.03307491740714088,0.025050277122710442,-0.46504633769323966,0.48787878787878786,0.5,0.3939393939393939,0.25,1.5236267645201935,RETRAIN_REQUIRED,False,transition,0.9870334871066366,1,-0.41215753739364136,0.7753643095314497,0.969874308893671,-0.8759989821293964,0.48484848484848486,0.5009477818666822,0.029914667133528545,False,False,0.5272727272727272,backtest_hybrid_lightgbm_h15.png,backtest_hybrid_lightgbm_h15.png,2026-08-25T18:18:12.331524,forward_hybrid_lightgbm_2026_W34.png,usdcop_forecast_zoo:hybrid_lightgbm:h15:2026-08-21,0.002670771520521224,CTR-FORECAST-OUTPUT-001
FF_hybrid_lightgbm_h20_2026_W34,forward_forecast,hybrid_lightgbm,Hybrid LightGBM,hybrid,20,H=20,medium,2026-W34,2026,2026-08-21,0.5045454545454545,0.0,0.0,0.0,0.4818181818181818,0.5,0.42424242424242425,0.25,1.5236267645201935,RETRAIN_REQUIRED,False,transition,0.9870334871066366,1,-0.2296172327473232,0.8487316579053938,0.9676789632188865,-0.8153606510295957,0.5045454545454545,0.5009477818666822,0.029914667133528545,False,False,0.5409090909090909,forward_hybrid_lightgbm_2026_W34.png,backtest_hybrid_lightgbm_h20.png,2026-08-25T18:18:12.331524,forward_hybrid_lightgbm_2026_W34.png,usdcop_forecast_zoo:hybrid_lightgbm:h20:2026-08-21,0.0033400784791746212,CTR-FORECAST-OUTPUT-001
BT_hybrid_lightgbm_h20_2026_W34,backtest,hybrid_lightgbm,Hybrid LightGBM,hybrid,20,H=20,medium,2026-W34,2026,2026-08-21,0.5045454545454545,0.03886182558744423,0.02872845821444966,-0.5619377425837258,0.4818181818181818,0.5,0.42424242424242425,0.25,1.5236267645201935,RETRAIN_REQUIRED,False,transition,0.9870334871066366,1,-0.2296172327473232,0.8487316579053938,0.9676789632188865,-0.8153606510295957,0.5045454545454545,0.5009477818666822,0.029914667133528545,False,False,0.5409090909090909,backtest_hybrid_lightgbm_h20.png,backtest_hybrid_lightgbm_h20.png,2026-08-25T18:18:12.331524,forward_hybrid_lightgbm_2026_W34.png,usdcop_forecast_zoo:hybrid_lightgbm:h20:2026-08-21,0.0033400784791746212,CTR-FORECAST-OUTPUT-001
FF_hybrid_lightgbm_h25_2026_W34,forward_forecast,hybrid_lightgbm,Hybrid LightGBM,hybrid,25,H=25,long,2026-W34,2026,2026-08-21,0.5181818181818182,0.0,0.0,0.0,0.5272727272727272,0.5,0.45454545454545453,0.25,1.5236267645201935,RETRAIN_REQUIRED,False,transition,0.9870334871066366,1,-0.18348206901129055,0.8614187226368274,0.9858941007801009,-0.8270412986005642,0.5181818181818182,0.5009477818666822,0.029914667133528545,False,False,0.5515151515151515,forward_hybrid_lightgbm_2026_W34.png,backtest_hybrid_lightgbm_h25.png,2026-08-25T18:18:12.331524,forward_hybrid_lightgbm_2026_W34.png,usdcop_forecast_zoo:hybrid_lightgbm:h25:2026-08-21,0.009373197680368772,CTR-FORECAST-OUTPUT-001
BT_hybrid_lightgbm_h25_2026_W34,backtest,hybrid_lightgbm,Hybrid LightGBM,hybrid,25,H=25,long,2026-W34,2026,2026-08-21,0.5181818181818182,0.04148767690224625,0.029781966279229587,-0.4684706723690144,0.5272727272727272,0.5,0.45454545454545453,0.25,1.5236267645201935,RETRAIN_REQUIRED,False,transition,0.9870334871066366,1,-0.18348206901129055,0.8614187226368274,0.9858941007801009,-0.8270412986005642,0.5181818181818182,0.5009477818666822,0.029914667133528545,False,False,0.5515151515151515,backtest_hybrid_lightgbm_h25.png,backtest_hybrid_lightgbm_h25.png,2026-08-25T18:18:12.331524,forward_hybrid_lightgbm_2026_W34.png,usdcop_forecast_zoo:hybrid_lightgbm:h25:2026-08-21,0.009373197680368772,CTR-FORECAST-OUTPUT-001
FF_hybrid_lightgbm_h30_2026_W34,forward_forecast,hybrid_lightgbm,Hybrid LightGBM,hybrid,30,H=30,long,2026-W34,2026,2026-08-21,0.5374045801526718,0.0,0.0,0.0,0.5365853658536586,0.500763358778626,0.5182926829268293,0.250381679389313,1.5236267645201935,RETRAIN_REQUIRED,False,transition,0.9870334871066366,1,-0.16119444426754867,0.8643222661105712,0.9909436106873386,-0.8493108144771921,0.5374045801526718,0.5009477818666822,0.029914667133528545,False,False,0.5572519083969466,forward_hybrid_lightgbm_2026_W34.png,backtest_hybrid_lightgbm_h30.png,2026-08-25T18:18:12.331524,forward_hybrid_lightgbm_2026_W34.png,usdcop_forecast_zoo:hybrid_lightgbm:h30:2026-08-21,0.00896921582597699,CTR-FORECAST-OUTPUT-001
BT_hybrid_lightgbm_h30_2026_W34,backtest,hybrid_lightgbm,Hybrid LightGBM,hybrid,30,H=30,long,2026-W34,2026,2026-08-21,0.5374045801526718,0.045420976117505604,0.03260398820814578,-0.4845519037428496,0.5365853658536586,0.500763358778626,0.5182926829268293,0.250381679389313,1.5236267645201935,RETRAIN_REQUIRED,False,transition,0.9870334871066366,1,-0.16119444426754867,0.8643222661105712,0.9909436106873386,-0.8493108144771921,0.5374045801526718,0.5009477818666822,0.029914667133528545,False,False,0.5572519083969466,backtest_hybrid_lightgbm_h30.png,backtest_hybrid_lightgbm_h30.png,2026-08-25T18:18:12.331524,forward_hybrid_lightgbm_2026_W34.png,usdcop_forecast_zoo:hybrid_lightgbm:h30:2026-08-21,0.00896921582597699,CTR-FORECAST-OUTPUT-001
FF_hybrid_catboost_h1_2026_W34,forward_forecast,hybrid_catboost,Hybrid CatBoost,hybrid,1,H=1,short,2026-W34,2026,2026-08-21,0.5218045112781955,0.0,0.0,0.0,0.5375375375375375,0.5007518796992482,0.49101796407185627,0.2511278195488722,1.5236267645201935,RETRAIN_REQUIRED,False,transition,0.9870334871066366,1,0.08643250617232626,1.014690996274016,0.2257207417667109,0.008710511586204062,0.5218045112781955,0.49789772587511205,0.03133317698214198,False,False,0.530827067669173,forward_hybrid_catboost_2026_W34.png,backtest_hybrid_catboost_h1.png,2026-08-25T18:18:12.331524,forward_hybrid_catboost_2026_W34.png,usdcop_forecast_zoo:hybrid_catboost:h1:2026-08-21,-0.00015735284645964877,CTR-FORECAST-OUTPUT-001
BT_hybrid_catboost_h1_2026_W34,backtest,hybrid_catboost,Hybrid CatBoost,hybrid,1,H=1,short,2026-W34,2026,2026-08-21,0.5218045112781955,0.008251990002841367,0.006119439647220705,-0.2708038765744585,0.5375375375375375,0.5007518796992482,0.49101796407185627,0.2511278195488722,1.5236267645201935,RETRAIN_REQUIRED,False,transition,0.9870334871066366,1,0.08643250617232626,1.014690996274016,0.2257207417667109,0.008710511586204062,0.5218045112781955,0.49789772587511205,0.03133317698214198,False,False,0.530827067669173,backtest_hybrid_catboost_h1.png,backtest_hybrid_catboost_h1.png,2026-08-25T18:18:12.331524,forward_hybrid_catboost_2026_W34.png,usdcop_forecast_zoo:hybrid_catboost:h1:2026-08-21,-0.00015735284645964877,CTR-FORECAST-OUTPUT-001
FF_hybrid_catboost_h5_2026_W34,forward_forecast,hybrid_catboost,Hybrid CatBoost,hybrid,5,H=5,short,2026-W34,2026,2026-08-21,0.47518796992481205,0.0,0.0,0.0,0.4774774774774775,0.5007518796992482,0.4431137724550898,0.2511278195488722,1.5236267645201935,RETRAIN_REQUIRED,False,transition,0.9870334871066366,1,-0.2696219659385242,0.9062635377575056,0.6207567004296972,-0.3729073863310475,0.47518796992481205,0.49789772587511205,0.03133317698214198,False,False,0.49624060150375937,forward_hybrid_catboost_2026_W34.png,backtest_hybrid_catboost_h5.png,2026-08-25T18:18:12.331524,forward_hybrid_catboost_2026_W34.png,usdcop_forecast_zoo:hybrid_catboost:h5:2026-08-21,-0.0024466352899460636,CTR-FORECAST-OUTPUT-001
BT_hybrid_catboost_h5_2026_W34,backtest,hybrid_catboost,Hybrid CatBoost,hybrid,5,H=5,short,2026-W34,2026,2026-08-21,0.47518796992481205,0.018998955229591493,0.014147922767666236,-0.5459596635340791,0.4774774774774775,0.5007518796992482,0.4431137724550898,0.2511278195488722,1.5236267645201935,RETRAIN_REQUIRED,False,transition,0.9870334871066366,1,-0.2696219659385242,0.9062635377575056,0.6207567004296972,-0.3729073863310475,0.47518796992481205,0.49789772587511205,0.03133317698214198,False,False,0.49624060150375937,backtest_hybrid_catboost_h5.png,backtest_hybrid_catboost_h5.png,2026-08-25T18:18:12.331524,forward_hybrid_catboost_2026_W34.png,usdcop_forecast_zoo:hybrid_catboost:h5:2026-08-21,-0.0024466352899460636,CTR-FORECAST-OUTPUT-001
FF_hybrid_catboost_h10_2026_W34,forward_forecast,hybrid_catboost,Hybrid CatBoost,hybrid,10,H=10,medium,2026-W34,2026,2026-08-21,0.4691729323308271,0.0,0.0,0.0,0.44744744744744747,0.5007518796992482,0.3592814371257485,0.2511278195488722,1.5236267645201935,RETRAIN_REQUIRED,False,transition,0.9870334871066366,1,-0.5784853242634244,0.7457488175616835,0.9142137019588995,-0.8450823766902665,0.4691729323308271,0.49789772587511205,0.03133317698214198,False,False,0.5052631578947369,forward_hybrid_catboost_2026_W34.png,backtest_hybrid_catboost_h10.png,2026-08-25T18:18:12.331524,forward_hybrid_catboost_2026_W34.png,usdcop_forecast_zoo:hybrid_catboost:h10:2026-08-21,-0.0016166179014154326,CTR-FORECAST-OUTPUT-001
BT_hybrid_catboost_h10_2026_W34,backtest,hybrid_catboost,Hybrid CatBoost,hybrid,10,H=10,medium,2026-W34,2026,2026-08-21,0.4691729323308271,0.030005783884607447,0.021531164375072603,-0.8516708033134264,0.44744744744744747,0.5007518796992482,0.3592814371257485,0.2511278195488722,1.5236267645201935,RETRAIN_REQUIRED,False,transition,0.9870334871066366,1,-0.5784853242634244,0.7457488175616835,0.9142137019588995,-0.8450823766902665,0.4691729323308271,0.49789772587511205,0.03133317698214198,False,False,0.5052631578947369,backtest_hybrid_catboost_h10.png,backtest_hybrid_catboost_h10.png,2026-08-25T18:18:12.331524,forward_hybrid_catboost_2026_W34.png,usdcop_forecast_zoo:hybrid_catboost:h10:2026-08-21,-0.0016166179014154326,CTR-FORECAST-OUTPUT-001
FF_hybrid_catboost_h15_2026_W34,forward_forecast,hybrid_catboost,Hybrid CatBoost,hybrid,15,H=15,medium,2026-W34,2026,2026-08-21,0.47424242424242424,0.0,0.0,0.0,0.48484848484848486,0.5,0.3939393939393939,0.25,1.5236267645201935,RETRAIN_REQUIRED,False,transition,0.9870334871066366,1,-0.4253200325821507,0.769085276502144,0.963962782108783,-0.8829754052652766,0.47424242424242424,0.49789772587511205,0.03133317698214198,False,False,0.5272727272727272,forward_hybrid_catboost_2026_W34.png,backtest_hybrid_catboost_h15.png,2026-08-25T18:18:12.331524,forward_hybrid_catboost_2026_W34.png,usdcop_forecast_zoo:hybrid_catboost:h15:2026-08-21,0.0008687448693468014,CTR-FORECAST-OUTPUT-001
BT_hybrid_catboost_h15_2026_W34,backtest,hybrid_catboost,Hybrid CatBoost,hybrid,15,H=15,medium,2026-W34,2026,2026-08-21,0.47424242424242424,0.035693815252992464,0.025836171086745494,-0.7062386180750038,0.48484848484848486,0.5,0.3939393939393939,0.25,1.5236267645201935,RETRAIN_REQUIRED,False,transition,0.9870334871066366,1,-0.4253200325821507,0.769085276502144,0.963962782108783,-0.8829754052652766,0.47424242424242424,0.49789772587511205,0.03133317698214198,False,False,0.5272727272727272,backtest_hybrid_catboost_h15.png,backtest_hybrid_catboost_h15.png,2026-08-25T18:18:12.331524,forward_hybrid_catboost_2026_W34.png,usdcop_forecast_zoo:hybrid_catboost:h15:2026-08-21,0.0008687448693468014,CTR-FORECAST-OUTPUT-001
FF_hybrid_catboost_h20_2026_W34,forward_forecast,hybrid_catboost,Hybrid CatBoost,hybrid,20,H=20,medium,2026-W34,2026,2026-08-21,0.5045454545454545,0.0,0.0,0.0,0.5181818181818182,0.5,0.46060606060606063,0.25,1.5236267645201935,RETRAIN_REQUIRED,False,transition,0.9870334871066366,1,-0.21964810994955358,0.8547986014759644,0.9676789632188865,-0.8042140810505709,0.5045454545454545,0.49789772587511205,0.03133317698214198,False,False,0.5409090909090909,forward_hybrid_catboost_2026_W34.png,backtest_hybrid_catboost_h20.png,2026-08-25T18:18:12.331524,forward_hybrid_catboost_2026_W34.png,usdcop_forecast_zoo:hybrid_catboost:h20:2026-08-21,-0.0010570950513700767,CTR-FORECAST-OUTPUT-001
BT_hybrid_catboost_h20_2026_W34,backtest,hybrid_catboost,Hybrid CatBoost,hybrid,20,H=20,medium,2026-W34,2026,2026-08-21,0.5045454545454545,0.040179738410639605,0.02847539792751534,-0.6696734161899229,0.5181818181818182,0.5,0.46060606060606063,0.25,1.5236267645201935,RETRAIN_REQUIRED,False,transition,0.9870334871066366,1,-0.21964810994955358,0.8547986014759644,0.9676789632188865,-0.8042140810505709,0.5045454545454545,0.49789772587511205,0.03133317698214198,False,False,0.5409090909090909,backtest_hybrid_catboost_h20.png,backtest_hybrid_catboost_h20.png,2026-08-25T18:18:12.331524,forward_hybrid_catboost_2026_W34.png,usdcop_forecast_zoo:hybrid_catboost:h20:2026-08-21,-0.0010570950513700767,CTR-FORECAST-OUTPUT-001
FF_hybrid_catboost_h25_2026_W34,forward_forecast,hybrid_catboost,Hybrid CatBoost,hybrid,25,H=25,long,2026-W34,2026,2026-08-21,0.5166666666666667,0.0,0.0,0.0,0.49696969696969695,0.5,0.4484848484848485,0.25,1.5236267645201935,RETRAIN_REQUIRED,False,transition,0.9870334871066366,1,-0.2391404890444832,0.8232862415879048,0.9858941007801008,-0.8846229183573485,0.5166666666666667,0.49789772587511205,0.03133317698214198,False,False,0.5515151515151515,forward_hybrid_catboost_2026_W34.png,backtest_hybrid_catboost_h25.png,2026-08-25T18:18:12.331524,forward_hybrid_catboost_2026_W34.png,usdcop_forecast_zoo:hybrid_catboost:h25:2026-08-21,0.006214827164312927,CTR-FORECAST-OUTPUT-001
BT_hybrid_catboost_h25_2026_W34,backtest,hybrid_catboost,Hybrid CatBoost,hybrid,25,H=25,long,2026-W34,2026,2026-08-21,0.5166666666666667,0.04127499854423773,0.029742526447202253,-0.4534536141958405,0.49696969696969695,0.5,0.4484848484848485,0.25,1.5236267645201935,RETRAIN_REQUIRED,False,transition,0.9870334871066366,1,-0.2391404890444832,0.8232862415879048,0.9858941007801008,-0.8846229183573485,0.5166666666666667,0.49789772587511205,0.03133317698214198,False,False,0.5515151515151515,backtest_hybrid_catboost_h25.png,backtest_hybrid_catboost_h25.png,2026-08-25T18:18:12.331524,forward_hybrid_catboost_2026_W34.png,usdcop_forecast_zoo:hybrid_catboost:h25:2026-08-21,0.006214827164312927,CTR-FORECAST-OUTPUT-001
FF_hybrid_catboost_h30_2026_W34,forward_forecast,hybrid_catboost,Hybrid CatBoost,hybrid,30,H=30,long,2026-W34,2026,2026-08-21,0.5236641221374045,0.0,0.0,0.0,0.524390243902439,0.500763358778626,0.4878048780487805,0.250381679389313,1.5236267645201935,RETRAIN_REQUIRED,False,transition,0.9870334871066366,1,-0.22778947158648977,0.8137555401292813,0.9909436106873386,-0.9151932926365481,0.5236641221374045,0.49789772587511205,0.03133317698214198,False,False,0.5572519083969466,forward_hybrid_catboost_2026_W34.png,backtest_hybrid_catboost_h30.png,2026-08-25T18:18:12.331524,forward_hybrid_catboost_2026_W34.png,usdcop_forecast_zoo:hybrid_catboost:h30:2026-08-21,0.005323642563841886,CTR-FORECAST-OUTPUT-001
BT_hybrid_catboost_h30_2026_W34,backtest,hybrid_catboost,Hybrid CatBoost,hybrid,30,H=30,long,2026-W34,2026,2026-08-21,0.5236641221374045,0.04492695755008373,0.03242397952907291,-0.4524342393146801,0.524390243902439,0.500763358778626,0.4878048780487805,0.250381679389313,1.5236267645201935,RETRAIN_REQUIRED,False,transition,0.9870334871066366,1,-0.22778947158648977,0.8137555401292813,0.9909436106873386,-0.9151932926365481,0.5236641221374045,0.49789772587511205,0.03133317698214198,False,False,0.5572519083969466,backtest_hybrid_catboost_h30.png,backtest_hybrid_catboost_h30.png,2026-08-25T18:18:12.331524,forward_hybrid_catboost_2026_W34.png,usdcop_forecast_zoo:hybrid_catboost:h30:2026-08-21,0.005323642563841886,CTR-FORECAST-OUTPUT-001
FF_ridge_h1_2026_W35,forward_forecast,ridge,Ridge,linear,1,H=1,short,2026-W35,2026,2026-08-24,0.5074626865671642,0.0,0.0,0.0,0.5164179104477612,0.5,0.4880952380952381,0.2507462686567164,1.5383273261845936,RETRAIN_REQUIRED,False,transition,0.538381902058165,1,0.22233506598639455,1.038165949647552,0.29780113545683246,0.05223305152039304,0.5074626865671642,0.5190210305196843,0.03655951479031028,False,False,0.5417910447761194,forward_ridge_2026_W35.png,backtest_ridge_h1.png,2026-08-25T18:24:07.940504,forward_ridge_2026_W35.png,usdcop_forecast_zoo:ridge:h1:2026-08-24,0.0018138115345446815,CTR-FORECAST-OUTPUT-001
BT_ridge_h1_2026_W35,backtest,ridge,Ridge,linear,1,H=1,short,2026-W35,2026,2026-08-24,0.5074626865671642,0.007742159841969222,0.005782827503281827,-0.10903814930433575,0.5164179104477612,0.5,0.4880952380952381,0.2507462686567164,1.5383273261845936,RETRAIN_REQUIRED,False,transition,0.538381902058165,1,0.22233506598639455,1.038165949647552,0.29780113545683246,0.05223305152039304,0.5074626865671642,0.5190210305196843,0.03655951479031028,False,False,0.5417910447761194,backtest_ridge_h1.png,backtest_ridge_h1.png,2026-08-25T18:24:07.940504,forward_ridge_2026_W35.png,usdcop_forecast_zoo:ridge:h1:2026-08-24,0.0018138115345446815,CTR-FORECAST-OUTPUT-001
FF_ridge_h5_2026_W35,forward_forecast,ridge,Ridge,linear,5,H=5,short,2026-W35,2026,2026-08-24,0.48721804511278194,0.0,0.0,0.0,0.45645645645645644,0.5007518796992482,0.38323353293413176,0.2511278195488722,1.5383273261845936,RETRAIN_REQUIRED,False,transition,0.538381902058165,1,-0.23850749619785508,0.9166853343724326,0.6407492364803907,-0.34528652590006226,0.48721804511278194,0.5190210305196843,0.03655951479031028,False,False,0.5142857142857142,forward_ridge_2026_W35.png,backtest_ridge_h5.png,2026-08-25T18:24:07.940504,forward_ridge_2026_W35.png,usdcop_forecast_zoo:ridge:h5:2026-08-24,0.007214702063231485,CTR-FORECAST-OUTPUT-001
BT_ridge_h5_2026_W35,backtest,ridge,Ridge,linear,5,H=5,short,2026-W35,2026,2026-08-24,0.48721804511278194,0.01946869876705355,0.0148351513260407,-0.6146400606240934,0.45645645645645644,0.5007518796992482,0.38323353293413176,0.2511278195488722,1.5383273261845936,RETRAIN_REQUIRED,False,transition,0.538381902058165,1,-0.23850749619785508,0.9166853343724326,0.6407492364803907,-0.34528652590006226,0.48721804511278194,0.5190210305196843,0.03655951479031028,False,False,0.5142857142857142,backtest_ridge_h5.png,backtest_ridge_h5.png,2026-08-25T18:24:07.940504,forward_ridge_2026_W35.png,usdcop_forecast_zoo:ridge:h5:2026-08-24,0.007214702063231485,CTR-FORECAST-OUTPUT-001
FF_ridge_h10_2026_W35,forward_forecast,ridge,Ridge,linear,10,H=10,medium,2026-W35,2026,2026-08-24,0.48120300751879697,0.0,0.0,0.0,0.44144144144144143,0.5007518796992482,0.30538922155688625,0.2511278195488722,1.5383273261845936,RETRAIN_REQUIRED,False,transition,0.538381902058165,1,-0.31949865171791614,0.8505499823164645,0.85672413664095,-0.6707316988202751,0.48120300751879697,0.5190210305196843,0.03655951479031028,False,False,0.5233082706766917,forward_ridge_2026_W35.png,backtest_ridge_h10.png,2026-08-25T18:24:07.940504,forward_ridge_2026_W35.png,usdcop_forecast_zoo:ridge:h10:2026-08-24,0.0074180027559089205,CTR-FORECAST-OUTPUT-001
BT_ridge_h10_2026_W35,backtest,ridge,Ridge,linear,10,H=10,medium,2026-W35,2026,2026-08-24,0.48120300751879697,0.030445242633274625,0.02312977328269766,-0.9007222999146067,0.44144144144144143,0.5007518796992482,0.30538922155688625,0.2511278195488722,1.5383273261845936,RETRAIN_REQUIRED,False,transition,0.538381902058165,1,-0.31949865171791614,0.8505499823164645,0.85672413664095,-0.6707316988202751,0.48120300751879697,0.5190210305196843,0.03655951479031028,False,False,0.5233082706766917,backtest_ridge_h10.png,backtest_ridge_h10.png,2026-08-25T18:24:07.940504,forward_ridge_2026_W35.png,usdcop_forecast_zoo:ridge:h10:2026-08-24,0.0074180027559089205,CTR-FORECAST-OUTPUT-001
FF_ridge_h15_2026_W35,forward_forecast,ridge,Ridge,linear,15,H=15,medium,2026-W35,2026,2026-08-24,0.5136363636363637,0.0,0.0,0.0,0.4909090909090909,0.5,0.37575757575757573,0.25,1.5383273261845936,RETRAIN_REQUIRED,False,transition,0.538381902058165,1,-0.18303241814560112,0.8931906165188044,0.9264352908750422,-0.6576002816981881,0.5136363636363637,0.5190210305196843,0.03655951479031028,False,False,0.5227272727272727,forward_ridge_2026_W35.png,backtest_ridge_h15.png,2026-08-25T18:24:07.940504,forward_ridge_2026_W35.png,usdcop_forecast_zoo:ridge:h15:2026-08-24,0.01513693393036367,CTR-FORECAST-OUTPUT-001
BT_ridge_h15_2026_W35,backtest,ridge,Ridge,linear,15,H=15,medium,2026-W35,2026,2026-08-24,0.5136363636363637,0.03943841990950812,0.02878157046904154,-1.0863335521089703,0.4909090909090909,0.5,0.37575757575757573,0.25,1.5383273261845936,RETRAIN_REQUIRED,False,transition,0.538381902058165,1,-0.18303241814560112,0.8931906165188044,0.9264352908750422,-0.6576002816981881,0.5136363636363637,0.5190210305196843,0.03655951479031028,False,False,0.5227272727272727,backtest_ridge_h15.png,backtest_ridge_h15.png,2026-08-25T18:24:07.940504,forward_ridge_2026_W35.png,usdcop_forecast_zoo:ridge:h15:2026-08-24,0.01513693393036367,CTR-FORECAST-OUTPUT-001
FF_ridge_h20_2026_W35,forward_forecast,ridge,Ridge,linear,20,H=20,medium,2026-W35,2026,2026-08-24,0.5393939393939394,0.0,0.0,0.0,0.5151515151515151,0.5,0.4121212121212121,0.25,1.5383273261845936,RETRAIN_REQUIRED,False,transition,0.538381902058165,1,0.062195925109416995,1.0453766791630619,0.9668409675540346,0.03200611804334974,0.5393939393939394,0.5190210305196843,0.03655951479031028,False,True,0.5393939393939394,forward_ridge_2026_W35.png,backtest_ridge_h20.png,2026-08-25T18:24:07.940504,forward_ridge_2026_W35.png,usdcop_forecast_zoo:ridge:h20:2026-08-24,0.019546961683374234,CTR-FORECAST-OUTPUT-001
BT_ridge_h20_2026_W35,backtest,ridge,Ridge,linear,20,H=20,medium,2026-W35,2026,2026-08-24,0.5393939393939394,0.04709297245406065,0.03331053531313084,-1.2893450942573588,0.5151515151515151,0.5,0.4121212121212121,0.25,1.5383273261845936,RETRAIN_REQUIRED,False,transition,0.538381902058165,1,0.062195925109416995,1.0453766791630619,0.9668409675540346,0.03200611804334974,0.5393939393939394,0.5190210305196843,0.03655951479031028,False,True,0.5393939393939394,backtest_ridge_h20.png,backtest_ridge_h20.png,2026-08-25T18:24:07.940504,forward_ridge_2026_W35.png,usdcop_forecast_zoo:ridge:h20:2026-08-24,0.019546961683374234,CTR-FORECAST-OUTPUT-001
FF_ridge_h25_2026_W35,forward_forecast,ridge,Ridge,linear,25,H=25,long,2026-W35,2026,2026-08-24,0.5454545454545454,0.0,0.0,0.0,0.5515151515151515,0.5,0.47878787878787876,0.25,1.5383273261845936,RETRAIN_REQUIRED,False,transition,0.538381902058165,1,0.0074589697075597185,1.0060766050947352,0.985128688083003,-0.3034948560942725,0.5454545454545454,0.5190210305196843,0.03655951479031028,False,False,0.5515151515151515,forward_ridge_2026_W35.png,backtest_ridge_h25.png,2026-08-25T18:24:07.940504,forward_ridge_2026_W35.png,usdcop_forecast_zoo:ridge:h25:2026-08-24,0.02362369980877928,CTR-FORECAST-OUTPUT-001
BT_ridge_h25_2026_W35,backtest,ridge,Ridge,linear,25,H=25,long,2026-W35,2026,2026-08-24,0.5454545454545454,0.05334864555472548,0.03712376305660402,-1.420291665941022,0.5515151515151515,0.5,0.47878787878787876,0.25,1.5383273261845936,RETRAIN_REQUIRED,False,transition,0.538381902058165,1,0.0074589697075597185,1.0060766050947352,0.985128688083003,-0.3034948560942725,0.5454545454545454,0.5190210305196843,0.03655951479031028,False,False,0.5515151515151515,backtest_ridge_h25.png,backtest_ridge_h25.png,2026-08-25T18:24:07.940504,forward_ridge_2026_W35.png,usdcop_forecast_zoo:ridge:h25:2026-08-24,0.02362369980877928,CTR-FORECAST-OUTPUT-001
FF_ridge_h30_2026_W35,forward_forecast,ridge,Ridge,linear,30,H=30,long,2026-W35,2026,2026-08-24,0.5587786259541985,0.0,0.0,0.0,0.5914634146341463,0.500763358778626,0.5182926829268293,0.250381679389313,1.5383273261845936,RETRAIN_REQUIRED,False,transition,0.538381902058165,1,-0.013379783536274828,0.9879752583814375,0.9917655599205684,-0.4596192687258639,0.5587786259541985,0.5190210305196843,0.03655951479031028,False,True,0.5587786259541985,forward_ridge_2026_W35.png,backtest_ridge_h30.png,2026-08-25T18:24:07.940504,forward_ridge_2026_W35.png,usdcop_forecast_zoo:ridge:h30:2026-08-24,0.029197757883961,CTR-FORECAST-OUTPUT-001
BT_ridge_h30_2026_W35,backtest,ridge,Ridge,linear,30,H=30,long,2026-W35,2026,2026-08-24,0.5587786259541985,0.05838046437158033,0.04022310855499605,-1.43485706831986,0.5914634146341463,0.500763358778626,0.5182926829268293,0.250381679389313,1.5383273261845936,RETRAIN_REQUIRED,False,transition,0.538381902058165,1,-0.013379783536274828,0.9879752583814375,0.9917655599205684,-0.4596192687258639,0.5587786259541985,0.5190210305196843,0.03655951479031028,False,True,0.5587786259541985,backtest_ridge_h30.png,backtest_ridge_h30.png,2026-08-25T18:24:07.940504,forward_ridge_2026_W35.png,usdcop_forecast_zoo:ridge:h30:2026-08-24,0.029197757883961,CTR-FORECAST-OUTPUT-001
FF_bayesian_ridge_h1_2026_W35,forward_forecast,bayesian_ridge,Bayesian Ridge,linear,1,H=1,short,2026-W35,2026,2026-08-24,0.5074626865671642,0.0,0.0,0.0,0.5253731343283582,0.5,0.5,0.2507462686567164,1.5383273261845936,RETRAIN_REQUIRED,False,transition,0.538381902058165,1,0.24631561246307543,1.042368683350782,0.30778229182055655,0.060099046287812596,0.5074626865671642,0.5201081390911526,0.0355695840151023,True,False,0.5417910447761194,forward_bayesian_ridge_2026_W35.png,backtest_bayesian_ridge_h1.png,2026-08-25T18:24:07.940504,forward_bayesian_ridge_2026_W35.png,usdcop_forecast_zoo:bayesian_ridge:h1:2026-08-24,0.001630909908593682,CTR-FORECAST-OUTPUT-001
BT_bayesian_ridge_h1_2026_W35,backtest,bayesian_ridge,Bayesian Ridge,linear,1,H=1,short,2026-W35,2026,2026-08-24,0.5074626865671642,0.00761434122498515,0.005684079628259362,-0.07272126293844727,0.5253731343283582,0.5,0.5,0.2507462686567164,1.5383273261845936,RETRAIN_REQUIRED,False,transition,0.538381902058165,1,0.24631561246307543,1.042368683350782,0.30778229182055655,0.060099046287812596,0.5074626865671642,0.5201081390911526,0.0355695840151023,True,False,0.5417910447761194,backtest_bayesian_ridge_h1.png,backtest_bayesian_ridge_h1.png,2026-08-25T18:24:07.940504,forward_bayesian_ridge_2026_W35.png,usdcop_forecast_zoo:bayesian_ridge:h1:2026-08-24,0.001630909908593682,CTR-FORECAST-OUTPUT-001
FF_bayesian_ridge_h5_2026_W35,forward_forecast,bayesian_ridge,Bayesian Ridge,linear,5,H=5,short,2026-W35,2026,2026-08-24,0.4842105263157895,0.0,0.0,0.0,0.4744744744744745,0.5007518796992482,0.38922155688622756,0.2511278195488722,1.5383273261845936,RETRAIN_REQUIRED,False,transition,0.538381902058165,1,-0.27669700976676653,0.9040033416192595,0.6365622145345415,-0.38035512361403123,0.4842105263157895,0.5201081390911526,0.0355695840151023,True,False,0.5142857142857142,forward_bayesian_ridge_2026_W35.png,backtest_bayesian_ridge_h5.png,2026-08-25T18:24:07.940504,forward_bayesian_ridge_2026_W35.png,usdcop_forecast_zoo:bayesian_ridge:h5:2026-08-24,0.0077563876977263645,CTR-FORECAST-OUTPUT-001
BT_bayesian_ridge_h5_2026_W35,backtest,bayesian_ridge,Bayesian Ridge,linear,5,H=5,short,2026-W35,2026,2026-08-24,0.4842105263157895,0.01880882422470972,0.014350070324810105,-0.5070413486953036,0.4744744744744745,0.5007518796992482,0.38922155688622756,0.2511278195488722,1.5383273261845936,RETRAIN_REQUIRED,False,transition,0.538381902058165,1,-0.27669700976676653,0.9040033416192595,0.6365622145345415,-0.38035512361403123,0.4842105263157895,0.5201081390911526,0.0355695840151023,True,False,0.5142857142857142,backtest_bayesian_ridge_h5.png,backtest_bayesian_ridge_h5.png,2026-08-25T18:24:07.940504,forward_bayesian_ridge_2026_W35.png,usdcop_forecast_zoo:bayesian_ridge:h5:2026-08-24,0.0077563876977263645,CTR-FORECAST-OUTPUT-001
FF_bayesian_ridge_h10_2026_W35,forward_forecast,bayesian_ridge,Bayesian Ridge,linear,10,H=10,medium,2026-W35,2026,2026-08-24,0.4781954887218045,0.0,0.0,0.0,0.43543543543543545,0.5007518796992482,0.33532934131736525,0.2511278195488722,1.5383273261845936,RETRAIN_REQUIRED,False,transition,0.538381902058165,1,-0.3360424282919118,0.8434481820813383,0.8567241366409503,-0.6863865928540251,0.4781954887218045,0.5201081390911526,0.0355695840151023,True,False,0.5233082706766917,forward_bayesian_ridge_2026_W35.png,backtest_bayesian_ridge_h10.png,2026-08-25T18:24:07.940504,forward_bayesian_ridge_2026_W35.png,usdcop_forecast_zoo:bayesian_ridge:h10:2026-08-24,0.00959832822114508,CTR-FORECAST-OUTPUT-001
BT_bayesian_ridge_h10_2026_W35,backtest,bayesian_ridge,Bayesian Ridge,linear,10,H=10,medium,2026-W35,2026,2026-08-24,0.4781954887218045,0.029378468668259966,0.022334796490256527,-0.769856684742255,0.43543543543543545,0.5007518796992482,0.33532934131736525,0.2511278195488722,1.5383273261845936,RETRAIN_REQUIRED,False,transition,0.538381902058165,1,-0.3360424282919118,0.8434481820813383,0.8567241366409503,-0.6863865928540251,0.4781954887218045,0.5201081390911526,0.0355695840151023,True,False,0.5233082706766917,backtest_bayesian_ridge_h10.png,backtest_bayesian_ridge_h10.png,2026-08-25T18:24:07.940504,forward_bayesian_ridge_2026_W35.png,usdcop_forecast_zoo:bayesian_ridge:h10:2026-08-24,0.00959832822114508,CTR-FORECAST-OUTPUT-001
FF_bayesian_ridge_h15_2026_W35,forward_forecast,bayesian_ridge,Bayesian Ridge,linear,15,H=15,medium,2026-W35,2026,2026-08-24,0.5227272727272727,0.0,0.0,0.0,0.5,0.5,0.3878787878787879,0.25,1.5383273261845936,RETRAIN_REQUIRED,False,transition,0.538381902058165,1,-0.09732102948804516,0.9417107494310059,0.9264352908750422,-0.4981052826183493,0.5227272727272727,0.5201081390911526,0.0355695840151023,True,True,0.5227272727272727,forward_bayesian_ridge_2026_W35.png,backtest_bayesian_ridge_h15.png,2026-08-25T18:24:07.940504,forward_bayesian_ridge_2026_W35.png,usdcop_forecast_zoo:bayesian_ridge:h15:2026-08-24,0.017496417559307677,CTR-FORECAST-OUTPUT-001
BT_bayesian_ridge_h15_2026_W35,backtest,bayesian_ridge,Bayesian Ridge,linear,15,H=15,medium,2026-W35,2026,2026-08-24,0.5227272727272727,0.03824617162677181,0.027952066093034907,-0.962097877930326,0.5,0.5,0.3878787878787879,0.25,1.5383273261845936,RETRAIN_REQUIRED,False,transition,0.538381902058165,1,-0.09732102948804516,0.9417107494310059,0.9264352908750422,-0.4981052826183493,0.5227272727272727,0.5201081390911526,0.0355695840151023,True,True,0.5227272727272727,backtest_bayesian_ridge_h15.png,backtest_bayesian_ridge_h15.png,2026-08-25T18:24:07.940504,forward_bayesian_ridge_2026_W35.png,usdcop_forecast_zoo:bayesian_ridge:h15:2026-08-24,0.017496417559307677,CTR-FORECAST-OUTPUT-001
FF_bayesian_ridge_h20_2026_W35,forward_forecast,bayesian_ridge,Bayesian Ridge,linear,20,H=20,medium,2026-W35,2026,2026-08-24,0.5393939393939394,0.0,0.0,0.0,0.5242424242424243,0.5,0.41818181818181815,0.25,1.5383273261845936,RETRAIN_REQUIRED,False,transition,0.538381902058165,1,0.07207922736626951,1.052774731291606,0.9668409675540346,0.0941095850443674,0.5393939393939394,0.5201081390911526,0.0355695840151023,True,False,0.5393939393939394,forward_bayesian_ridge_2026_W35.png,backtest_bayesian_ridge_h20.png,2026-08-25T18:24:07.940504,forward_bayesian_ridge_2026_W35.png,usdcop_forecast_zoo:bayesian_ridge:h20:2026-08-24,0.02181638267593407,CTR-FORECAST-OUTPUT-001
BT_bayesian_ridge_h20_2026_W35,backtest,bayesian_ridge,Bayesian Ridge,linear,20,H=20,medium,2026-W35,2026,2026-08-24,0.5393939393939394,0.04576765729409289,0.03242144265825587,-1.1623023558909882,0.5242424242424243,0.5,0.41818181818181815,0.25,1.5383273261845936,RETRAIN_REQUIRED,False,transition,0.538381902058165,1,0.07207922736626951,1.052774731291606,0.9668409675540346,0.0941095850443674,0.5393939393939394,0.5201081390911526,0.0355695840151023,True,False,0.5393939393939394,backtest_bayesian_ridge_h20.png,backtest_bayesian_ridge_h20.png,2026-08-25T18:24:07.940504,forward_bayesian_ridge_2026_W35.png,usdcop_forecast_zoo:bayesian_ridge:h20:2026-08-24,0.02181638267593407,CTR-FORECAST-OUTPUT-001
FF_bayesian_ridge_h25_2026_W35,forward_forecast,bayesian_ridge,Bayesian Ridge,linear,25,H=25,long,2026-W35,2026,2026-08-24,0.5515151515151515,0.0,0.0,0.0,0.5545454545454546,0.5,0.48484848484848486,0.25,1.5383273261845936,RETRAIN_REQUIRED,False,transition,0.538381902058165,1,0.057511644679411715,1.0478202942081756,0.985128688083003,0.005372114689626617,0.5515151515151515,0.5201081390911526,0.0355695840151023,True,True,0.5515151515151515,forward_bayesian_ridge_2026_W35.png,backtest_bayesian_ridge_h25.png,2026-08-25T18:24:07.940504,forward_bayesian_ridge_2026_W35.png,usdcop_forecast_zoo:bayesian_ridge:h25:2026-08-24,0.025744440261523584,CTR-FORECAST-OUTPUT-001
BT_bayesian_ridge_h25_2026_W35,backtest,bayesian_ridge,Bayesian Ridge,linear,25,H=25,long,2026-W35,2026,2026-08-24,0.5515151515151515,0.05209152335216632,0.03635085858992859,-1.307570752501554,0.5545454545454546,0.5,0.48484848484848486,0.25,1.5383273261845936,RETRAIN_REQUIRED,False,transition,0.538381902058165,1,0.057511644679411715,1.0478202942081756,0.985128688083003,0.005372114689626617,0.5515151515151515,0.5201081390911526,0.0355695840151023,True,True,0.5515151515151515,backtest_bayesian_ridge_h25.png,backtest_bayesian_ridge_h25.png,2026-08-25T18:24:07.940504,forward_bayesian_ridge_2026_W35.png,usdcop_forecast_zoo:bayesian_ridge:h25:2026-08-24,0.025744440261523584,CTR-FORECAST-OUTPUT-001
FF_bayesian_ridge_h30_2026_W35,forward_forecast,bayesian_ridge,Bayesian Ridge,linear,30,H=30,long,2026-W35,2026,2026-08-24,0.5572519083969466,0.0,0.0,0.0,0.5914634146341463,0.500763358778626,0.524390243902439,0.250381679389313,1.5383273261845936,RETRAIN_REQUIRED,False,transition,0.538381902058165,1,-0.014472620775610866,0.9869995062812014,0.9917655599205685,-0.4646898865928343,0.5572519083969466,0.5201081390911526,0.0355695840151023,True,False,0.5587786259541985,forward_bayesian_ridge_2026_W35.png,backtest_bayesian_ridge_h30.png,2026-08-25T18:24:07.940504,forward_bayesian_ridge_2026_W35.png,usdcop_forecast_zoo:bayesian_ridge:h30:2026-08-24,0.030964055070228452,CTR-FORECAST-OUTPUT-001
BT_bayesian_ridge_h30_2026_W35,backtest,bayesian_ridge,Bayesian Ridge,linear,30,H=30,long,2026-W35,2026,2026-08-24,0.5572519083969466,0.05708010171473025,0.039467246857792584,-1.327597374343557,0.5914634146341463,0.500763358778626,0.524390243902439,0.250381679389313,1.5383273261845936,RETRAIN_REQUIRED,False,transition,0.538381902058165,1,-0.014472620775610866,0.9869995062812014,0.9917655599205685,-0.4646898865928343,0.5572519083969466,0.5201081390911526,0.0355695840151023,True,False,0.5587786259541985,backtest_bayesian_ridge_h30.png,backtest_bayesian_ridge_h30.png,2026-08-25T18:24:07.940504,forward_bayesian_ridge_2026_W35.png,usdcop_forecast_zoo:bayesian_ridge:h30:2026-08-24,0.030964055070228452,CTR-FORECAST-OUTPUT-001
FF_ard_h1_2026_W35,forward_forecast,ard,ARD,linear,1,H=1,short,2026-W35,2026,2026-08-24,0.5059701492537313,0.0,0.0,0.0,0.5014925373134328,0.5,0.5238095238095238,0.2507462686567164,1.5383273261845936,RETRAIN_REQUIRED,False,transition,0.538381902058165,1,-0.35080400074982954,0.9426126857328839,0.2508814507602122,-0.11941213638957238,0.5059701492537313,0.476303624890713,0.032001220996765445,False,False,0.5417910447761194,forward_ard_2026_W35.png,backtest_ard_h1.png,2026-08-25T18:24:07.940504,forward_ard_2026_W35.png,usdcop_forecast_zoo:ard:h1:2026-08-24,-8.413406353432352e-05,CTR-FORECAST-OUTPUT-001
BT_ard_h1_2026_W35,backtest,ard,ARD,linear,1,H=1,short,2026-W35,2026,2026-08-24,0.5059701492537313,0.007462586837986443,0.0055746224855272785,-0.030388527133775822,0.5014925373134328,0.5,0.5238095238095238,0.2507462686567164,1.5383273261845936,RETRAIN_REQUIRED,False,transition,0.538381902058165,1,-0.35080400074982954,0.9426126857328839,0.2508814507602122,-0.11941213638957238,0.5059701492537313,0.476303624890713,0.032001220996765445,False,False,0.5417910447761194,backtest_ard_h1.png,backtest_ard_h1.png,2026-08-25T18:24:07.940504,forward_ard_2026_W35.png,usdcop_forecast_zoo:ard:h1:2026-08-24,-8.413406353432352e-05,CTR-FORECAST-OUTPUT-001
FF_ard_h5_2026_W35,forward_forecast,ard,ARD,linear,5,H=5,short,2026-W35,2026,2026-08-24,0.42857142857142855,0.0,0.0,0.0,0.4744744744744745,0.5007518796992482,0.4431137724550898,0.2511278195488722,1.5383273261845936,RETRAIN_REQUIRED,False,transition,0.538381902058165,1,-0.8036365244714193,0.7457860557771642,0.841327032016601,-0.7084225340000019,0.42857142857142855,0.476303624890713,0.032001220996765445,False,False,0.5142857142857142,forward_ard_2026_W35.png,backtest_ard_h5.png,2026-08-25T18:24:07.940504,forward_ard_2026_W35.png,usdcop_forecast_zoo:ard:h5:2026-08-24,-0.0003898599195552508,CTR-FORECAST-OUTPUT-001
BT_ard_h5_2026_W35,backtest,ard,ARD,linear,5,H=5,short,2026-W35,2026,2026-08-24,0.42857142857142855,0.015460378831027627,0.011979563804119873,-0.018221200580633035,0.4744744744744745,0.5007518796992482,0.4431137724550898,0.2511278195488722,1.5383273261845936,RETRAIN_REQUIRED,False,transition,0.538381902058165,1,-0.8036365244714193,0.7457860557771642,0.841327032016601,-0.7084225340000019,0.42857142857142855,0.476303624890713,0.032001220996765445,False,False,0.5142857142857142,backtest_ard_h5.png,backtest_ard_h5.png,2026-08-25T18:24:07.940504,forward_ard_2026_W35.png,usdcop_forecast_zoo:ard:h5:2026-08-24,-0.0003898599195552508,CTR-FORECAST-OUTPUT-001
FF_ard_h10_2026_W35,forward_forecast,ard,ARD,linear,10,H=10,medium,2026-W35,2026,2026-08-24,0.40150375939849625,0.0,0.0,0.0,0.4294294294294294,0.5007518796992482,0.41317365269461076,0.2511278195488722,1.5383273261845936,RETRAIN_REQUIRED,False,transition,0.538381902058165,1,-0.7859673492626997,0.6712972856698926,0.9736387102120608,-0.9150469850154851,0.40150375939849625,0.476303624890713,0.032001220996765445,False,False,0.5233082706766917,forward_ard_2026_W35.png,backtest_ard_h10.png,2026-08-25T18:24:07.940504,forward_ard_2026_W35.png,usdcop_forecast_zoo:ard:h10:2026-08-24,-0.0009804735265323892,CTR-FORECAST-OUTPUT-001
BT_ard_h10_2026_W35,backtest,ard,ARD,linear,10,H=10,medium,2026-W35,2026,2026-08-24,0.40150375939849625,0.022941384995754318,0.01862440011205337,-0.07924254490943583,0.4294294294294294,0.5007518796992482,0.41317365269461076,0.2511278195488722,1.5383273261845936,RETRAIN_REQUIRED,False,transition,0.538381902058165,1,-0.7859673492626997,0.6712972856698926,0.9736387102120608,-0.9150469850154851,0.40150375939849625,0.476303624890713,0.032001220996765445,False,False,0.5233082706766917,backtest_ard_h10.png,backtest_ard_h10.png,2026-08-25T18:24:07.940504,forward_ard_2026_W35.png,usdcop_forecast_zoo:ard:h10:2026-08-24,-0.0009804735265323892,CTR-FORECAST-OUTPUT-001
FF_ard_h15_2026_W35,forward_forecast,ard,ARD,linear,15,H=15,medium,2026-W35,2026,2026-08-24,0.4303030303030303,0.0,0.0,0.0,0.44545454545454544,0.5,0.3696969696969697,0.25,1.5383273261845936,RETRAIN_REQUIRED,False,transition,0.538381902058165,1,-0.48768352068435133,0.740009872714617,0.9676367505715221,-0.9108616450030361,0.4303030303030303,0.476303624890713,0.032001220996765445,False,False,0.5227272727272727,forward_ard_2026_W35.png,backtest_ard_h15.png,2026-08-25T18:24:07.940504,forward_ard_2026_W35.png,usdcop_forecast_zoo:ard:h15:2026-08-24,-0.0017409678452358034,CTR-FORECAST-OUTPUT-001
BT_ard_h15_2026_W35,backtest,ard,ARD,linear,15,H=15,medium,2026-W35,2026,2026-08-24,0.4303030303030303,0.03467279496012019,0.02737103737995397,-0.6125843165532179,0.44545454545454544,0.5,0.3696969696969697,0.25,1.5383273261845936,RETRAIN_REQUIRED,False,transition,0.538381902058165,1,-0.48768352068435133,0.740009872714617,0.9676367505715221,-0.9108616450030361,0.4303030303030303,0.476303624890713,0.032001220996765445,False,False,0.5227272727272727,backtest_ard_h15.png,backtest_ard_h15.png,2026-08-25T18:24:07.940504,forward_ard_2026_W35.png,usdcop_forecast_zoo:ard:h15:2026-08-24,-0.0017409678452358034,CTR-FORECAST-OUTPUT-001
FF_ard_h20_2026_W35,forward_forecast,ard,ARD,linear,20,H=20,medium,2026-W35,2026,2026-08-24,0.4818181818181818,0.0,0.0,0.0,0.5151515151515151,0.5,0.42424242424242425,0.25,1.5383273261845936,RETRAIN_REQUIRED,False,transition,0.538381902058165,1,-0.32604615677893095,0.7923886809521142,0.972454561748418,-0.8953073495570911,0.4818181818181818,0.476303624890713,0.032001220996765445,False,False,0.5393939393939394,forward_ard_2026_W35.png,backtest_ard_h20.png,2026-08-25T18:24:07.940504,forward_ard_2026_W35.png,usdcop_forecast_zoo:ard:h20:2026-08-24,-0.0025043914302477262,CTR-FORECAST-OUTPUT-001
BT_ard_h20_2026_W35,backtest,ard,ARD,linear,20,H=20,medium,2026-W35,2026,2026-08-24,0.4818181818181818,0.04075769122743675,0.031101011274489953,-0.7148186794284306,0.5151515151515151,0.5,0.42424242424242425,0.25,1.5383273261845936,RETRAIN_REQUIRED,False,transition,0.538381902058165,1,-0.32604615677893095,0.7923886809521142,0.972454561748418,-0.8953073495570911,0.4818181818181818,0.476303624890713,0.032001220996765445,False,False,0.5393939393939394,backtest_ard_h20.png,backtest_ard_h20.png,2026-08-25T18:24:07.940504,forward_ard_2026_W35.png,usdcop_forecast_zoo:ard:h20:2026-08-24,-0.0025043914302477262,CTR-FORECAST-OUTPUT-001
FF_ard_h25_2026_W35,forward_forecast,ard,ARD,linear,25,H=25,long,2026-W35,2026,2026-08-24,0.5393939393939394,0.0,0.0,0.0,0.5303030303030303,0.5,0.47878787878787876,0.25,1.5383273261845936,RETRAIN_REQUIRED,False,transition,0.538381902058165,1,-0.05423249802869848,0.9569074299552606,0.986742662316406,-0.5569275592739247,0.5393939393939394,0.476303624890713,0.032001220996765445,False,False,0.5515151515151515,forward_ard_2026_W35.png,backtest_ard_h25.png,2026-08-25T18:24:07.940504,forward_ard_2026_W35.png,usdcop_forecast_zoo:ard:h25:2026-08-24,-0.003216188679176331,CTR-FORECAST-OUTPUT-001
BT_ard_h25_2026_W35,backtest,ard,ARD,linear,25,H=25,long,2026-W35,2026,2026-08-24,0.5393939393939394,0.046100559306245334,0.034216305554749415,-0.8073126925558787,0.5303030303030303,0.5,0.47878787878787876,0.25,1.5383273261845936,RETRAIN_REQUIRED,False,transition,0.538381902058165,1,-0.05423249802869848,0.9569074299552606,0.986742662316406,-0.5569275592739247,0.5393939393939394,0.476303624890713,0.032001220996765445,False,False,0.5515151515151515,backtest_ard_h25.png,backtest_ard_h25.png,2026-08-25T18:24:07.940504,forward_ard_2026_W35.png,usdcop_forecast_zoo:ard:h25:2026-08-24,-0.003216188679176331,CTR-FORECAST-OUTPUT-001
FF_ard_h30_2026_W35,forward_forecast,ard,ARD,linear,30,H=30,long,2026-W35,2026,2026-08-24,0.5465648854961832,0.0,0.0,0.0,0.5426829268292683,0.500763358778626,0.5121951219512195,0.250381679389313,1.5383273261845936,RETRAIN_REQUIRED,False,transition,0.538381902058165,1,-0.06994839568990559,0.9387107031283091,0.9925849240411512,-0.6701628844831619,0.5465648854961832,0.476303624890713,0.032001220996765445,False,False,0.5587786259541985,forward_ard_2026_W35.png,backtest_ard_h30.png,2026-08-25T18:24:07.940504,forward_ard_2026_W35.png,usdcop_forecast_zoo:ard:h30:2026-08-24,-0.0038078191500640077,CTR-FORECAST-OUTPUT-001
BT_ard_h30_2026_W35,backtest,ard,ARD,linear,30,H=30,long,2026-W35,2026,2026-08-24,0.5465648854961832,0.056613150818787414,0.0404307881412965,-1.2896707416314026,0.5426829268292683,0.500763358778626,0.5121951219512195,0.250381679389313,1.5383273261845936,RETRAIN_REQUIRED,False,transition,0.538381902058165,1,-0.06994839568990559,0.9387107031283091,0.9925849240411512,-0.6701628844831619,0.5465648854961832,0.476303624890713,0.032001220996765445,False,False,0.5587786259541985,backtest_ard_h30.png,backtest_ard_h30.png,2026-08-25T18:24:07.940504,forward_ard_2026_W35.png,usdcop_forecast_zoo:ard:h30:2026-08-24,-0.0038078191500640077,CTR-FORECAST-OUTPUT-001
FF_xgboost_pure_h1_2026_W35,forward_forecast,xgboost_pure,XGBoost,boosting,1,H=1,short,2026-W35,2026,2026-08-24,0.5014925373134328,0.0,0.0,0.0,0.5104477611940299,0.5,0.47023809523809523,0.2507462686567164,1.5383273261845936,RETRAIN_REQUIRED,False,transition,0.538381902058165,1,0.3108456580381753,1.0537629428428936,0.139987054926875,0.0815829075337986,0.5014925373134328,0.49692799157634193,0.028281422642200866,False,False,0.5417910447761194,forward_xgboost_pure_2026_W35.png,backtest_xgboost_pure_h1.png,2026-08-25T18:24:07.940504,forward_xgboost_pure_2026_W35.png,usdcop_forecast_zoo:xgboost_pure:h1:2026-08-24,3.3922573493327945e-05,CTR-FORECAST-OUTPUT-001
BT_xgboost_pure_h1_2026_W35,backtest,xgboost_pure,XGBoost,boosting,1,H=1,short,2026-W35,2026,2026-08-24,0.5014925373134328,0.007783596027149362,0.005881742562817554,-0.12094110280394177,0.5104477611940299,0.5,0.47023809523809523,0.2507462686567164,1.5383273261845936,RETRAIN_REQUIRED,False,transition,0.538381902058165,1,0.3108456580381753,1.0537629428428936,0.139987054926875,0.0815829075337986,0.5014925373134328,0.49692799157634193,0.028281422642200866,False,False,0.5417910447761194,backtest_xgboost_pure_h1.png,backtest_xgboost_pure_h1.png,2026-08-25T18:24:07.940504,forward_xgboost_pure_2026_W35.png,usdcop_forecast_zoo:xgboost_pure:h1:2026-08-24,3.3922573493327945e-05,CTR-FORECAST-OUTPUT-001
FF_xgboost_pure_h5_2026_W35,forward_forecast,xgboost_pure,XGBoost,boosting,5,H=5,short,2026-W35,2026,2026-08-24,0.48872180451127817,0.0,0.0,0.0,0.5135135135135135,0.5007518796992482,0.46706586826347307,0.2511278195488722,1.5383273261845936,RETRAIN_REQUIRED,False,transition,0.538381902058165,1,-0.3846029161474287,0.8691048883739452,0.6323323593089987,-0.46960344404604115,0.48872180451127817,0.49692799157634193,0.028281422642200866,False,False,0.5142857142857142,forward_xgboost_pure_2026_W35.png,backtest_xgboost_pure_h5.png,2026-08-25T18:24:07.940504,forward_xgboost_pure_2026_W35.png,usdcop_forecast_zoo:xgboost_pure:h5:2026-08-24,-0.003313756315037608,CTR-FORECAST-OUTPUT-001
BT_xgboost_pure_h5_2026_W35,backtest,xgboost_pure,XGBoost,boosting,5,H=5,short,2026-W35,2026,2026-08-24,0.48872180451127817,0.017182053148283884,0.013256171082557213,-0.2576273939954383,0.5135135135135135,0.5007518796992482,0.46706586826347307,0.2511278195488722,1.5383273261845936,RETRAIN_REQUIRED,False,transition,0.538381902058165,1,-0.3846029161474287,0.8691048883739452,0.6323323593089987,-0.46960344404604115,0.48872180451127817,0.49692799157634193,0.028281422642200866,False,False,0.5142857142857142,backtest_xgboost_pure_h5.png,backtest_xgboost_pure_h5.png,2026-08-25T18:24:07.940504,forward_xgboost_pure_2026_W35.png,usdcop_forecast_zoo:xgboost_pure:h5:2026-08-24,-0.003313756315037608,CTR-FORECAST-OUTPUT-001
FF_xgboost_pure_h10_2026_W35,forward_forecast,xgboost_pure,XGBoost,boosting,10,H=10,medium,2026-W35,2026,2026-08-24,0.48270676691729325,0.0,0.0,0.0,0.45045045045045046,0.5007518796992482,0.3712574850299401,0.2511278195488722,1.5383273261845936,RETRAIN_REQUIRED,False,transition,0.538381902058165,1,-0.4895458809083466,0.7802976791515039,0.8960229146008618,-0.8001459514898592,0.48270676691729325,0.49692799157634193,0.028281422642200866,False,False,0.5233082706766917,forward_xgboost_pure_2026_W35.png,backtest_xgboost_pure_h10.png,2026-08-25T18:24:07.940504,forward_xgboost_pure_2026_W35.png,usdcop_forecast_zoo:xgboost_pure:h10:2026-08-24,-0.0020204358734190464,CTR-FORECAST-OUTPUT-001
BT_xgboost_pure_h10_2026_W35,backtest,xgboost_pure,XGBoost,boosting,10,H=10,medium,2026-W35,2026,2026-08-24,0.48270676691729325,0.024276633703633428,0.018805251956931494,-0.20852801449956626,0.45045045045045046,0.5007518796992482,0.3712574850299401,0.2511278195488722,1.5383273261845936,RETRAIN_REQUIRED,False,transition,0.538381902058165,1,-0.4895458809083466,0.7802976791515039,0.8960229146008618,-0.8001459514898592,0.48270676691729325,0.49692799157634193,0.028281422642200866,False,False,0.5233082706766917,backtest_xgboost_pure_h10.png,backtest_xgboost_pure_h10.png,2026-08-25T18:24:07.940504,forward_xgboost_pure_2026_W35.png,usdcop_forecast_zoo:xgboost_pure:h10:2026-08-24,-0.0020204358734190464,CTR-FORECAST-OUTPUT-001
FF_xgboost_pure_h15_2026_W35,forward_forecast,xgboost_pure,XGBoost,boosting,15,H=15,medium,2026-W35,2026,2026-08-24,0.4909090909090909,0.0,0.0,0.0,0.42727272727272725,0.5,0.37575757575757573,0.25,1.5383273261845936,RETRAIN_REQUIRED,False,transition,0.538381902058165,1,-0.33823380454814056,0.8115825647349231,0.9594849997236539,-0.8281696041218638,0.4909090909090909,0.49692799157634193,0.028281422642200866,False,False,0.5227272727272727,forward_xgboost_pure_2026_W35.png,backtest_xgboost_pure_h15.png,2026-08-25T18:24:07.940504,forward_xgboost_pure_2026_W35.png,usdcop_forecast_zoo:xgboost_pure:h15:2026-08-24,-0.003128527896478772,CTR-FORECAST-OUTPUT-001
BT_xgboost_pure_h15_2026_W35,backtest,xgboost_pure,XGBoost,boosting,15,H=15,medium,2026-W35,2026,2026-08-24,0.4909090909090909,0.03152952097250431,0.02420837375072421,-0.3334584078532201,0.42727272727272725,0.5,0.37575757575757573,0.25,1.5383273261845936,RETRAIN_REQUIRED,False,transition,0.538381902058165,1,-0.33823380454814056,0.8115825647349231,0.9594849997236539,-0.8281696041218638,0.4909090909090909,0.49692799157634193,0.028281422642200866,False,False,0.5227272727272727,backtest_xgboost_pure_h15.png,backtest_xgboost_pure_h15.png,2026-08-25T18:24:07.940504,forward_xgboost_pure_2026_W35.png,usdcop_forecast_zoo:xgboost_pure:h15:2026-08-24,-0.003128527896478772,CTR-FORECAST-OUTPUT-001
FF_xgboost_pure_h20_2026_W35,forward_forecast,xgboost_pure,XGBoost,boosting,20,H=20,medium,2026-W35,2026,2026-08-24,0.4696969696969697,0.0,0.0,0.0,0.4484848484848485,0.5,0.4484848484848485,0.25,1.5383273261845936,RETRAIN_REQUIRED,False,transition,0.538381902058165,1,-0.6890472919913453,0.6111968727944458,0.9928184408006856,-0.9869538522078216,0.4696969696969697,0.49692799157634193,0.028281422642200866,False,False,0.5393939393939394,forward_xgboost_pure_2026_W35.png,backtest_xgboost_pure_h20.png,2026-08-25T18:24:07.940504,forward_xgboost_pure_2026_W35.png,usdcop_forecast_zoo:xgboost_pure:h20:2026-08-24,-0.006664005108177662,CTR-FORECAST-OUTPUT-001
BT_xgboost_pure_h20_2026_W35,backtest,xgboost_pure,XGBoost,boosting,20,H=20,medium,2026-W35,2026,2026-08-24,0.4696969696969697,0.037180407253595026,0.027925594720344667,-0.42701106577470926,0.4484848484848485,0.5,0.4484848484848485,0.25,1.5383273261845936,RETRAIN_REQUIRED,False,transition,0.538381902058165,1,-0.6890472919913453,0.6111968727944458,0.9928184408006856,-0.9869538522078216,0.4696969696969697,0.49692799157634193,0.028281422642200866,False,False,0.5393939393939394,backtest_xgboost_pure_h20.png,backtest_xgboost_pure_h20.png,2026-08-25T18:24:07.940504,forward_xgboost_pure_2026_W35.png,usdcop_forecast_zoo:xgboost_pure:h20:2026-08-24,-0.006664005108177662,CTR-FORECAST-OUTPUT-001
FF_xgboost_pure_h25_2026_W35,forward_forecast,xgboost_pure,XGBoost,boosting,25,H=25,long,2026-W35,2026,2026-08-24,0.509090909090909,0.0,0.0,0.0,0.45454545454545453,0.5,0.43636363636363634,0.25,1.5383273261845936,RETRAIN_REQUIRED,False,transition,0.538381902058165,1,-0.5365733241601853,0.6462842529831857,0.9927920762151298,-0.9864120174444132,0.509090909090909,0.49692799157634193,0.028281422642200866,False,False,0.5515151515151515,forward_xgboost_pure_2026_W35.png,backtest_xgboost_pure_h25.png,2026-08-25T18:24:07.940504,forward_xgboost_pure_2026_W35.png,usdcop_forecast_zoo:xgboost_pure:h25:2026-08-24,0.0015207905089482665,CTR-FORECAST-OUTPUT-001
BT_xgboost_pure_h25_2026_W35,backtest,xgboost_pure,XGBoost,boosting,25,H=25,long,2026-W35,2026,2026-08-24,0.509090909090909,0.03814994367288809,0.02849246757030965,-0.2376809655186385,0.45454545454545453,0.5,0.43636363636363634,0.25,1.5383273261845936,RETRAIN_REQUIRED,False,transition,0.538381902058165,1,-0.5365733241601853,0.6462842529831857,0.9927920762151298,-0.9864120174444132,0.509090909090909,0.49692799157634193,0.028281422642200866,False,False,0.5515151515151515,backtest_xgboost_pure_h25.png,backtest_xgboost_pure_h25.png,2026-08-25T18:24:07.940504,forward_xgboost_pure_2026_W35.png,usdcop_forecast_zoo:xgboost_pure:h25:2026-08-24,0.0015207905089482665,CTR-FORECAST-OUTPUT-001
FF_xgboost_pure_h30_2026_W35,forward_forecast,xgboost_pure,XGBoost,boosting,30,H=30,long,2026-W35,2026,2026-08-24,0.5358778625954198,0.0,0.0,0.0,0.4451219512195122,0.500763358778626,0.39634146341463417,0.250381679389313,1.5383273261845936,RETRAIN_REQUIRED,False,transition,0.538381902058165,1,-0.26132221367300473,0.789448798748016,0.9917655599205684,-0.9373720775673936,0.5358778625954198,0.49692799157634193,0.028281422642200866,False,False,0.5587786259541985,forward_xgboost_pure_2026_W35.png,backtest_xgboost_pure_h30.png,2026-08-25T18:24:07.940504,forward_xgboost_pure_2026_W35.png,usdcop_forecast_zoo:xgboost_pure:h30:2026-08-24,0.0007861834019422531,CTR-FORECAST-OUTPUT-001
BT_xgboost_pure_h30_2026_W35,backtest,xgboost_pure,XGBoost,boosting,30,H=30,long,2026-W35,2026,2026-08-24,0.5358778625954198,0.04186780371735193,0.031024766168136403,-0.2522722038958587,0.4451219512195122,0.500763358778626,0.39634146341463417,0.250381679389313,1.5383273261845936,RETRAIN_REQUIRED,False,transition,0.538381902058165,1,-0.26132221367300473,0.789448798748016,0.9917655599205684,-0.9373720775673936,0.5358778625954198,0.49692799157634193,0.028281422642200866,False,False,0.5587786259541985,backtest_xgboost_pure_h30.png,backtest_xgboost_pure_h30.png,2026-08-25T18:24:07.940504,forward_xgboost_pure_2026_W35.png,usdcop_forecast_zoo:xgboost_pure:h30:2026-08-24,0.0007861834019422531,CTR-FORECAST-OUTPUT-001
FF_lightgbm_pure_h1_2026_W35,forward_forecast,lightgbm_pure,LightGBM,boosting,1,H=1,short,2026-W35,2026,2026-08-24,0.5029850746268657,0.0,0.0,0.0,0.5164179104477612,0.5,0.5059523809523809,0.2507462686567164,1.5383273261845936,RETRAIN_REQUIRED,False,transition,0.538381902058165,1,0.3334617477076038,1.0577858575973824,0.11270632791667998,0.08920346608264351,0.5029850746268657,0.5089528857144319,0.028435447693535516,False,False,0.5417910447761194,forward_lightgbm_pure_2026_W35.png,backtest_lightgbm_pure_h1.png,2026-08-25T18:24:07.940504,forward_lightgbm_pure_2026_W35.png,usdcop_forecast_zoo:lightgbm_pure:h1:2026-08-24,1.7359376935040876e-05,CTR-FORECAST-OUTPUT-001
BT_lightgbm_pure_h1_2026_W35,backtest,lightgbm_pure,LightGBM,boosting,1,H=1,short,2026-W35,2026,2026-08-24,0.5029850746268657,0.007728043272115048,0.005822250402300429,-0.10499753482244678,0.5164179104477612,0.5,0.5059523809523809,0.2507462686567164,1.5383273261845936,RETRAIN_REQUIRED,False,transition,0.538381902058165,1,0.3334617477076038,1.0577858575973824,0.11270632791667998,0.08920346608264351,0.5029850746268657,0.5089528857144319,0.028435447693535516,False,False,0.5417910447761194,backtest_lightgbm_pure_h1.png,backtest_lightgbm_pure_h1.png,2026-08-25T18:24:07.940504,forward_lightgbm_pure_2026_W35.png,usdcop_forecast_zoo:lightgbm_pure:h1:2026-08-24,1.7359376935040876e-05,CTR-FORECAST-OUTPUT-001
FF_lightgbm_pure_h5_2026_W35,forward_forecast,lightgbm_pure,LightGBM,boosting,5,H=5,short,2026-W35,2026,2026-08-24,0.5142857142857142,0.0,0.0,0.0,0.5135135135135135,0.5007518796992482,0.4491017964071856,0.2511278195488722,1.5383273261845936,RETRAIN_REQUIRED,False,transition,0.538381902058165,1,-0.025768915500853858,0.9906459248386583,0.550311488380284,-0.1100635056940753,0.5142857142857142,0.5089528857144319,0.028435447693535516,False,True,0.5142857142857142,forward_lightgbm_pure_2026_W35.png,backtest_lightgbm_pure_h5.png,2026-08-25T18:24:07.940504,forward_lightgbm_pure_2026_W35.png,usdcop_forecast_zoo:lightgbm_pure:h5:2026-08-24,-0.004085492452972941,CTR-FORECAST-OUTPUT-001
BT_lightgbm_pure_h5_2026_W35,backtest,lightgbm_pure,LightGBM,boosting,5,H=5,short,2026-W35,2026,2026-08-24,0.5142857142857142,0.017194611845236223,0.013265551438460772,-0.2594665145375177,0.5135135135135135,0.5007518796992482,0.4491017964071856,0.2511278195488722,1.5383273261845936,RETRAIN_REQUIRED,False,transition,0.538381902058165,1,-0.025768915500853858,0.9906459248386583,0.550311488380284,-0.1100635056940753,0.5142857142857142,0.5089528857144319,0.028435447693535516,False,True,0.5142857142857142,backtest_lightgbm_pure_h5.png,backtest_lightgbm_pure_h5.png,2026-08-25T18:24:07.940504,forward_lightgbm_pure_2026_W35.png,usdcop_forecast_zoo:lightgbm_pure:h5:2026-08-24,-0.004085492452972941,CTR-FORECAST-OUTPUT-001
FF_lightgbm_pure_h10_2026_W35,forward_forecast,lightgbm_pure,LightGBM,boosting,10,H=10,medium,2026-W35,2026,2026-08-24,0.5233082706766917,0.0,0.0,0.0,0.4444444444444444,0.5007518796992482,0.40119760479041916,0.2511278195488722,1.5383273261845936,RETRAIN_REQUIRED,False,transition,0.538381902058165,1,-0.08609543437360095,0.9573240739342842,0.8091271256136706,-0.34417064018075694,0.5233082706766917,0.5089528857144319,0.028435447693535516,False,True,0.5233082706766917,forward_lightgbm_pure_2026_W35.png,backtest_lightgbm_pure_h10.png,2026-08-25T18:24:07.940504,forward_lightgbm_pure_2026_W35.png,usdcop_forecast_zoo:lightgbm_pure:h10:2026-08-24,-0.002426912960772793,CTR-FORECAST-OUTPUT-001
BT_lightgbm_pure_h10_2026_W35,backtest,lightgbm_pure,LightGBM,boosting,10,H=10,medium,2026-W35,2026,2026-08-24,0.5233082706766917,0.02449002440951455,0.018907758791437104,-0.22986722199013632,0.4444444444444444,0.5007518796992482,0.40119760479041916,0.2511278195488722,1.5383273261845936,RETRAIN_REQUIRED,False,transition,0.538381902058165,1,-0.08609543437360095,0.9573240739342842,0.8091271256136706,-0.34417064018075694,0.5233082706766917,0.5089528857144319,0.028435447693535516,False,True,0.5233082706766917,backtest_lightgbm_pure_h10.png,backtest_lightgbm_pure_h10.png,2026-08-25T18:24:07.940504,forward_lightgbm_pure_2026_W35.png,usdcop_forecast_zoo:lightgbm_pure:h10:2026-08-24,-0.002426912960772793,CTR-FORECAST-OUTPUT-001
FF_lightgbm_pure_h15_2026_W35,forward_forecast,lightgbm_pure,LightGBM,boosting,15,H=15,medium,2026-W35,2026,2026-08-24,0.4893939393939394,0.0,0.0,0.0,0.47575757575757577,0.5,0.3393939393939394,0.25,1.5383273261845936,RETRAIN_REQUIRED,False,transition,0.538381902058165,1,-0.4138981795333706,0.7745278521990182,0.9756915372338615,-0.8769273752765689,0.4893939393939394,0.5089528857144319,0.028435447693535516,False,False,0.5227272727272727,forward_lightgbm_pure_2026_W35.png,backtest_lightgbm_pure_h15.png,2026-08-25T18:24:07.940504,forward_lightgbm_pure_2026_W35.png,usdcop_forecast_zoo:lightgbm_pure:h15:2026-08-24,-0.0016396460713338312,CTR-FORECAST-OUTPUT-001
BT_lightgbm_pure_h15_2026_W35,backtest,lightgbm_pure,LightGBM,boosting,15,H=15,medium,2026-W35,2026,2026-08-24,0.4893939393939394,0.031617543560886356,0.024510892190435882,-0.34091416976133204,0.47575757575757577,0.5,0.3393939393939394,0.25,1.5383273261845936,RETRAIN_REQUIRED,False,transition,0.538381902058165,1,-0.4138981795333706,0.7745278521990182,0.9756915372338615,-0.8769273752765689,0.4893939393939394,0.5089528857144319,0.028435447693535516,False,False,0.5227272727272727,backtest_lightgbm_pure_h15.png,backtest_lightgbm_pure_h15.png,2026-08-25T18:24:07.940504,forward_lightgbm_pure_2026_W35.png,usdcop_forecast_zoo:lightgbm_pure:h15:2026-08-24,-0.0016396460713338312,CTR-FORECAST-OUTPUT-001
FF_lightgbm_pure_h20_2026_W35,forward_forecast,lightgbm_pure,LightGBM,boosting,20,H=20,medium,2026-W35,2026,2026-08-24,0.5060606060606061,0.0,0.0,0.0,0.45151515151515154,0.5,0.3333333333333333,0.25,1.5383273261845936,RETRAIN_REQUIRED,False,transition,0.538381902058165,1,-0.3209453775851124,0.7952803381560497,0.9751380362955715,-0.8922284266327162,0.5060606060606061,0.5089528857144319,0.028435447693535516,False,False,0.5393939393939394,forward_lightgbm_pure_2026_W35.png,backtest_lightgbm_pure_h20.png,2026-08-25T18:24:07.940504,forward_lightgbm_pure_2026_W35.png,usdcop_forecast_zoo:lightgbm_pure:h20:2026-08-24,-0.0023895941125549806,CTR-FORECAST-OUTPUT-001
BT_lightgbm_pure_h20_2026_W35,backtest,lightgbm_pure,LightGBM,boosting,20,H=20,medium,2026-W35,2026,2026-08-24,0.5060606060606061,0.03685936921153955,0.02810913105146881,-0.40247411154126445,0.45151515151515154,0.5,0.3333333333333333,0.25,1.5383273261845936,RETRAIN_REQUIRED,False,transition,0.538381902058165,1,-0.3209453775851124,0.7952803381560497,0.9751380362955715,-0.8922284266327162,0.5060606060606061,0.5089528857144319,0.028435447693535516,False,False,0.5393939393939394,backtest_lightgbm_pure_h20.png,backtest_lightgbm_pure_h20.png,2026-08-25T18:24:07.940504,forward_lightgbm_pure_2026_W35.png,usdcop_forecast_zoo:lightgbm_pure:h20:2026-08-24,-0.0023895941125549806,CTR-FORECAST-OUTPUT-001
FF_lightgbm_pure_h25_2026_W35,forward_forecast,lightgbm_pure,LightGBM,boosting,25,H=25,long,2026-W35,2026,2026-08-24,0.5106060606060606,0.0,0.0,0.0,0.4636363636363636,0.5,0.37575757575757573,0.25,1.5383273261845936,RETRAIN_REQUIRED,False,transition,0.538381902058165,1,-0.4936568327551942,0.6693166219017959,0.9901714414361731,-0.9816033468116416,0.5106060606060606,0.5089528857144319,0.028435447693535516,False,False,0.5515151515151515,forward_lightgbm_pure_2026_W35.png,backtest_lightgbm_pure_h25.png,2026-08-25T18:24:07.940504,forward_lightgbm_pure_2026_W35.png,usdcop_forecast_zoo:lightgbm_pure:h25:2026-08-24,0.003220646657619374,CTR-FORECAST-OUTPUT-001
BT_lightgbm_pure_h25_2026_W35,backtest,lightgbm_pure,LightGBM,boosting,25,H=25,long,2026-W35,2026,2026-08-24,0.5106060606060606,0.0387013723769284,0.028899893216013738,-0.27371904077840625,0.4636363636363636,0.5,0.37575757575757573,0.25,1.5383273261845936,RETRAIN_REQUIRED,False,transition,0.538381902058165,1,-0.4936568327551942,0.6693166219017959,0.9901714414361731,-0.9816033468116416,0.5106060606060606,0.5089528857144319,0.028435447693535516,False,False,0.5515151515151515,backtest_lightgbm_pure_h25.png,backtest_lightgbm_pure_h25.png,2026-08-25T18:24:07.940504,forward_lightgbm_pure_2026_W35.png,usdcop_forecast_zoo:lightgbm_pure:h25:2026-08-24,0.003220646657619374,CTR-FORECAST-OUTPUT-001
FF_lightgbm_pure_h30_2026_W35,forward_forecast,lightgbm_pure,LightGBM,boosting,30,H=30,long,2026-W35,2026,2026-08-24,0.516030534351145,0.0,0.0,0.0,0.3902439024390244,0.500763358778626,0.4024390243902439,0.250381679389313,1.5383273261845936,RETRAIN_REQUIRED,False,transition,0.538381902058165,1,-0.4341555986619971,0.6748881854137568,0.9917655599205685,-0.9856934987248012,0.516030534351145,0.5089528857144319,0.028435447693535516,False,False,0.5587786259541985,forward_lightgbm_pure_2026_W35.png,backtest_lightgbm_pure_h30.png,2026-08-25T18:24:07.940504,forward_lightgbm_pure_2026_W35.png,usdcop_forecast_zoo:lightgbm_pure:h30:2026-08-24,0.0003636904542954735,CTR-FORECAST-OUTPUT-001
BT_lightgbm_pure_h30_2026_W35,backtest,lightgbm_pure,LightGBM,boosting,30,H=30,long,2026-W35,2026,2026-08-24,0.516030534351145,0.04245716917852848,0.031543662699965724,-0.2877763664528641,0.3902439024390244,0.500763358778626,0.4024390243902439,0.250381679389313,1.5383273261845936,RETRAIN_REQUIRED,False,transition,0.538381902058165,1,-0.4341555986619971,0.6748881854137568,0.9917655599205685,-0.9856934987248012,0.516030534351145,0.5089528857144319,0.028435447693535516,False,False,0.5587786259541985,backtest_lightgbm_pure_h30.png,backtest_lightgbm_pure_h30.png,2026-08-25T18:24:07.940504,forward_lightgbm_pure_2026_W35.png,usdcop_forecast_zoo:lightgbm_pure:h30:2026-08-24,0.0003636904542954735,CTR-FORECAST-OUTPUT-001
FF_catboost_pure_h1_2026_W35,forward_forecast,catboost_pure,CatBoost,boosting,1,H=1,short,2026-W35,2026,2026-08-24,0.5417910447761194,0.0,0.0,0.0,0.5432835820895522,0.5,0.5059523809523809,0.2507462686567164,1.5383273261845936,RETRAIN_REQUIRED,False,transition,0.538381902058165,1,1.0931438909457323,1.2023009368995499,0.119234138219187,0.37808763050588934,0.5417910447761194,0.4926802451040441,0.031386769181630254,False,True,0.5417910447761194,forward_catboost_pure_2026_W35.png,backtest_catboost_pure_h1.png,2026-08-25T18:24:07.940504,forward_catboost_pure_2026_W35.png,usdcop_forecast_zoo:catboost_pure:h1:2026-08-24,-0.00048143959548989525,CTR-FORECAST-OUTPUT-001
BT_catboost_pure_h1_2026_W35,backtest,catboost_pure,CatBoost,boosting,1,H=1,short,2026-W35,2026,2026-08-24,0.5417910447761194,0.008850422353011785,0.00651075895714865,-0.44927303310389055,0.5432835820895522,0.5,0.5059523809523809,0.2507462686567164,1.5383273261845936,RETRAIN_REQUIRED,False,transition,0.538381902058165,1,1.0931438909457323,1.2023009368995499,0.119234138219187,0.37808763050588934,0.5417910447761194,0.4926802451040441,0.031386769181630254,False,True,0.5417910447761194,backtest_catboost_pure_h1.png,backtest_catboost_pure_h1.png,2026-08-25T18:24:07.940504,forward_catboost_pure_2026_W35.png,usdcop_forecast_zoo:catboost_pure:h1:2026-08-24,-0.00048143959548989525,CTR-FORECAST-OUTPUT-001
FF_catboost_pure_h5_2026_W35,forward_forecast,catboost_pure,CatBoost,boosting,5,H=5,short,2026-W35,2026,2026-08-24,0.4857142857142857,0.0,0.0,0.0,0.4774774774774775,0.5007518796992482,0.4311377245508982,0.2511278195488722,1.5383273261845936,RETRAIN_REQUIRED,False,transition,0.538381902058165,1,-0.1883947559635146,0.9335958524116157,0.6323323593089987,-0.2960975182685168,0.4857142857142857,0.4926802451040441,0.031386769181630254,False,False,0.5142857142857142,forward_catboost_pure_2026_W35.png,backtest_catboost_pure_h5.png,2026-08-25T18:24:07.940504,forward_catboost_pure_2026_W35.png,usdcop_forecast_zoo:catboost_pure:h5:2026-08-24,-0.006285276018545039,CTR-FORECAST-OUTPUT-001
BT_catboost_pure_h5_2026_W35,backtest,catboost_pure,CatBoost,boosting,5,H=5,short,2026-W35,2026,2026-08-24,0.4857142857142857,0.020532408223641593,0.014944582947683903,-0.7958979434563156,0.4774774774774775,0.5007518796992482,0.4311377245508982,0.2511278195488722,1.5383273261845936,RETRAIN_REQUIRED,False,transition,0.538381902058165,1,-0.1883947559635146,0.9335958524116157,0.6323323593089987,-0.2960975182685168,0.4857142857142857,0.4926802451040441,0.031386769181630254,False,False,0.5142857142857142,backtest_catboost_pure_h5.png,backtest_catboost_pure_h5.png,2026-08-25T18:24:07.940504,forward_catboost_pure_2026_W35.png,usdcop_forecast_zoo:catboost_pure:h5:2026-08-24,-0.006285276018545039,CTR-FORECAST-OUTPUT-001
FF_catboost_pure_h10_2026_W35,forward_forecast,catboost_pure,CatBoost,boosting,10,H=10,medium,2026-W35,2026,2026-08-24,0.48270676691729325,0.0,0.0,0.0,0.46846846846846846,0.5007518796992482,0.48502994011976047,0.2511278195488722,1.5383273261845936,RETRAIN_REQUIRED,False,transition,0.538381902058165,1,-0.5487132371868303,0.7572280763734075,0.9244762873559258,-0.8317677303206975,0.48270676691729325,0.4926802451040441,0.031386769181630254,False,False,0.5233082706766917,forward_catboost_pure_2026_W35.png,backtest_catboost_pure_h10.png,2026-08-25T18:24:07.940504,forward_catboost_pure_2026_W35.png,usdcop_forecast_zoo:catboost_pure:h10:2026-08-24,-0.006397698108153142,CTR-FORECAST-OUTPUT-001
BT_catboost_pure_h10_2026_W35,backtest,catboost_pure,CatBoost,boosting,10,H=10,medium,2026-W35,2026,2026-08-24,0.48270676691729325,0.031925464692745674,0.02192870891808824,-1.0900383054048746,0.46846846846846846,0.5007518796992482,0.48502994011976047,0.2511278195488722,1.5383273261845936,RETRAIN_REQUIRED,False,transition,0.538381902058165,1,-0.5487132371868303,0.7572280763734075,0.9244762873559258,-0.8317677303206975,0.48270676691729325,0.4926802451040441,0.031386769181630254,False,False,0.5233082706766917,backtest_catboost_pure_h10.png,backtest_catboost_pure_h10.png,2026-08-25T18:24:07.940504,forward_catboost_pure_2026_W35.png,usdcop_forecast_zoo:catboost_pure:h10:2026-08-24,-0.006397698108153142,CTR-FORECAST-OUTPUT-001
FF_catboost_pure_h15_2026_W35,forward_forecast,catboost_pure,CatBoost,boosting,15,H=15,medium,2026-W35,2026,2026-08-24,0.46515151515151515,0.0,0.0,0.0,0.4303030303030303,0.5,0.36363636363636365,0.25,1.5383273261845936,RETRAIN_REQUIRED,False,transition,0.538381902058165,1,-0.5615294362467022,0.7069883414335465,0.9777061641455096,-0.9354694739473984,0.46515151515151515,0.4926802451040441,0.031386769181630254,False,False,0.5227272727272727,forward_catboost_pure_2026_W35.png,backtest_catboost_pure_h15.png,2026-08-25T18:24:07.940504,forward_catboost_pure_2026_W35.png,usdcop_forecast_zoo:catboost_pure:h15:2026-08-24,-0.008237793371748499,CTR-FORECAST-OUTPUT-001
BT_catboost_pure_h15_2026_W35,backtest,catboost_pure,CatBoost,boosting,15,H=15,medium,2026-W35,2026,2026-08-24,0.46515151515151515,0.0375503602627833,0.026703125964030558,-0.8913545345515628,0.4303030303030303,0.5,0.36363636363636365,0.25,1.5383273261845936,RETRAIN_REQUIRED,False,transition,0.538381902058165,1,-0.5615294362467022,0.7069883414335465,0.9777061641455096,-0.9354694739473984,0.46515151515151515,0.4926802451040441,0.031386769181630254,False,False,0.5227272727272727,backtest_catboost_pure_h15.png,backtest_catboost_pure_h15.png,2026-08-25T18:24:07.940504,forward_catboost_pure_2026_W35.png,usdcop_forecast_zoo:catboost_pure:h15:2026-08-24,-0.008237793371748499,CTR-FORECAST-OUTPUT-001
FF_catboost_pure_h20_2026_W35,forward_forecast,catboost_pure,CatBoost,boosting,20,H=20,medium,2026-W35,2026,2026-08-24,0.4636363636363636,0.0,0.0,0.0,0.44545454545454544,0.5,0.4303030303030303,0.25,1.5383273261845936,RETRAIN_REQUIRED,False,transition,0.538381902058165,1,-0.8090776069621293,0.560767568855159,0.996432814184704,-0.9932932063689205,0.4636363636363636,0.4926802451040441,0.031386769181630254,False,False,0.5393939393939394,forward_catboost_pure_2026_W35.png,backtest_catboost_pure_h20.png,2026-08-25T18:24:07.940504,forward_catboost_pure_2026_W35.png,usdcop_forecast_zoo:catboost_pure:h20:2026-08-24,-0.011850216630708428,CTR-FORECAST-OUTPUT-001
BT_catboost_pure_h20_2026_W35,backtest,catboost_pure,CatBoost,boosting,20,H=20,medium,2026-W35,2026,2026-08-24,0.4636363636363636,0.04022748161101753,0.028956459712043105,-0.6704933298335511,0.44545454545454544,0.5,0.4303030303030303,0.25,1.5383273261845936,RETRAIN_REQUIRED,False,transition,0.538381902058165,1,-0.8090776069621293,0.560767568855159,0.996432814184704,-0.9932932063689205,0.4636363636363636,0.4926802451040441,0.031386769181630254,False,False,0.5393939393939394,backtest_catboost_pure_h20.png,backtest_catboost_pure_h20.png,2026-08-25T18:24:07.940504,forward_catboost_pure_2026_W35.png,usdcop_forecast_zoo:catboost_pure:h20:2026-08-24,-0.011850216630708428,CTR-FORECAST-OUTPUT-001
FF_catboost_pure_h25_2026_W35,forward_forecast,catboost_pure,CatBoost,boosting,25,H=25,long,2026-W35,2026,2026-08-24,0.5212121212121212,0.0,0.0,0.0,0.39090909090909093,0.5,0.3333333333333333,0.25,1.5383273261845936,RETRAIN_REQUIRED,False,transition,0.538381902058165,1,-0.4219915430979042,0.7095801132025512,0.986742662316406,-0.9693908755254497,0.5212121212121212,0.4926802451040441,0.031386769181630254,False,False,0.5515151515151515,forward_catboost_pure_2026_W35.png,backtest_catboost_pure_h25.png,2026-08-25T18:24:07.940504,forward_catboost_pure_2026_W35.png,usdcop_forecast_zoo:catboost_pure:h25:2026-08-24,-0.0027380599231945765,CTR-FORECAST-OUTPUT-001
BT_catboost_pure_h25_2026_W35,backtest,catboost_pure,CatBoost,boosting,25,H=25,long,2026-W35,2026,2026-08-24,0.5212121212121212,0.03866180067067516,0.02909849416102446,-0.27111564641414354,0.39090909090909093,0.5,0.3333333333333333,0.25,1.5383273261845936,RETRAIN_REQUIRED,False,transition,0.538381902058165,1,-0.4219915430979042,0.7095801132025512,0.986742662316406,-0.9693908755254497,0.5212121212121212,0.4926802451040441,0.031386769181630254,False,False,0.5515151515151515,backtest_catboost_pure_h25.png,backtest_catboost_pure_h25.png,2026-08-25T18:24:07.940504,forward_catboost_pure_2026_W35.png,usdcop_forecast_zoo:catboost_pure:h25:2026-08-24,-0.0027380599231945765,CTR-FORECAST-OUTPUT-001
FF_catboost_pure_h30_2026_W35,forward_forecast,catboost_pure,CatBoost,boosting,30,H=30,long,2026-W35,2026,2026-08-24,0.48854961832061067,0.0,0.0,0.0,0.38414634146341464,0.500763358778626,0.31097560975609756,0.250381679389313,1.5383273261845936,RETRAIN_REQUIRED,False,transition,0.538381902058165,1,-0.5377502317343594,0.6141667255889178,0.996155034185036,-0.993986681050866,0.48854961832061067,0.4926802451040441,0.031386769181630254,False,False,0.5587786259541985,forward_catboost_pure_2026_W35.png,backtest_catboost_pure_h30.png,2026-08-25T18:24:07.940504,forward_catboost_pure_2026_W35.png,usdcop_forecast_zoo:catboost_pure:h30:2026-08-24,-0.0043195326997898745,CTR-FORECAST-OUTPUT-001
BT_catboost_pure_h30_2026_W35,backtest,catboost_pure,CatBoost,boosting,30,H=30,long,2026-W35,2026,2026-08-24,0.48854961832061067,0.04195944645753675,0.03142905554652814,-0.2577602995012074,0.38414634146341464,0.500763358778626,0.31097560975609756,0.250381679389313,1.5383273261845936,RETRAIN_REQUIRED,False,transition,0.538381902058165,1,-0.5377502317343594,0.6141667255889178,0.996155034185036,-0.993986681050866,0.48854961832061067,0.4926802451040441,0.031386769181630254,False,False,0.5587786259541985,backtest_catboost_pure_h30.png,backtest_catboost_pure_h30.png,2026-08-25T18:24:07.940504,forward_catboost_pure_2026_W35.png,usdcop_forecast_zoo:catboost_pure:h30:2026-08-24,-0.0043195326997898745,CTR-FORECAST-OUTPUT-001
FF_hybrid_xgboost_h1_2026_W35,forward_forecast,hybrid_xgboost,Hybrid XGBoost,hybrid,1,H=1,short,2026-W35,2026,2026-08-24,0.49402985074626865,0.0,0.0,0.0,0.5104477611940299,0.5,0.5,0.2507462686567164,1.5383273261845936,RETRAIN_REQUIRED,False,transition,0.538381902058165,1,-0.3462195357885274,0.9433410542285988,0.23063905431104278,-0.11811921664422509,0.49402985074626865,0.49932337012731687,0.029875027498138935,False,False,0.5417910447761194,forward_hybrid_xgboost_2026_W35.png,backtest_hybrid_xgboost_h1.png,2026-08-25T18:24:07.940504,forward_hybrid_xgboost_2026_W35.png,usdcop_forecast_zoo:hybrid_xgboost:h1:2026-08-24,0.0005678892610811359,CTR-FORECAST-OUTPUT-001
BT_hybrid_xgboost_h1_2026_W35,backtest,hybrid_xgboost,Hybrid XGBoost,hybrid,1,H=1,short,2026-W35,2026,2026-08-24,0.49402985074626865,0.007685777598782019,0.005787899599829576,-0.09294383648247062,0.5104477611940299,0.5,0.5,0.2507462686567164,1.5383273261845936,RETRAIN_REQUIRED,False,transition,0.538381902058165,1,-0.3462195357885274,0.9433410542285988,0.23063905431104278,-0.11811921664422509,0.49402985074626865,0.49932337012731687,0.029875027498138935,False,False,0.5417910447761194,backtest_hybrid_xgboost_h1.png,backtest_hybrid_xgboost_h1.png,2026-08-25T18:24:07.940504,forward_hybrid_xgboost_2026_W35.png,usdcop_forecast_zoo:hybrid_xgboost:h1:2026-08-24,0.0005678892610811359,CTR-FORECAST-OUTPUT-001
FF_hybrid_xgboost_h5_2026_W35,forward_forecast,hybrid_xgboost,Hybrid XGBoost,hybrid,5,H=5,short,2026-W35,2026,2026-08-24,0.4766917293233083,0.0,0.0,0.0,0.4924924924924925,0.5007518796992482,0.47904191616766467,0.2511278195488722,1.5383273261845936,RETRAIN_REQUIRED,False,transition,0.538381902058165,1,-0.45692173734891567,0.8464678047363745,0.6404493167128197,-0.5219285851979467,0.4766917293233083,0.49932337012731687,0.029875027498138935,False,False,0.5142857142857142,forward_hybrid_xgboost_2026_W35.png,backtest_hybrid_xgboost_h5.png,2026-08-25T18:24:07.940504,forward_hybrid_xgboost_2026_W35.png,usdcop_forecast_zoo:hybrid_xgboost:h5:2026-08-24,-0.0001552186851415593,CTR-FORECAST-OUTPUT-001
BT_hybrid_xgboost_h5_2026_W35,backtest,hybrid_xgboost,Hybrid XGBoost,hybrid,5,H=5,short,2026-W35,2026,2026-08-24,0.4766917293233083,0.017454783804645213,0.01337891538114226,-0.2978688842497683,0.4924924924924925,0.5007518796992482,0.47904191616766467,0.2511278195488722,1.5383273261845936,RETRAIN_REQUIRED,False,transition,0.538381902058165,1,-0.45692173734891567,0.8464678047363745,0.6404493167128197,-0.5219285851979467,0.4766917293233083,0.49932337012731687,0.029875027498138935,False,False,0.5142857142857142,backtest_hybrid_xgboost_h5.png,backtest_hybrid_xgboost_h5.png,2026-08-25T18:24:07.940504,forward_hybrid_xgboost_2026_W35.png,usdcop_forecast_zoo:hybrid_xgboost:h5:2026-08-24,-0.0001552186851415593,CTR-FORECAST-OUTPUT-001
FF_hybrid_xgboost_h10_2026_W35,forward_forecast,hybrid_xgboost,Hybrid XGBoost,hybrid,10,H=10,medium,2026-W35,2026,2026-08-24,0.49022556390977445,0.0,0.0,0.0,0.45045045045045046,0.5007518796992482,0.3413173652694611,0.2511278195488722,1.5383273261845936,RETRAIN_REQUIRED,False,transition,0.538381902058165,1,-0.2608952128764677,0.8761885483460773,0.8567241366409502,-0.6086405819562879,0.49022556390977445,0.49932337012731687,0.029875027498138935,False,False,0.5233082706766917,forward_hybrid_xgboost_2026_W35.png,backtest_hybrid_xgboost_h10.png,2026-08-25T18:24:07.940504,forward_hybrid_xgboost_2026_W35.png,usdcop_forecast_zoo:hybrid_xgboost:h10:2026-08-24,0.000811095761945468,CTR-FORECAST-OUTPUT-001
BT_hybrid_xgboost_h10_2026_W35,backtest,hybrid_xgboost,Hybrid XGBoost,hybrid,10,H=10,medium,2026-W35,2026,2026-08-24,0.49022556390977445,0.02540364124891719,0.019539048169659824,-0.3233408930073587,0.45045045045045046,0.5007518796992482,0.3413173652694611,0.2511278195488722,1.5383273261845936,RETRAIN_REQUIRED,False,transition,0.538381902058165,1,-0.2608952128764677,0.8761885483460773,0.8567241366409502,-0.6086405819562879,0.49022556390977445,0.49932337012731687,0.029875027498138935,False,False,0.5233082706766917,backtest_hybrid_xgboost_h10.png,backtest_hybrid_xgboost_h10.png,2026-08-25T18:24:07.940504,forward_hybrid_xgboost_2026_W35.png,usdcop_forecast_zoo:hybrid_xgboost:h10:2026-08-24,0.000811095761945468,CTR-FORECAST-OUTPUT-001
FF_hybrid_xgboost_h15_2026_W35,forward_forecast,hybrid_xgboost,Hybrid XGBoost,hybrid,15,H=15,medium,2026-W35,2026,2026-08-24,0.48787878787878786,0.0,0.0,0.0,0.509090909090909,0.5,0.3939393939393939,0.25,1.5383273261845936,RETRAIN_REQUIRED,False,transition,0.538381902058165,1,-0.37346471211298804,0.7941152428897021,0.9480062924611535,-0.85291518885944,0.48787878787878786,0.49932337012731687,0.029875027498138935,False,False,0.5227272727272727,forward_hybrid_xgboost_2026_W35.png,backtest_hybrid_xgboost_h15.png,2026-08-25T18:24:07.940504,forward_hybrid_xgboost_2026_W35.png,usdcop_forecast_zoo:hybrid_xgboost:h15:2026-08-24,0.0023511107679892564,CTR-FORECAST-OUTPUT-001
BT_hybrid_xgboost_h15_2026_W35,backtest,hybrid_xgboost,Hybrid XGBoost,hybrid,15,H=15,medium,2026-W35,2026,2026-08-24,0.48787878787878786,0.03306284510648241,0.02483316792752622,-0.46630789853708077,0.509090909090909,0.5,0.3939393939393939,0.25,1.5383273261845936,RETRAIN_REQUIRED,False,transition,0.538381902058165,1,-0.37346471211298804,0.7941152428897021,0.9480062924611535,-0.85291518885944,0.48787878787878786,0.49932337012731687,0.029875027498138935,False,False,0.5227272727272727,backtest_hybrid_xgboost_h15.png,backtest_hybrid_xgboost_h15.png,2026-08-25T18:24:07.940504,forward_hybrid_xgboost_2026_W35.png,usdcop_forecast_zoo:hybrid_xgboost:h15:2026-08-24,0.0023511107679892564,CTR-FORECAST-OUTPUT-001
FF_hybrid_xgboost_h20_2026_W35,forward_forecast,hybrid_xgboost,Hybrid XGBoost,hybrid,20,H=20,medium,2026-W35,2026,2026-08-24,0.4954545454545455,0.0,0.0,0.0,0.47878787878787876,0.5,0.45454545454545453,0.25,1.5383273261845936,RETRAIN_REQUIRED,False,transition,0.538381902058165,1,-0.294952223956971,0.8101794227397049,0.9712486403150136,-0.8744624813194632,0.4954545454545455,0.49932337012731687,0.029875027498138935,False,False,0.5393939393939394,forward_hybrid_xgboost_2026_W35.png,backtest_hybrid_xgboost_h20.png,2026-08-25T18:24:07.940504,forward_hybrid_xgboost_2026_W35.png,usdcop_forecast_zoo:hybrid_xgboost:h20:2026-08-24,0.0011992851155524318,CTR-FORECAST-OUTPUT-001
BT_hybrid_xgboost_h20_2026_W35,backtest,hybrid_xgboost,Hybrid XGBoost,hybrid,20,H=20,medium,2026-W35,2026,2026-08-24,0.4954545454545455,0.03905857259575124,0.028491901458212458,-0.5748231546699314,0.47878787878787876,0.5,0.45454545454545453,0.25,1.5383273261845936,RETRAIN_REQUIRED,False,transition,0.538381902058165,1,-0.294952223956971,0.8101794227397049,0.9712486403150136,-0.8744624813194632,0.4954545454545455,0.49932337012731687,0.029875027498138935,False,False,0.5393939393939394,backtest_hybrid_xgboost_h20.png,backtest_hybrid_xgboost_h20.png,2026-08-25T18:24:07.940504,forward_hybrid_xgboost_2026_W35.png,usdcop_forecast_zoo:hybrid_xgboost:h20:2026-08-24,0.0011992851155524318,CTR-FORECAST-OUTPUT-001
FF_hybrid_xgboost_h25_2026_W35,forward_forecast,hybrid_xgboost,Hybrid XGBoost,hybrid,25,H=25,long,2026-W35,2026,2026-08-24,0.5212121212121212,0.0,0.0,0.0,0.5303030303030303,0.5,0.45454545454545453,0.25,1.5383273261845936,RETRAIN_REQUIRED,False,transition,0.538381902058165,1,-0.18378453011237997,0.8613123910648972,0.9867426623164061,-0.828258184939931,0.5212121212121212,0.49932337012731687,0.029875027498138935,False,False,0.5515151515151515,forward_hybrid_xgboost_2026_W35.png,backtest_hybrid_xgboost_h25.png,2026-08-25T18:24:07.940504,forward_hybrid_xgboost_2026_W35.png,usdcop_forecast_zoo:hybrid_xgboost:h25:2026-08-24,0.008151663333822164,CTR-FORECAST-OUTPUT-001
BT_hybrid_xgboost_h25_2026_W35,backtest,hybrid_xgboost,Hybrid XGBoost,hybrid,25,H=25,long,2026-W35,2026,2026-08-24,0.5212121212121212,0.041224896793152846,0.029669763515826106,-0.4452403022655518,0.5303030303030303,0.5,0.45454545454545453,0.25,1.5383273261845936,RETRAIN_REQUIRED,False,transition,0.538381902058165,1,-0.18378453011237997,0.8613123910648972,0.9867426623164061,-0.828258184939931,0.5212121212121212,0.49932337012731687,0.029875027498138935,False,False,0.5515151515151515,backtest_hybrid_xgboost_h25.png,backtest_hybrid_xgboost_h25.png,2026-08-25T18:24:07.940504,forward_hybrid_xgboost_2026_W35.png,usdcop_forecast_zoo:hybrid_xgboost:h25:2026-08-24,0.008151663333822164,CTR-FORECAST-OUTPUT-001
FF_hybrid_xgboost_h30_2026_W35,forward_forecast,hybrid_xgboost,Hybrid XGBoost,hybrid,30,H=30,long,2026-W35,2026,2026-08-24,0.5297709923664122,0.0,0.0,0.0,0.5670731707317073,0.500763358778626,0.5182926829268293,0.250381679389313,1.5383273261845936,RETRAIN_REQUIRED,False,transition,0.538381902058165,1,-0.194234611065917,0.8388875788306203,0.9917655599205685,-0.8880313301313724,0.5297709923664122,0.49932337012731687,0.029875027498138935,False,False,0.5587786259541985,forward_hybrid_xgboost_2026_W35.png,backtest_hybrid_xgboost_h30.png,2026-08-25T18:24:07.940504,forward_hybrid_xgboost_2026_W35.png,usdcop_forecast_zoo:hybrid_xgboost:h30:2026-08-24,0.009309655711623272,CTR-FORECAST-OUTPUT-001
BT_hybrid_xgboost_h30_2026_W35,backtest,hybrid_xgboost,Hybrid XGBoost,hybrid,30,H=30,long,2026-W35,2026,2026-08-24,0.5297709923664122,0.04523467533924163,0.03246659825222964,-0.4617777165363044,0.5670731707317073,0.500763358778626,0.5182926829268293,0.250381679389313,1.5383273261845936,RETRAIN_REQUIRED,False,transition,0.538381902058165,1,-0.194234611065917,0.8388875788306203,0.9917655599205685,-0.8880313301313724,0.5297709923664122,0.49932337012731687,0.029875027498138935,False,False,0.5587786259541985,backtest_hybrid_xgboost_h30.png,backtest_hybrid_xgboost_h30.png,2026-08-25T18:24:07.940504,forward_hybrid_xgboost_2026_W35.png,usdcop_forecast_zoo:hybrid_xgboost:h30:2026-08-24,0.009309655711623272,CTR-FORECAST-OUTPUT-001
FF_hybrid_lightgbm_h1_2026_W35,forward_forecast,hybrid_lightgbm,Hybrid LightGBM,hybrid,1,H=1,short,2026-W35,2026,2026-08-24,0.5044776119402985,0.0,0.0,0.0,0.5223880597014925,0.5,0.49404761904761907,0.2507462686567164,1.5383273261845936,RETRAIN_REQUIRED,False,transition,0.538381902058165,1,0.12916017188144005,1.0219971255172968,0.15902791847365053,0.022226462828417226,0.5044776119402985,0.504489125878934,0.029987315604541764,False,False,0.5417910447761194,forward_hybrid_lightgbm_2026_W35.png,backtest_hybrid_lightgbm_h1.png,2026-08-25T18:24:07.940504,forward_hybrid_lightgbm_2026_W35.png,usdcop_forecast_zoo:hybrid_lightgbm:h1:2026-08-24,0.0005562950242179307,CTR-FORECAST-OUTPUT-001
BT_hybrid_lightgbm_h1_2026_W35,backtest,hybrid_lightgbm,Hybrid LightGBM,hybrid,1,H=1,short,2026-W35,2026,2026-08-24,0.5044776119402985,0.0076592175627347,0.005758988912473683,-0.08540303279620809,0.5223880597014925,0.5,0.49404761904761907,0.2507462686567164,1.5383273261845936,RETRAIN_REQUIRED,False,transition,0.538381902058165,1,0.12916017188144005,1.0219971255172968,0.15902791847365053,0.022226462828417226,0.5044776119402985,0.504489125878934,0.029987315604541764,False,False,0.5417910447761194,backtest_hybrid_lightgbm_h1.png,backtest_hybrid_lightgbm_h1.png,2026-08-25T18:24:07.940504,forward_hybrid_lightgbm_2026_W35.png,usdcop_forecast_zoo:hybrid_lightgbm:h1:2026-08-24,0.0005562950242179307,CTR-FORECAST-OUTPUT-001
FF_hybrid_lightgbm_h5_2026_W35,forward_forecast,hybrid_lightgbm,Hybrid LightGBM,hybrid,5,H=5,short,2026-W35,2026,2026-08-24,0.4857142857142857,0.0,0.0,0.0,0.5075075075075075,0.5007518796992482,0.47305389221556887,0.2511278195488722,1.5383273261845936,RETRAIN_REQUIRED,False,transition,0.538381902058165,1,-0.39231273799090444,0.8666632577392297,0.6323323593089986,-0.4754501652628247,0.4857142857142857,0.504489125878934,0.029987315604541764,False,False,0.5142857142857142,forward_hybrid_lightgbm_2026_W35.png,backtest_hybrid_lightgbm_h5.png,2026-08-25T18:24:07.940504,forward_hybrid_lightgbm_2026_W35.png,usdcop_forecast_zoo:hybrid_lightgbm:h5:2026-08-24,-0.001135192213864566,CTR-FORECAST-OUTPUT-001
BT_hybrid_lightgbm_h5_2026_W35,backtest,hybrid_lightgbm,Hybrid LightGBM,hybrid,5,H=5,short,2026-W35,2026,2026-08-24,0.4857142857142857,0.017595487519902545,0.01347164140957574,-0.3188775669481996,0.5075075075075075,0.5007518796992482,0.47305389221556887,0.2511278195488722,1.5383273261845936,RETRAIN_REQUIRED,False,transition,0.538381902058165,1,-0.39231273799090444,0.8666632577392297,0.6323323593089986,-0.4754501652628247,0.4857142857142857,0.504489125878934,0.029987315604541764,False,False,0.5142857142857142,backtest_hybrid_lightgbm_h5.png,backtest_hybrid_lightgbm_h5.png,2026-08-25T18:24:07.940504,forward_hybrid_lightgbm_2026_W35.png,usdcop_forecast_zoo:hybrid_lightgbm:h5:2026-08-24,-0.001135192213864566,CTR-FORECAST-OUTPUT-001
FF_hybrid_lightgbm_h10_2026_W35,forward_forecast,hybrid_lightgbm,Hybrid LightGBM,hybrid,10,H=10,medium,2026-W35,2026,2026-08-24,0.4917293233082707,0.0,0.0,0.0,0.44744744744744747,0.5007518796992482,0.32335329341317365,0.2511278195488722,1.5383273261845936,RETRAIN_REQUIRED,False,transition,0.538381902058165,1,-0.24828277744718083,0.8818061450466984,0.8567241366409502,-0.5938160164045936,0.4917293233082707,0.504489125878934,0.029987315604541764,False,False,0.5233082706766917,forward_hybrid_lightgbm_2026_W35.png,backtest_hybrid_lightgbm_h10.png,2026-08-25T18:24:07.940504,forward_hybrid_lightgbm_2026_W35.png,usdcop_forecast_zoo:hybrid_lightgbm:h10:2026-08-24,0.0003408054736840807,CTR-FORECAST-OUTPUT-001
BT_hybrid_lightgbm_h10_2026_W35,backtest,hybrid_lightgbm,Hybrid LightGBM,hybrid,10,H=10,medium,2026-W35,2026,2026-08-24,0.4917293233082707,0.025507973960403135,0.019602962205555217,-0.3342331319762786,0.44744744744744747,0.5007518796992482,0.32335329341317365,0.2511278195488722,1.5383273261845936,RETRAIN_REQUIRED,False,transition,0.538381902058165,1,-0.24828277744718083,0.8818061450466984,0.8567241366409502,-0.5938160164045936,0.4917293233082707,0.504489125878934,0.029987315604541764,False,False,0.5233082706766917,backtest_hybrid_lightgbm_h10.png,backtest_hybrid_lightgbm_h10.png,2026-08-25T18:24:07.940504,forward_hybrid_lightgbm_2026_W35.png,usdcop_forecast_zoo:hybrid_lightgbm:h10:2026-08-24,0.0003408054736840807,CTR-FORECAST-OUTPUT-001
FF_hybrid_lightgbm_h15_2026_W35,forward_forecast,hybrid_lightgbm,Hybrid LightGBM,hybrid,15,H=15,medium,2026-W35,2026,2026-08-24,0.4893939393939394,0.0,0.0,0.0,0.4909090909090909,0.5,0.40606060606060607,0.25,1.5383273261845936,RETRAIN_REQUIRED,False,transition,0.538381902058165,1,-0.40717309841227717,0.7777521733245966,0.9659547658601612,-0.8732078708082837,0.4893939393939394,0.504489125878934,0.029987315604541764,False,False,0.5227272727272727,forward_hybrid_lightgbm_2026_W35.png,backtest_hybrid_lightgbm_h15.png,2026-08-25T18:24:07.940504,forward_hybrid_lightgbm_2026_W35.png,usdcop_forecast_zoo:hybrid_lightgbm:h15:2026-08-24,0.0036613044304201715,CTR-FORECAST-OUTPUT-001
BT_hybrid_lightgbm_h15_2026_W35,backtest,hybrid_lightgbm,Hybrid LightGBM,hybrid,15,H=15,medium,2026-W35,2026,2026-08-24,0.4893939393939394,0.033123711550123086,0.025111922087484636,-0.4717116136373274,0.4909090909090909,0.5,0.40606060606060607,0.25,1.5383273261845936,RETRAIN_REQUIRED,False,transition,0.538381902058165,1,-0.40717309841227717,0.7777521733245966,0.9659547658601612,-0.8732078708082837,0.4893939393939394,0.504489125878934,0.029987315604541764,False,False,0.5227272727272727,backtest_hybrid_lightgbm_h15.png,backtest_hybrid_lightgbm_h15.png,2026-08-25T18:24:07.940504,forward_hybrid_lightgbm_2026_W35.png,usdcop_forecast_zoo:hybrid_lightgbm:h15:2026-08-24,0.0036613044304201715,CTR-FORECAST-OUTPUT-001
FF_hybrid_lightgbm_h20_2026_W35,forward_forecast,hybrid_lightgbm,Hybrid LightGBM,hybrid,20,H=20,medium,2026-W35,2026,2026-08-24,0.5075757575757576,0.0,0.0,0.0,0.47878787878787876,0.5,0.41818181818181815,0.25,1.5383273261845936,RETRAIN_REQUIRED,False,transition,0.538381902058165,1,-0.2326706279838329,0.8470162044399707,0.9690103479924366,-0.8191073637874814,0.5075757575757576,0.504489125878934,0.029987315604541764,False,False,0.5393939393939394,forward_hybrid_lightgbm_2026_W35.png,backtest_hybrid_lightgbm_h20.png,2026-08-25T18:24:07.940504,forward_hybrid_lightgbm_2026_W35.png,usdcop_forecast_zoo:hybrid_lightgbm:h20:2026-08-24,0.004386757127484672,CTR-FORECAST-OUTPUT-001
BT_hybrid_lightgbm_h20_2026_W35,backtest,hybrid_lightgbm,Hybrid LightGBM,hybrid,20,H=20,medium,2026-W35,2026,2026-08-24,0.5075757575757576,0.03874412411617487,0.028620775126028262,-0.5495683970156948,0.47878787878787876,0.5,0.41818181818181815,0.25,1.5383273261845936,RETRAIN_REQUIRED,False,transition,0.538381902058165,1,-0.2326706279838329,0.8470162044399707,0.9690103479924366,-0.8191073637874814,0.5075757575757576,0.504489125878934,0.029987315604541764,False,False,0.5393939393939394,backtest_hybrid_lightgbm_h20.png,backtest_hybrid_lightgbm_h20.png,2026-08-25T18:24:07.940504,forward_hybrid_lightgbm_2026_W35.png,usdcop_forecast_zoo:hybrid_lightgbm:h20:2026-08-24,0.004386757127484672,CTR-FORECAST-OUTPUT-001
FF_hybrid_lightgbm_h25_2026_W35,forward_forecast,hybrid_lightgbm,Hybrid LightGBM,hybrid,25,H=25,long,2026-W35,2026,2026-08-24,0.5181818181818182,0.0,0.0,0.0,0.5272727272727272,0.5,0.4484848484848485,0.25,1.5383273261845936,RETRAIN_REQUIRED,False,transition,0.538381902058165,1,-0.18360464901447043,0.8614383074326875,0.986742662316406,-0.8280062144071842,0.5181818181818182,0.504489125878934,0.029987315604541764,False,False,0.5515151515151515,forward_hybrid_lightgbm_2026_W35.png,backtest_hybrid_lightgbm_h25.png,2026-08-25T18:24:07.940504,forward_hybrid_lightgbm_2026_W35.png,usdcop_forecast_zoo:hybrid_lightgbm:h25:2026-08-24,0.009339798030695682,CTR-FORECAST-OUTPUT-001
BT_hybrid_lightgbm_h25_2026_W35,backtest,hybrid_lightgbm,Hybrid LightGBM,hybrid,25,H=25,long,2026-W35,2026,2026-08-24,0.5181818181818182,0.041623841587752314,0.029910862129619697,-0.4733476335166116,0.5272727272727272,0.5,0.4484848484848485,0.25,1.5383273261845936,RETRAIN_REQUIRED,False,transition,0.538381902058165,1,-0.18360464901447043,0.8614383074326875,0.986742662316406,-0.8280062144071842,0.5181818181818182,0.504489125878934,0.029987315604541764,False,False,0.5515151515151515,backtest_hybrid_lightgbm_h25.png,backtest_hybrid_lightgbm_h25.png,2026-08-25T18:24:07.940504,forward_hybrid_lightgbm_2026_W35.png,usdcop_forecast_zoo:hybrid_lightgbm:h25:2026-08-24,0.009339798030695682,CTR-FORECAST-OUTPUT-001
FF_hybrid_lightgbm_h30_2026_W35,forward_forecast,hybrid_lightgbm,Hybrid LightGBM,hybrid,30,H=30,long,2026-W35,2026,2026-08-24,0.5343511450381679,0.0,0.0,0.0,0.5457317073170732,0.500763358778626,0.5121951219512195,0.250381679389313,1.5383273261845936,RETRAIN_REQUIRED,False,transition,0.538381902058165,1,-0.1790949093681118,0.850460542030877,0.9917655599205684,-0.8723091017884783,0.5343511450381679,0.504489125878934,0.029987315604541764,False,False,0.5587786259541985,forward_hybrid_lightgbm_2026_W35.png,backtest_hybrid_lightgbm_h30.png,2026-08-25T18:24:07.940504,forward_hybrid_lightgbm_2026_W35.png,usdcop_forecast_zoo:hybrid_lightgbm:h30:2026-08-24,0.009013910683195124,CTR-FORECAST-OUTPUT-001
BT_hybrid_lightgbm_h30_2026_W35,backtest,hybrid_lightgbm,Hybrid LightGBM,hybrid,30,H=30,long,2026-W35,2026,2026-08-24,0.5343511450381679,0.04565685293470172,0.03276960393481888,-0.4891907420174626,0.5457317073170732,0.500763358778626,0.5121951219512195,0.250381679389313,1.5383273261845936,RETRAIN_REQUIRED,False,transition,0.538381902058165,1,-0.1790949093681118,0.850460542030877,0.9917655599205684,-0.8723091017884783,0.5343511450381679,0.504489125878934,0.029987315604541764,False,False,0.5587786259541985,backtest_hybrid_lightgbm_h30.png,backtest_hybrid_lightgbm_h30.png,2026-08-25T18:24:07.940504,forward_hybrid_lightgbm_2026_W35.png,usdcop_forecast_zoo:hybrid_lightgbm:h30:2026-08-24,0.009013910683195124,CTR-FORECAST-OUTPUT-001
FF_hybrid_catboost_h1_2026_W35,forward_forecast,hybrid_catboost,Hybrid CatBoost,hybrid,1,H=1,short,2026-W35,2026,2026-08-24,0.5149253731343284,0.0,0.0,0.0,0.5373134328358209,0.5,0.5059523809523809,0.2507462686567164,1.5383273261845936,RETRAIN_REQUIRED,False,transition,0.538381902058165,1,0.08172880504502991,1.0138634259673274,0.2371217109978686,0.007265279949628889,0.5149253731343284,0.4986320708114939,0.031707326454039376,False,False,0.5417910447761194,forward_hybrid_catboost_2026_W35.png,backtest_hybrid_catboost_h1.png,2026-08-25T18:24:07.940504,forward_hybrid_catboost_2026_W35.png,usdcop_forecast_zoo:hybrid_catboost:h1:2026-08-24,0.0004279379711284954,CTR-FORECAST-OUTPUT-001
BT_hybrid_catboost_h1_2026_W35,backtest,hybrid_catboost,Hybrid CatBoost,hybrid,1,H=1,short,2026-W35,2026,2026-08-24,0.5149253731343284,0.00833447933557776,0.00619043081802132,-0.28522500667512585,0.5373134328358209,0.5,0.5059523809523809,0.2507462686567164,1.5383273261845936,RETRAIN_REQUIRED,False,transition,0.538381902058165,1,0.08172880504502991,1.0138634259673274,0.2371217109978686,0.007265279949628889,0.5149253731343284,0.4986320708114939,0.031707326454039376,False,False,0.5417910447761194,backtest_hybrid_catboost_h1.png,backtest_hybrid_catboost_h1.png,2026-08-25T18:24:07.940504,forward_hybrid_catboost_2026_W35.png,usdcop_forecast_zoo:hybrid_catboost:h1:2026-08-24,0.0004279379711284954,CTR-FORECAST-OUTPUT-001
FF_hybrid_catboost_h5_2026_W35,forward_forecast,hybrid_catboost,Hybrid CatBoost,hybrid,5,H=5,short,2026-W35,2026,2026-08-24,0.4781954887218045,0.0,0.0,0.0,0.4594594594594595,0.5007518796992482,0.4431137724550898,0.2511278195488722,1.5383273261845936,RETRAIN_REQUIRED,False,transition,0.538381902058165,1,-0.30084152407712833,0.8960756300091496,0.6439765878197456,-0.4014471306596151,0.4781954887218045,0.4986320708114939,0.031707326454039376,False,False,0.5142857142857142,forward_hybrid_catboost_2026_W35.png,backtest_hybrid_catboost_h5.png,2026-08-25T18:24:07.940504,forward_hybrid_catboost_2026_W35.png,usdcop_forecast_zoo:hybrid_catboost:h5:2026-08-24,-0.0017542584362146884,CTR-FORECAST-OUTPUT-001
BT_hybrid_catboost_h5_2026_W35,backtest,hybrid_catboost,Hybrid CatBoost,hybrid,5,H=5,short,2026-W35,2026,2026-08-24,0.4781954887218045,0.020011731039078134,0.014696034917830827,-0.7059692041134409,0.4594594594594595,0.5007518796992482,0.4431137724550898,0.2511278195488722,1.5383273261845936,RETRAIN_REQUIRED,False,transition,0.538381902058165,1,-0.30084152407712833,0.8960756300091496,0.6439765878197456,-0.4014471306596151,0.4781954887218045,0.4986320708114939,0.031707326454039376,False,False,0.5142857142857142,backtest_hybrid_catboost_h5.png,backtest_hybrid_catboost_h5.png,2026-08-25T18:24:07.940504,forward_hybrid_catboost_2026_W35.png,usdcop_forecast_zoo:hybrid_catboost:h5:2026-08-24,-0.0017542584362146884,CTR-FORECAST-OUTPUT-001
FF_hybrid_catboost_h10_2026_W35,forward_forecast,hybrid_catboost,Hybrid CatBoost,hybrid,10,H=10,medium,2026-W35,2026,2026-08-24,0.48721804511278194,0.0,0.0,0.0,0.44144144144144143,0.5007518796992482,0.3532934131736527,0.2511278195488722,1.5383273261845936,RETRAIN_REQUIRED,False,transition,0.538381902058165,1,-0.28509745979503087,0.8655083738125433,0.8714630358403084,-0.6355840408972341,0.48721804511278194,0.4986320708114939,0.031707326454039376,False,False,0.5233082706766917,forward_hybrid_catboost_2026_W35.png,backtest_hybrid_catboost_h10.png,2026-08-25T18:24:07.940504,forward_hybrid_catboost_2026_W35.png,usdcop_forecast_zoo:hybrid_catboost:h10:2026-08-24,-0.0018908769307359307,CTR-FORECAST-OUTPUT-001
BT_hybrid_catboost_h10_2026_W35,backtest,hybrid_catboost,Hybrid CatBoost,hybrid,10,H=10,medium,2026-W35,2026,2026-08-24,0.48721804511278194,0.030311145283756554,0.021662266025677536,-0.884015551552833,0.44144144144144143,0.5007518796992482,0.3532934131736527,0.2511278195488722,1.5383273261845936,RETRAIN_REQUIRED,False,transition,0.538381902058165,1,-0.28509745979503087,0.8655083738125433,0.8714630358403084,-0.6355840408972341,0.48721804511278194,0.4986320708114939,0.031707326454039376,False,False,0.5233082706766917,backtest_hybrid_catboost_h10.png,backtest_hybrid_catboost_h10.png,2026-08-25T18:24:07.940504,forward_hybrid_catboost_2026_W35.png,usdcop_forecast_zoo:hybrid_catboost:h10:2026-08-24,-0.0018908769307359307,CTR-FORECAST-OUTPUT-001
FF_hybrid_catboost_h15_2026_W35,forward_forecast,hybrid_catboost,Hybrid CatBoost,hybrid,15,H=15,medium,2026-W35,2026,2026-08-24,0.47878787878787876,0.0,0.0,0.0,0.49696969696969695,0.5,0.3878787878787879,0.25,1.5383273261845936,RETRAIN_REQUIRED,False,transition,0.538381902058165,1,-0.43452794467988487,0.7647194071049566,0.9625457540331828,-0.8875748710003115,0.47878787878787876,0.4986320708114939,0.031707326454039376,False,False,0.5227272727272727,forward_hybrid_catboost_2026_W35.png,backtest_hybrid_catboost_h15.png,2026-08-25T18:24:07.940504,forward_hybrid_catboost_2026_W35.png,usdcop_forecast_zoo:hybrid_catboost:h15:2026-08-24,-0.0021049105053090374,CTR-FORECAST-OUTPUT-001
BT_hybrid_catboost_h15_2026_W35,backtest,hybrid_catboost,Hybrid CatBoost,hybrid,15,H=15,medium,2026-W35,2026,2026-08-24,0.47878787878787876,0.03649590813069131,0.026186365310099925,-0.7866236491490959,0.49696969696969695,0.5,0.3878787878787879,0.25,1.5383273261845936,RETRAIN_REQUIRED,False,transition,0.538381902058165,1,-0.43452794467988487,0.7647194071049566,0.9625457540331828,-0.8875748710003115,0.47878787878787876,0.4986320708114939,0.031707326454039376,False,False,0.5227272727272727,backtest_hybrid_catboost_h15.png,backtest_hybrid_catboost_h15.png,2026-08-25T18:24:07.940504,forward_hybrid_catboost_2026_W35.png,usdcop_forecast_zoo:hybrid_catboost:h15:2026-08-24,-0.0021049105053090374,CTR-FORECAST-OUTPUT-001
FF_hybrid_catboost_h20_2026_W35,forward_forecast,hybrid_catboost,Hybrid CatBoost,hybrid,20,H=20,medium,2026-W35,2026,2026-08-24,0.49242424242424243,0.0,0.0,0.0,0.5181818181818182,0.5,0.45454545454545453,0.25,1.5383273261845936,RETRAIN_REQUIRED,False,transition,0.538381902058165,1,-0.28574930195092857,0.815520615041774,0.9690103479924366,-0.8674927683545421,0.49242424242424243,0.4986320708114939,0.031707326454039376,False,False,0.5393939393939394,forward_hybrid_catboost_2026_W35.png,backtest_hybrid_catboost_h20.png,2026-08-25T18:24:07.940504,forward_hybrid_catboost_2026_W35.png,usdcop_forecast_zoo:hybrid_catboost:h20:2026-08-24,-0.0015019270449543477,CTR-FORECAST-OUTPUT-001
BT_hybrid_catboost_h20_2026_W35,backtest,hybrid_catboost,Hybrid CatBoost,hybrid,20,H=20,medium,2026-W35,2026,2026-08-24,0.49242424242424243,0.04043411192498539,0.028803724852110576,-0.6876985363187553,0.5181818181818182,0.5,0.45454545454545453,0.25,1.5383273261845936,RETRAIN_REQUIRED,False,transition,0.538381902058165,1,-0.28574930195092857,0.815520615041774,0.9690103479924366,-0.8674927683545421,0.49242424242424243,0.4986320708114939,0.031707326454039376,False,False,0.5393939393939394,backtest_hybrid_catboost_h20.png,backtest_hybrid_catboost_h20.png,2026-08-25T18:24:07.940504,forward_hybrid_catboost_2026_W35.png,usdcop_forecast_zoo:hybrid_catboost:h20:2026-08-24,-0.0015019270449543477,CTR-FORECAST-OUTPUT-001
FF_hybrid_catboost_h25_2026_W35,forward_forecast,hybrid_catboost,Hybrid CatBoost,hybrid,25,H=25,long,2026-W35,2026,2026-08-24,0.5075757575757576,0.0,0.0,0.0,0.5060606060606061,0.5,0.4484848484848485,0.25,1.5383273261845936,RETRAIN_REQUIRED,False,transition,0.538381902058165,1,-0.27082010883185237,0.8024792346981098,0.9867426623164061,-0.9088291189823258,0.5075757575757576,0.4986320708114939,0.031707326454039376,False,False,0.5515151515151515,forward_hybrid_catboost_2026_W35.png,backtest_hybrid_catboost_h25.png,2026-08-25T18:24:07.940504,forward_hybrid_catboost_2026_W35.png,usdcop_forecast_zoo:hybrid_catboost:h25:2026-08-24,0.005657217926190519,CTR-FORECAST-OUTPUT-001
BT_hybrid_catboost_h25_2026_W35,backtest,hybrid_catboost,Hybrid CatBoost,hybrid,25,H=25,long,2026-W35,2026,2026-08-24,0.5075757575757576,0.041278770127369156,0.02981414995531548,-0.449020095262437,0.5060606060606061,0.5,0.4484848484848485,0.25,1.5383273261845936,RETRAIN_REQUIRED,False,transition,0.538381902058165,1,-0.27082010883185237,0.8024792346981098,0.9867426623164061,-0.9088291189823258,0.5075757575757576,0.4986320708114939,0.031707326454039376,False,False,0.5515151515151515,backtest_hybrid_catboost_h25.png,backtest_hybrid_catboost_h25.png,2026-08-25T18:24:07.940504,forward_hybrid_catboost_2026_W35.png,usdcop_forecast_zoo:hybrid_catboost:h25:2026-08-24,0.005657217926190519,CTR-FORECAST-OUTPUT-001
FF_hybrid_catboost_h30_2026_W35,forward_forecast,hybrid_catboost,Hybrid CatBoost,hybrid,30,H=30,long,2026-W35,2026,2026-08-24,0.5312977099236641,0.0,0.0,0.0,0.524390243902439,0.500763358778626,0.49390243902439024,0.250381679389313,1.5383273261845936,RETRAIN_REQUIRED,False,transition,0.538381902058165,1,-0.21901644262066505,0.8202791207265444,0.9917655599205685,-0.9096675032338924,0.5312977099236641,0.4986320708114939,0.031707326454039376,False,False,0.5587786259541985,forward_hybrid_catboost_2026_W35.png,backtest_hybrid_catboost_h30.png,2026-08-25T18:24:07.940504,forward_hybrid_catboost_2026_W35.png,usdcop_forecast_zoo:hybrid_catboost:h30:2026-08-24,0.005492358732618377,CTR-FORECAST-OUTPUT-001
BT_hybrid_catboost_h30_2026_W35,backtest,hybrid_catboost,Hybrid CatBoost,hybrid,30,H=30,long,2026-W35,2026,2026-08-24,0.5312977099236641,0.04508513933681734,0.03249488778858465,-0.45212905246745105,0.524390243902439,0.500763358778626,0.49390243902439024,0.250381679389313,1.5383273261845936,RETRAIN_REQUIRED,False,transition,0.538381902058165,1,-0.21901644262066505,0.8202791207265444,0.9917655599205685,-0.9096675032338924,0.5312977099236641,0.4986320708114939,0.031707326454039376,False,False,0.5587786259541985,backtest_hybrid_catboost_h30.png,backtest_hybrid_catboost_h30.png,2026-08-25T18:24:07.940504,forward_hybrid_catboost_2026_W35.png,usdcop_forecast_zoo:hybrid_catboost:h30:2026-08-24,0.005492358732618377,CTR-FORECAST-OUTPUT-001
