{
  "initial_capital": 10000.0,
  "n_trading_days": 206,
  "direction_accuracy_pct": 56.310679611650485,
  "strategies": {
    "buy_and_hold": {
      "final_equity": 8770.652941755847,
      "total_return_pct": -12.29347058244152,
      "description": "Hold USDCOP long for all of 2025"
    },
    "forecast_1x": {
      "final_equity": 12159.730272675299,
      "total_return_pct": 21.597302726752933,
      "annualized_return_pct": 27.024513458119536,
      "volatility_pct": 12.13822283891927,
      "sharpe": 2.2263978686789105,
      "max_dd_pct": -8.438071548898328,
      "win_rate_pct": 56.310679611650485,
      "profit_factor": 1.392038617482609,
      "trading_days": 206,
      "description": "Daily forecast direction, 1x leverage"
    },
    "forecast_vol_target": {
      "final_equity": 13261.93867727351,
      "total_return_pct": 32.61938677273517,
      "annualized_return_pct": 41.2489672056602,
      "volatility_pct": 16.625416173874584,
      "sharpe": 2.4810787756687507,
      "max_dd_pct": -11.153230113615262,
      "win_rate_pct": 56.310679611650485,
      "profit_factor": 1.419584942736359,
      "trading_days": 206,
      "avg_leverage": 1.416392644260376,
      "description": "Daily forecast + vol-targeting (tv=0.15, max_lev=2.0)"
    }
  },
  "statistical_tests": {
    "forecast_1x": {
      "t_stat": 1.8328157380308,
      "p_value": 0.06828042438990811,
      "bootstrap_95ci_annualized": [
        -1.577085252881714,
        51.459340966424584
      ],
      "significant_at_5pct": "False"
    },
    "forecast_vol_target": {
      "t_stat": 1.949473719680768,
      "p_value": 0.05260288764393935,
      "bootstrap_95ci_annualized": [
        -0.38672516776867844,
        71.65072409151534
      ],
      "significant_at_5pct": "False"
    },
    "direction_accuracy": {
      "correct": 116,
      "total": 206,
      "binomial_p_value": 0.08128651294164684,
      "significant_at_5pct": "False"
    }
  },
  "monthly_breakdown": {
    "months": [
      "2025-01",
      "2025-02",
      "2025-03",
      "2025-04",
      "2025-05",
      "2025-06",
      "2025-07",
      "2025-08",
      "2025-09",
      "2025-10",
      "2025-11",
      "2025-12"
    ],
    "days": [
      20,
      19,
      20,
      20,
      20,
      17,
      22,
      19,
      21,
      22,
      4,
      2
    ],
    "forecast_1x_monthly_return_pct": [
      1.99,
      1.38,
      0.94,
      7.29,
      -0.71,
      -2.63,
      -0.32,
      2.18,
      4.59,
      1.29,
      3.8,
      0.37
    ],
    "vol_target_monthly_return_pct": [
      4.55,
      1.89,
      0.87,
      8.84,
      -1.79,
      -3.63,
      -0.29,
      2.77,
      8.76,
      2.11,
      4.91,
      0.38
    ],
    "da_pct": [
      70.0,
      57.9,
      55.0,
      55.0,
      55.0,
      47.1,
      45.5,
      57.9,
      52.4,
      59.1,
      100.0,
      50.0
    ]
  },
  "equity_curves": {
    "forecast_1x": [
      10000.0,
      10100.0,
      10109.22,
      10125.17,
      10133.16,
      10107.75,
      10150.49,
      10176.45,
      10209.63,
      10137.99,
      10155.53,
      10220.18,
      10318.38,
      10399.02,
      10513.87,
      10476.83,
      10534.1,
      10409.11,
      10425.42,
      10310.88,
      10195.87,
      10198.82,
      10155.23,
      10236.5,
      10290.31,
      10266.85,
      10246.53,
      10168.93,
      10098.4,
      10149.67,
      10220.55,
      10189.63,
      10257.98,
      10236.94,
      10323.66,
      10351.22,
      10370.2,
      10371.7,
      10305.82,
      10334.83,
      10262.61,
      10143.68,
      10163.73,
      10100.95,
      10229.32,
      10109.91,
      10173.35,
      10138.15,
      10181.83,
      10208.26,
      10139.61,
      10230.61,
      10289.99,
      10199.65,
      10294.43,
      10226.95,
      10314.83,
      10401.33,
      10371.91,
      10426.34,
      10465.46,
      10459.85,
      10599.07,
      11051.44,
      11127.37,
      11372.32,
      11285.0,
      11074.37,
      11006.83,
      11129.02,
      11005.61,
      11062.4,
      11023.73,
      11051.05,
      11154.76,
      11282.22,
      11278.23,
      11357.83,
      11251.36,
      11194.66,
      11055.63,
      11069.52,
      11126.21,
      11216.32,
      11287.74,
      11270.45,
      11248.8,
      11349.85,
      11294.2,
      11226.52,
      11233.49,
      11249.09,
      11218.28,
      11223.58,
      11286.01,
      11394.02,
      11351.1,
      11365.29,
      11255.09,
      11111.25,
      11107.03,
      11111.65,
      11090.35,
      11003.05,
      11158.59,
      11090.92,
      11158.56,
      11215.62,
      11287.27,
      11297.03,
      11196.93,
      11115.03,
      11062.0,
      11097.79,
      11154.15,
      11004.46,
      10816.55,
      10902.34,
      10925.73,
      10763.57,
      10781.38,
      10663.53,
      10647.26,
      10610.96,
      10601.8,
      10693.13,
      10635.75,
      10610.23,
      10593.71,
      10520.61,
      10591.19,
      10510.75,
      10432.59,
      10611.9,
      10667.49,
      10733.47,
      10619.29,
      10625.75,
      10774.52,
      10841.44,
      10862.09,
      10978.88,
      10967.66,
      10919.74,
      10956.86,
      10935.72,
      10868.89,
      10964.49,
      10918.11,
      10952.99,
      10920.19,
      10968.4,
      10927.62,
      11004.79,
      10936.07,
      10942.77,
      10972.85,
      11009.41,
      11002.72,
      11051.1,
      11129.02,
      11173.45,
      11225.47,
      11218.16,
      11314.53,
      11305.95,
      11267.61,
      11372.86,
      11346.35,
      11298.13,
      11204.13,
      11247.5,
      11222.36,
      11303.01,
      11361.04,
      11349.54,
      11409.3,
      11405.05,
      11522.8,
      11503.28,
      11451.78,
      11490.59,
      11423.9,
      11477.14,
      11440.59,
      11325.04,
      11328.82,
      11411.44,
      11558.84,
      11605.0,
      11773.62,
      11789.42,
      11848.18,
      11739.23,
      11811.05,
      11830.61,
      11684.89,
      11627.65,
      11677.08,
      11679.79,
      11666.41,
      11737.49,
      11888.59,
      11890.07,
      12115.4,
      12097.93,
      12159.73
    ],