{
  "_meta": {
    "contract_id": "v1.1.0",
    "contract_name": "Core Macro (Reduced)",
    "observation_dim": 12,
    "market_features": 10,
    "generated_from": "config/norm_stats.json",
    "description": "Subset of norm_stats.json for v1.1.0 contract (reduced macro)"
  },
  "log_ret_5m": {
    "mean": 9.042127679274034e-07,
    "std": 0.0011338119633965713,
    "min": -0.049620384225421,
    "max": 0.05,
    "count": 84671,
    "null_pct": 0.0
  },
  "log_ret_1h": {
    "mean": 1.2402473246226877e-05,
    "std": 0.003736154311053953,
    "min": -0.05,
    "max": 0.05,
    "count": 84671,
    "null_pct": 0.0
  },
  "log_ret_4h": {
    "mean": 5.743994224498364e-05,
    "std": 0.007675464150035283,
    "min": -0.0490102052760265,
    "max": 0.05,
    "count": 84671,
    "null_pct": 0.0
  },
  "rsi_9": {
    "mean": 48.552482317304815,
    "std": 23.916683229459384,
    "min": 0.0,
    "max": 99.99999999946029,
    "count": 84671,
    "null_pct": 0.0
  },
  "atr_pct": {
    "mean": 0.06081762815355896,
    "std": 0.04524957350426368,
    "min": 0.0,
    "max": 0.7762482826584299,
    "count": 84671,
    "null_pct": 0.0
  },
  "adx_14": {
    "mean": 32.29754481101079,
    "std": 17.04633374382278,
    "min": 0.0,
    "max": 99.99999999990004,
    "count": 84671,
    "null_pct": 0.0
  },
  "dxy_z": {
    "mean": 0.02472985775149688,
    "std": 0.9986400525980448,
    "min": -1.923214285679942,
    "max": 2.4821428570985344,
    "count": 84671,
    "null_pct": 0.0
  },
  "vix_z": {
    "mean": -0.014129796865044113,
    "std": 0.901167016412187,
    "min": -1.1787072243196617,
    "max": 4.0,
    "count": 84671,
    "null_pct": 0.0
  },
  "embi_z": {
    "mean": 0.001491430960557065,
    "std": 1.002432669266212,
    "min": -2.1220485003156955,
    "max": 3.190650925329945,
    "count": 84671,
    "null_pct": 0.0
  },
  "brent_change_1d": {
    "mean": 0.0024204124659553757,
    "std": 0.04579143400327978,
    "min": -0.1,
    "max": 0.1,
    "count": 84671,
    "null_pct": 0.0
  }
}
