{
  "features": {
    "log_ret_5m": {
      "mean": 3.2428686387822445e-06,
      "std": 0.0011838211894133037,
      "min": -0.04962038422542108,
      "max": 0.06740053046552195,
      "count": 73073
    },
    "log_ret_1h": {
      "mean": 3.872171305068859e-05,
      "std": 0.0038044955201797523,
      "min": -0.05186669637624853,
      "max": 0.06548880249710232,
      "count": 73073
    },
    "log_ret_4h": {
      "mean": 0.00015499735546602676,
      "std": 0.0078390657135572,
      "min": -0.049010205276026536,
      "max": 0.06984703536392844,
      "count": 73073
    },
    "rsi_9": {
      "mean": 49.75578964941582,
      "std": 17.37486413725094,
      "min": 0.01875689669815017,
      "max": 99.9994818620506,
      "count": 73073
    },
    "volatility_pct": {
      "mean": 0.09730296348300146,
      "std": 0.0875535957931152,
      "min": 0.0,
      "max": 2.016663978946695,
      "count": 73073
    },
    "trend_z": {
      "mean": -0.02521483602628933,
      "std": 1.3862409576455756,
      "min": -3.0,
      "max": 3.0,
      "count": 73073
    },
    "dxy_z": {
      "mean": 0.04941501899654268,
      "std": 1.4649079666236222,
      "min": -9.312994726392517,
      "max": 11.266154740520083,
      "count": 73073
    },
    "dxy_change_1d": {
      "mean": 1.5699233365849573e-06,
      "std": 0.0005851527921201705,
      "min": -0.021437624479449524,
      "max": 0.020306668111046422,
      "count": 73073
    },
    "vix_z": {
      "mean": -0.089122357932534,
      "std": 1.4589267898634737,
      "min": -6.2238038392250825,
      "max": 12.18461657921343,
      "count": 73073
    },
    "embi_z": {
      "mean": 0.03302980594198785,
      "std": 1.5469362150939865,
      "min": -13.971256996597434,
      "max": 10.19856677605687,
      "count": 73073
    },
    "brent_change_1d": {
      "mean": 1.153585521708509e-05,
      "std": 0.003610612708581608,
      "min": -0.2440359796636684,
      "max": 0.21018593371059024,
      "count": 73073
    },
    "rate_spread": {
      "mean": 6.4576566447251365,
      "std": 1.5982976174474686,
      "min": 3.62,
      "max": 10.966999999999999,
      "count": 73073
    },
    "usdmxn_change_1d": {
      "mean": 1.22450564084934e-06,
      "std": 0.0010928249682376845,
      "min": -0.04182859053111032,
      "max": 0.04328371838188305,
      "count": 73073
    }
  },
  "created_at": "2026-02-01T06:40:39.238741",
  "train_rows": 73073,
  "feature_order": [
    "log_ret_5m",
    "log_ret_1h",
    "log_ret_4h",
    "rsi_9",
    "volatility_pct",
    "trend_z",
    "dxy_z",
    "dxy_change_1d",
    "vix_z",
    "embi_z",
    "brent_change_1d",
    "rate_spread",
    "usdmxn_change_1d"
  ]
}