{
  "features": {
    "log_ret_5m": {
      "mean": 1.9927954316412538e-06,
      "std": 0.0011542236747739555,
      "min": -0.04962038422542108,
      "max": 0.035407128990635264,
      "count": 52663
    },
    "log_ret_1h": {
      "mean": 2.7073297176194802e-05,
      "std": 0.0036845188729841575,
      "min": -0.05186669637624853,
      "max": 0.04487931628414508,
      "count": 52663
    },
    "log_ret_4h": {
      "mean": 0.0001193498176759921,
      "std": 0.007606910178504219,
      "min": -0.049010205276026536,
      "max": 0.056483706722651496,
      "count": 52663
    },
    "rsi_9": {
      "mean": 49.81284024739669,
      "std": 16.74973698344197,
      "min": 0.8124722113956864,
      "max": 99.9185411064953,
      "count": 52663
    },
    "atr_pct": {
      "mean": 0.0006298651883048551,
      "std": 0.00033862723709202595,
      "min": 3.866472032578255e-06,
      "max": 0.006286374628517871,
      "count": 52663
    },
    "adx_14": {
      "mean": 95.9102432104568,
      "std": 14.911293215580045,
      "min": 9.881887496675008,
      "max": 99.9999999999999,
      "count": 52663
    },
    "dxy_z": {
      "mean": 0.06330603049657096,
      "std": 1.4901682609021274,
      "min": -9.458515825153693,
      "max": 13.144437326808584,
      "count": 52663
    },
    "dxy_change_1d": {
      "mean": 3.0748115784411263e-06,
      "std": 0.0006614510975913915,
      "min": -0.021437624479449524,
      "max": 0.026236443004365118,
      "count": 52663
    },
    "vix_z": {
      "mean": -0.05349298857408864,
      "std": 1.5198748317363857,
      "min": -10.113993385251959,
      "max": 12.335900238567872,
      "count": 52663
    },
    "embi_z": {
      "mean": 0.03486043114774949,
      "std": 1.5735395600789825,
      "min": -12.204880632138352,
      "max": 11.504505010923156,
      "count": 52663
    },
    "brent_change_1d": {
      "mean": 1.5299109612444152e-05,
      "std": 0.004281437885004091,
      "min": -0.31266253250650133,
      "max": 0.21018593371059024,
      "count": 52663
    },
    "rate_spread": {
      "mean": 6.450848033723867,
      "std": 1.593063801181461,
      "min": 3.6580000000000004,
      "max": 10.966999999999999,
      "count": 52663
    },
    "usdmxn_change_1d": {
      "mean": 3.935507034563628e-06,
      "std": 0.0012037725896878364,
      "min": -0.04182859053111032,
      "max": 0.04734309254453373,
      "count": 52663
    }
  },
  "created_at": "2026-02-01T05:00:52.679390",
  "train_rows": 52663,
  "feature_order": [
    "log_ret_5m",
    "log_ret_1h",
    "log_ret_4h",
    "rsi_9",
    "atr_pct",
    "adx_14",
    "dxy_z",
    "dxy_change_1d",
    "vix_z",
    "embi_z",
    "brent_change_1d",
    "rate_spread",
    "usdmxn_change_1d"
  ]
}