{
  "log_ret_5m": {
    "mean": 3.044831678544011e-06,
    "std": 0.001174018108104373,
    "min": -0.04962038422542108,
    "max": 0.05
  },
  "log_ret_1h": {
    "mean": 3.535592482952555e-05,
    "std": 0.003790044385671994,
    "min": -0.05,
    "max": 0.05
  },
  "log_ret_4h": {
    "mean": 0.00015594344437926214,
    "std": 0.007837627477679236,
    "min": -0.049010205276026536,
    "max": 0.05
  },
  "log_ret_1d": {
    "mean": 0.0006380464745344629,
    "std": 0.02028081716192962,
    "min": -0.05,
    "max": 0.05
  },
  "rsi_9": {
    "mean": 48.715729253614974,
    "std": 23.977903771570457,
    "min": 0.0,
    "max": 99.99999999946027
  },
  "rsi_21": {
    "mean": 49.27233286572566,
    "std": 17.94717594394611,
    "min": 0.0,
    "max": 99.99999999649006
  },
  "volatility_pct": {
    "mean": 9.811706133442991,
    "std": 8.714590566352557,
    "min": 0.0,
    "max": 201.6663978946695
  },
  "trend_z": {
    "mean": -0.023609049752519096,
    "std": 1.3889069214549261,
    "min": -3.0,
    "max": 3.0
  },
  "dxy_z": {
    "mean": -0.02320026351494479,
    "std": 1.0317250070106787,
    "min": -1.928749999965556,
    "max": 2.4708928570987347
  },
  "dxy_change_1d": {
    "mean": 0.00043569931051962694,
    "std": 0.0101343732003372,
    "min": -0.04891655808117368,
    "max": 0.0737159557268996
  },
  "vix_z": {
    "mean": 0.0359560110395594,
    "std": 0.9319310347037795,
    "min": -1.1787072243196617,
    "max": 4.0
  },
  "embi_z": {
    "mean": 0.008080758710409633,
    "std": 1.02459432495175,
    "min": -2.1220485003156955,
    "max": 3.190650925329945
  },
  "brent_change_1d": {
    "mean": 0.002780504004312844,
    "std": 0.04655727633145381,
    "min": -0.1,
    "max": 0.1
  },
  "rate_spread_z": {
    "mean": -0.7716970206009118,
    "std": 1.2117879694155111,
    "min": -3.9505202973907534,
    "max": 2.236648696019632
  },
  "rate_spread_change": {
    "mean": 0.0,
    "std": 1.0,
    "min": 0.0,
    "max": 0.0
  },
  "usdmxn_change_1d": {
    "mean": 0.0003569676836244102,
    "std": 0.019418864763589155,
    "min": -0.06313073549670822,
    "max": 0.1
  },
  "yield_curve_z": {
    "mean": -0.028106222143684398,
    "std": 1.3995418630447873,
    "min": -4.0,
    "max": 4.0
  },
  "gold_change_1d": {
    "mean": 0.0021354574839341483,
    "std": 0.02231527158966366,
    "min": -0.1,
    "max": 0.1
  },
  "hour_sin": {
    "mean": 0.4662035543236353,
    "std": 0.30948509173914923,
    "min": 1.2246467991473532e-16,
    "max": 0.8660254037844387
  },
  "hour_cos": {
    "mean": -0.8080188511967572,
    "std": 0.18433831035358667,
    "min": -1.0,
    "max": -0.4999999999999998
  },
  "_meta": {
    "version": "1.0.0",
    "pipeline_stage": "L2",
    "train_rows": 70042,
    "train_end_date": "2025-01-01",
    "feature_count": 20,
    "feature_order_hash": "56407dfda495150e45d753e1f159d71e",
    "created_at": "2026-02-03T09:28:29.854997"
  }
}