{
  "log_ret_5m": {
    "mean": 2.865304035315999e-06,
    "std": 0.0011648942745363482,
    "min": -0.04962038422542108,
    "max": 0.05
  },
  "log_ret_15m": {
    "mean": 8.881221599512925e-06,
    "std": 0.0019047597732265121,
    "min": -0.05,
    "max": 0.05
  },
  "log_ret_1h": {
    "mean": 3.2475404218099256e-05,
    "std": 0.003756232238759028,
    "min": -0.05,
    "max": 0.05
  },
  "log_ret_4h": {
    "mean": 0.0001268938154010012,
    "std": 0.007776680495392947,
    "min": -0.049010205276026536,
    "max": 0.05
  },
  "rsi_9": {
    "mean": 48.5937638407012,
    "std": 24.133407993003562,
    "min": 0.0,
    "max": 99.99999999946027
  },
  "atr_pct": {
    "mean": 0.06072435869409722,
    "std": 0.04672746234641796,
    "min": 0.0,
    "max": 0.8208964092254448
  },
  "adx_14": {
    "mean": 32.26021623776471,
    "std": 17.191392935701803,
    "min": 0.0,
    "max": 100.0
  },
  "bb_position": {
    "mean": 0.48677600654800146,
    "std": 0.2949695419169323,
    "min": 0.0,
    "max": 1.0
  },
  "dxy_z": {
    "mean": -0.016143714301362792,
    "std": 1.0324057216961855,
    "min": -1.928749999965556,
    "max": 2.4708928570987347
  },
  "dxy_change_1d": {
    "mean": 0.0003580235265821201,
    "std": 0.010211854694953051,
    "min": -0.04891655808117368,
    "max": 0.0737159557268996
  },
  "dxy_mom_5d": {
    "mean": 0.0017431176662209712,
    "std": 0.021594858617198728,
    "min": -0.06868550760611325,
    "max": 0.057430395913154575
  },
  "dxy_vol_5d": {
    "mean": 0.0005574499338707107,
    "std": 0.0001915403265560672,
    "min": 0.00028753133899896236,
    "max": 0.0013632291099133
  },
  "vix_z": {
    "mean": 0.029097427404380975,
    "std": 0.9273597635817664,
    "min": -1.1787072243196617,
    "max": 4.0
  },
  "vix_regime": {
    "mean": 0.8669725410350454,
    "std": 1.0290867229201899,
    "min": 0.0,
    "max": 3.0
  },
  "embi_z": {
    "mean": 0.01207386714434596,
    "std": 1.0256517084529693,
    "min": -2.1220485003156955,
    "max": 3.190650925329945
  },
  "embi_change_5d": {
    "mean": 0.004168778831039858,
    "std": 0.06939163863509361,
    "min": -0.1,
    "max": 0.1
  },
  "brent_change_1d": {
    "mean": 0.0030535620505277917,
    "std": 0.046474952516670026,
    "min": -0.1,
    "max": 0.1
  },
  "brent_vol_5d": {
    "mean": 0.003075290481549222,
    "std": 0.0019183424950258608,
    "min": 0.0010664303134809918,
    "max": 0.012615743207683775
  },
  "curve_slope_z": {
    "mean": -0.029355835778932207,
    "std": 1.42678965101964,
    "min": -4.0,
    "max": 4.0
  },
  "usdmxn_change_1d": {
    "mean": 0.00028006838567659685,
    "std": 0.019317574043896113,
    "min": -0.06313073549670822,
    "max": 0.1
  },
  "usdclp_change_1d": {
    "mean": 0.0009449454667499987,
    "std": 0.02040810718466333,
    "min": -0.05,
    "max": 0.05
  },
  "hour_sin": {
    "mean": 0.46626267584508235,
    "std": 0.3094805090445328,
    "min": 1.2246467991473532e-16,
    "max": 0.8660254037844387
  },
  "hour_cos": {
    "mean": -0.8079871966111329,
    "std": 0.18433510599129774,
    "min": -1.0,
    "max": -0.4999999999999998
  },
  "dow_sin": {
    "mean": 0.3642646317993592,
    "std": 0.5113604702102134,
    "min": -0.433883739117558,
    "max": 0.9749279121818236
  },
  "_meta": {
    "version": "1.0.0",
    "pipeline_stage": "L2",
    "train_rows": 71707,
    "train_end_date": "2025-01-01",
    "feature_count": 24,
    "feature_order_hash": "7e68bd511151ff23d7cfb49db4837c18",
    "created_at": "2026-02-03T09:28:34.836270"
  }
}