{
  "log_ret_5m": {
    "mean": 2.799579199450486e-06,
    "std": 0.0011663934346967182,
    "min": -0.04962038422542108,
    "max": 0.05
  },
  "log_ret_1h": {
    "mean": 3.4669040410596035e-05,
    "std": 0.0037583578495933865,
    "min": -0.05,
    "max": 0.05
  },
  "log_ret_4h": {
    "mean": 0.00013428898498553312,
    "std": 0.0077936990108064,
    "min": -0.049010205276026536,
    "max": 0.05
  },
  "spread_normalized": {
    "mean": 0.48663560153320107,
    "std": 0.03136932448594024,
    "min": 0.36550002098083495,
    "max": 0.5
  },
  "spread_change_1d": {
    "mean": 0.009461370557776804,
    "std": 0.34917615134132274,
    "min": -1.8909999046325705,
    "max": 3.1380000190734787
  },
  "spread_z_20d": {
    "mean": 0.17539072574110673,
    "std": 1.443536015782097,
    "min": -2.6368553488509088,
    "max": 4.0
  },
  "col_curve_normalized": {
    "mean": 0.31649084240333475,
    "std": 0.17661398284367802,
    "min": -0.047500133514405185,
    "max": 1.0
  },
  "usa_curve_normalized": {
    "mean": 0.07446350654788544,
    "std": 0.34051582448741097,
    "min": -0.5305,
    "max": 0.792
  },
  "usa_curve_inverted": {
    "mean": 0.4528930069137482,
    "std": 0.4977795111217422,
    "min": 0.0,
    "max": 1.0
  },
  "policy_spread_normalized": {
    "mean": 0.49666167970078196,
    "std": 0.24708104881541348,
    "min": 0.16499999999999998,
    "max": 0.842
  },
  "ibr_tpm_normalized": {
    "mean": -0.2329968352633969,
    "std": 0.19055517394799684,
    "min": -0.5899999999999999,
    "max": -0.0024999999999999467
  },
  "carry_favorable": {
    "mean": 0.766859344894027,
    "std": 0.42283403722231094,
    "min": 0.0,
    "max": 1.0
  },
  "col_hiking": {
    "mean": 0.447452680494163,
    "std": 0.497234634777298,
    "min": 0.0,
    "max": 1.0
  },
  "fed_hiking": {
    "mean": 0.5384364728550379,
    "std": 0.49852397991752584,
    "min": 0.0,
    "max": 1.0
  },
  "embi_z": {
    "mean": 0.009229628575615205,
    "std": 1.0225244417736494,
    "min": -2.1220485003156955,
    "max": 3.190650925329945
  },
  "vix_regime": {
    "mean": 0.8618100419358495,
    "std": 1.0283245802082186,
    "min": 0.0,
    "max": 3.0
  },
  "hour_sin": {
    "mean": 0.4662277090341281,
    "std": 0.3095368239771578,
    "min": 1.2246467991473532e-16,
    "max": 0.8660254037844387
  },
  "hour_cos": {
    "mean": -0.807977443168006,
    "std": 0.18437182076306163,
    "min": -1.0,
    "max": -0.4999999999999998
  },
  "_meta": {
    "version": "1.0.0",
    "pipeline_stage": "L2",
    "train_rows": 70584,
    "train_end_date": "2025-01-01",
    "feature_count": 18,
    "feature_order_hash": "eeb831f1dd1522f3b6ed901d6e8d52e1",
    "created_at": "2026-02-03T09:28:36.835912"
  }
}