{
  "log_ret_5m": {
    "mean": 2.865304035315999e-06,
    "std": 0.0011648942745363482,
    "min": -0.04962038422542108,
    "max": 0.05
  },
  "log_ret_1h": {
    "mean": 3.2475404218099256e-05,
    "std": 0.003756232238759028,
    "min": -0.05,
    "max": 0.05
  },
  "vix_level": {
    "mean": 21.529409402150417,
    "std": 8.055222821432723,
    "min": 11.86,
    "max": 82.69
  },
  "vix_z": {
    "mean": 0.029097427404380975,
    "std": 0.9273597635817664,
    "min": -1.1787072243196617,
    "max": 4.0
  },
  "vix_regime": {
    "mean": 0.8669725410350454,
    "std": 1.0290867229201899,
    "min": 0.0,
    "max": 3.0
  },
  "vix_change_1d": {
    "mean": -0.005668217966701321,
    "std": 0.07498064931982591,
    "min": -0.1,
    "max": 0.1
  },
  "vix_percentile_20d": {
    "mean": 0.2873816165771999,
    "std": 0.2567951975445738,
    "min": 0.0,
    "max": 0.9999999999985834
  },
  "embi_z": {
    "mean": 0.01207386714434596,
    "std": 1.0256517084529693,
    "min": -2.1220485003156955,
    "max": 3.190650925329945
  },
  "embi_change_1d": {
    "mean": 0.0012980427950582225,
    "std": 0.04700414497553335,
    "min": -0.1,
    "max": 0.1
  },
  "embi_change_5d": {
    "mean": 0.004168778831039858,
    "std": 0.06939163863509361,
    "min": -0.1,
    "max": 0.1
  },
  "embi_percentile_20d": {
    "mean": 0.4690831133455122,
    "std": 0.3066180035859205,
    "min": 0.0,
    "max": 0.9999999999996979
  },
  "usdmxn_change_1d": {
    "mean": 0.00028006838567659685,
    "std": 0.019317574043896113,
    "min": -0.06313073549670822,
    "max": 0.1
  },
  "usdmxn_z": {
    "mean": -0.0936348754255535,
    "std": 1.4483610648982381,
    "min": -4.0,
    "max": 4.0
  },
  "usdclp_change_1d": {
    "mean": 0.0009449454667499987,
    "std": 0.02040810718466333,
    "min": -0.05,
    "max": 0.05
  },
  "gold_change_1d": {
    "mean": 0.0021238267327482506,
    "std": 0.022412948037319354,
    "min": -0.1,
    "max": 0.1
  },
  "dxy_change_1d": {
    "mean": 0.0003580235265821201,
    "std": 0.010211854694953051,
    "min": -0.04891655808117368,
    "max": 0.0737159557268996
  },
  "colcap_change_1d": {
    "mean": 0.0006669710460178084,
    "std": 0.02930105835334674,
    "min": -0.1,
    "max": 0.1
  },
  "rsi_9": {
    "mean": 48.5937638407012,
    "std": 24.133407993003562,
    "min": 0.0,
    "max": 99.99999999946027
  },
  "bb_position": {
    "mean": 0.48677600654800146,
    "std": 0.2949695419169323,
    "min": 0.0,
    "max": 1.0
  },
  "hour_sin": {
    "mean": 0.46626267584508235,
    "std": 0.3094805090445328,
    "min": 1.2246467991473532e-16,
    "max": 0.8660254037844387
  },
  "hour_cos": {
    "mean": -0.8079871966111329,
    "std": 0.18433510599129774,
    "min": -1.0,
    "max": -0.4999999999999998
  },
  "_meta": {
    "version": "1.0.0",
    "pipeline_stage": "L2",
    "train_rows": 71707,
    "train_end_date": "2025-01-01",
    "feature_count": 21,
    "feature_order_hash": "d8e5612dcf362d8b735316ed9f551059",
    "created_at": "2026-02-03T09:28:41.948568"
  }
}