iso_week,origin_date,origin_is_partial_week,base_price,regime,training_mode,horizon_days,role,target_date,target_date_estimated,probability_up,threshold,prediction,forecast_log_return,forecast_return_pct,forecast_price,forecast_price_change,forecast_interval_lower,forecast_interval_upper,forecast_interval_level,point_forecast_direction,direction_price_agree,point_forecast_clipped,point_forecast_validation_eligible,actual,actual_log_return,actual_price,point_abs_error_price,point_abs_error_pct,hit,train_count,train_label_end,point_train_label_end,feature_hash,validation_eligible,evidence_n,evidence_da,evidence_balanced_da,evidence_min_recall,evidence_brier,evidence_score,eligible_for_direction,selected,selection_rank,decision_direction,decision_action,decision_status,promotion_gate_passed,primary_horizon,selected_horizons,decision_confidence_proxy,decision_forecast_price,decision_forecast_return_pct,decision_forecast_interval_lower,decision_forecast_interval_upper,decision_actual,decision_hit,image_path
2025-W01,2025-01-03,False,4343.75,risk_off,frozen_pre_2025,1,execution,2025-01-06,False,0.443026,0.55,DOWN,0.000134,0.0134,4344.33,0.58,4298.84,4390.3,0.8,UP,False,False,False,1.0,0.000483,4345.85,1.52,0.035,False,1305,2024-12-30,2024-12-30,783ecbdec4595223,True,104,0.605769,0.555303,0.227273,0.246818,0.48873,False,False,1,UP,LONG_USD_SHORT_COP,SHADOW,False,5,5|25,0.314372,4350.95,0.1659,4232.57,4472.65,0.0,False,usdcop/directional_replay_2025_W01.png
2025-W01,2025-01-03,False,4343.75,risk_off,frozen_pre_2025,5,tactical,2025-01-10,False,0.566797,0.45,UP,0.001657,0.1659,4350.95,7.2,4232.57,4472.65,0.8,UP,True,False,False,0.0,-0.001177,4338.64,12.31,0.2838,False,1301,2024-12-30,2024-12-30,dbbaaeaae61164cb,False,104,0.509615,0.49063,0.326087,0.263375,0.463392,False,True,2,UP,LONG_USD_SHORT_COP,SHADOW,False,5,5|25,0.314372,4350.95,0.1659,4232.57,4472.65,0.0,False,usdcop/directional_replay_2025_W01.png
2025-W01,2025-01-03,False,4343.75,risk_off,frozen_pre_2025,10,tactical,2025-01-17,False,0.524993,0.45,UP,0.00314,0.3145,4357.41,13.66,4189.81,4531.71,0.8,UP,True,False,False,0.0,-0.002822,4331.51,25.9,0.598,False,1296,2024-12-30,2024-12-30,ff5277be1db3a312,False,104,0.471154,0.466605,0.387755,0.279044,0.458424,False,False,4,UP,LONG_USD_SHORT_COP,SHADOW,False,5,5|25,0.314372,4350.95,0.1659,4232.57,4472.65,0.0,False,usdcop/directional_replay_2025_W01.png
2025-W01,2025-01-03,False,4343.75,risk_off,frozen_pre_2025,15,tactical,2025-01-24,False,0.504185,0.45,UP,0.004837,0.4849,4364.81,21.06,4151.25,4589.36,0.8,UP,True,False,False,0.0,-0.038219,4180.87,183.94,4.3996,False,1291,2024-12-30,2024-12-30,15dc7ab56cb103d2,False,104,0.480769,0.459091,0.318182,0.283538,0.443427,False,False,5,UP,LONG_USD_SHORT_COP,SHADOW,False,5,5|25,0.314372,4350.95,0.1659,4232.57,4472.65,0.0,False,usdcop/directional_replay_2025_W01.png
2025-W01,2025-01-03,False,4343.75,risk_off,frozen_pre_2025,20,swing,2025-01-31,False,0.596057,0.4,UP,0.007453,0.7481,4376.24,32.49,4138.78,4627.34,0.8,UP,True,False,False,0.0,-0.031926,4207.26,168.98,4.0165,False,1286,2024-12-30,2024-12-30,fe8038e81873cb0d,True,104,0.471154,0.484416,0.254545,0.321836,0.438906,False,False,6,UP,LONG_USD_SHORT_COP,SHADOW,False,5,5|25,0.314372,4350.95,0.1659,4232.57,4472.65,0.0,False,usdcop/directional_replay_2025_W01.png
2025-W01,2025-01-03,False,4343.75,risk_off,frozen_pre_2025,25,swing,2025-02-07,False,0.558952,0.55,UP,0.007781,0.7811,4377.68,33.93,4104.53,4669.01,0.8,UP,True,False,False,0.0,-0.052773,4120.46,257.22,6.2425,False,1281,2024-12-30,2024-12-30,10d56131505b0874,False,104,0.5,0.478788,0.340909,0.312106,0.459697,False,True,3,UP,LONG_USD_SHORT_COP,SHADOW,False,5,5|25,0.314372,4350.95,0.1659,4232.57,4472.65,0.0,False,usdcop/directional_replay_2025_W01.png
2025-W01,2025-01-03,False,4343.75,risk_off,frozen_pre_2025,30,swing,2025-02-14,False,0.571927,0.6,DOWN,0.008444,0.848,4380.58,36.83,4098.35,4682.26,0.8,UP,False,False,False,0.0,-0.053322,4118.2,262.38,6.3713,True,1276,2024-12-30,2024-12-30,f5cc903ce6844b37,False,104,0.451923,0.447037,0.32,0.337597,0.433199,False,False,7,UP,LONG_USD_SHORT_COP,SHADOW,False,5,5|25,0.314372,4350.95,0.1659,4232.57,4472.65,0.0,False,usdcop/directional_replay_2025_W01.png
2025-W02,2025-01-10,False,4338.64,transition,frozen_pre_2025,1,execution,2025-01-13,False,0.469741,0.55,DOWN,0.00021,0.021,4339.55,0.91,4294.11,4385.47,0.8,UP,False,False,False,0.0,-0.004338,4319.86,19.69,0.4559,True,1305,2024-12-30,2024-12-30,783ecbdec4595223,True,104,0.605769,0.555303,0.227273,0.246818,0.48873,False,False,1,UP,LONG_USD_SHORT_COP,SHADOW,False,5,5|25,0.36911,4346.71,0.1859,4228.44,4468.28,0.0,False,usdcop/directional_replay_2025_W02.png
2025-W02,2025-01-10,False,4338.64,transition,frozen_pre_2025,5,tactical,2025-01-17,False,0.584701,0.45,UP,0.001857,0.1859,4346.71,8.07,4228.44,4468.28,0.8,UP,True,False,False,0.0,-0.001645,4331.51,15.2,0.3508,False,1301,2024-12-30,2024-12-30,dbbaaeaae61164cb,False,104,0.509615,0.49063,0.326087,0.263375,0.463392,False,True,2,UP,LONG_USD_SHORT_COP,SHADOW,False,5,5|25,0.36911,4346.71,0.1859,4228.44,4468.28,0.0,False,usdcop/directional_replay_2025_W02.png
2025-W02,2025-01-10,False,4338.64,transition,frozen_pre_2025,10,tactical,2025-01-24,False,0.547405,0.45,UP,0.003391,0.3397,4353.38,14.74,4185.94,4527.52,0.8,UP,True,False,False,0.0,-0.037042,4180.87,172.51,4.1262,False,1296,2024-12-30,2024-12-30,ff5277be1db3a312,False,104,0.471154,0.466605,0.387755,0.279044,0.458424,False,False,4,UP,LONG_USD_SHORT_COP,SHADOW,False,5,5|25,0.36911,4346.71,0.1859,4228.44,4468.28,0.0,False,usdcop/directional_replay_2025_W02.png
2025-W02,2025-01-10,False,4338.64,transition,frozen_pre_2025,15,tactical,2025-01-31,False,0.521453,0.45,UP,0.005168,0.5181,4361.12,22.48,4147.74,4585.48,0.8,UP,True,False,False,0.0,-0.030749,4207.26,153.86,3.657,False,1291,2024-12-30,2024-12-30,15dc7ab56cb103d2,False,104,0.480769,0.459091,0.318182,0.283538,0.443427,False,False,5,UP,LONG_USD_SHORT_COP,SHADOW,False,5,5|25,0.36911,4346.71,0.1859,4228.44,4468.28,0.0,False,usdcop/directional_replay_2025_W02.png
2025-W02,2025-01-10,False,4338.64,transition,frozen_pre_2025,20,swing,2025-02-07,False,0.589933,0.4,UP,0.007752,0.7783,4372.41,33.77,4135.15,4623.28,0.8,UP,True,False,False,0.0,-0.051596,4120.46,251.95,6.1145,False,1286,2024-12-30,2024-12-30,fe8038e81873cb0d,True,104,0.471154,0.484416,0.254545,0.321836,0.438906,False,False,6,UP,LONG_USD_SHORT_COP,SHADOW,False,5,5|25,0.36911,4346.71,0.1859,4228.44,4468.28,0.0,False,usdcop/directional_replay_2025_W02.png
2025-W02,2025-01-10,False,4338.64,transition,frozen_pre_2025,25,swing,2025-02-14,False,0.562943,0.55,UP,0.007959,0.7991,4373.31,34.67,4100.43,4664.35,0.8,UP,True,False,False,0.0,-0.052145,4118.2,255.11,6.1947,False,1281,2024-12-30,2024-12-30,10d56131505b0874,False,104,0.5,0.478788,0.340909,0.312106,0.459697,False,True,3,UP,LONG_USD_SHORT_COP,SHADOW,False,5,5|25,0.36911,4346.71,0.1859,4228.44,4468.28,0.0,False,usdcop/directional_replay_2025_W02.png
2025-W02,2025-01-10,False,4338.64,transition,frozen_pre_2025,30,swing,2025-02-21,False,0.573059,0.6,DOWN,0.008661,0.8699,4376.38,37.74,4094.42,4677.76,0.8,UP,False,False,False,0.0,-0.061214,4081.02,295.36,7.2374,True,1276,2024-12-30,2024-12-30,f5cc903ce6844b37,False,104,0.451923,0.447037,0.32,0.337597,0.433199,False,False,7,UP,LONG_USD_SHORT_COP,SHADOW,False,5,5|25,0.36911,4346.71,0.1859,4228.44,4468.28,0.0,False,usdcop/directional_replay_2025_W02.png
2025-W03,2025-01-17,False,4331.51,transition,frozen_pre_2025,1,execution,2025-01-20,False,0.49949,0.55,DOWN,0.000541,0.0541,4333.85,2.34,4288.47,4379.71,0.8,UP,False,False,False,0.0,-0.00199,4322.9,10.95,0.2534,True,1305,2024-12-30,2024-12-30,783ecbdec4595223,True,104,0.605769,0.555303,0.227273,0.246818,0.48873,False,False,1,FLAT,FLAT,ABSTAIN,False,5,5|25,0.0,4340.27,0.2023,4222.18,4461.67,0.0,,usdcop/directional_replay_2025_W03.png
2025-W03,2025-01-17,False,4331.51,transition,frozen_pre_2025,5,tactical,2025-01-24,False,0.60294,0.45,UP,0.002021,0.2023,4340.27,8.76,4222.18,4461.67,0.8,UP,True,False,False,0.0,-0.035397,4180.87,159.4,3.8127,False,1301,2024-12-30,2024-12-30,dbbaaeaae61164cb,False,104,0.509615,0.49063,0.326087,0.263375,0.463392,False,True,2,FLAT,FLAT,ABSTAIN,False,5,5|25,0.0,4340.27,0.2023,4222.18,4461.67,0.0,,usdcop/directional_replay_2025_W03.png
2025-W03,2025-01-17,False,4331.51,transition,frozen_pre_2025,10,tactical,2025-01-31,False,0.58739,0.45,UP,0.003738,0.3745,4347.73,16.22,4180.51,4521.65,0.8,UP,True,False,False,0.0,-0.029105,4207.26,140.47,3.3388,False,1296,2024-12-30,2024-12-30,ff5277be1db3a312,False,104,0.471154,0.466605,0.387755,0.279044,0.458424,False,False,4,FLAT,FLAT,ABSTAIN,False,5,5|25,0.0,4340.27,0.2023,4222.18,4461.67,0.0,,usdcop/directional_replay_2025_W03.png
2025-W03,2025-01-17,False,4331.51,transition,frozen_pre_2025,15,tactical,2025-02-07,False,0.541296,0.45,UP,0.005391,0.5406,4354.93,23.42,4141.85,4578.97,0.8,UP,True,False,False,0.0,-0.049951,4120.46,234.47,5.6903,False,1291,2024-12-30,2024-12-30,15dc7ab56cb103d2,False,104,0.480769,0.459091,0.318182,0.283538,0.443427,False,False,5,FLAT,FLAT,ABSTAIN,False,5,5|25,0.0,4340.27,0.2023,4222.18,4461.67,0.0,,usdcop/directional_replay_2025_W03.png
2025-W03,2025-01-17,False,4331.51,transition,frozen_pre_2025,20,swing,2025-02-14,False,0.545062,0.4,UP,0.006353,0.6374,4359.12,27.61,4122.58,4609.23,0.8,UP,True,False,False,0.0,-0.0505,4118.2,240.92,5.8501,False,1286,2024-12-30,2024-12-30,fe8038e81873cb0d,True,104,0.471154,0.484416,0.254545,0.321836,0.438906,False,False,6,FLAT,FLAT,ABSTAIN,False,5,5|25,0.0,4340.27,0.2023,4222.18,4461.67,0.0,,usdcop/directional_replay_2025_W03.png
2025-W03,2025-01-17,False,4331.51,transition,frozen_pre_2025,25,swing,2025-02-21,False,0.533182,0.55,DOWN,0.006669,0.6691,4360.49,28.98,4088.41,4650.68,0.8,UP,False,False,False,0.0,-0.059569,4081.02,279.47,6.8481,True,1281,2024-12-30,2024-12-30,10d56131505b0874,False,104,0.5,0.478788,0.340909,0.312106,0.459697,False,True,3,FLAT,FLAT,ABSTAIN,False,5,5|25,0.0,4340.27,0.2023,4222.18,4461.67,0.0,,usdcop/directional_replay_2025_W03.png
2025-W03,2025-01-17,False,4331.51,transition,frozen_pre_2025,30,swing,2025-02-28,False,0.547437,0.6,DOWN,0.007805,0.7836,4365.45,33.94,4084.19,4666.08,0.8,UP,False,False,False,0.0,-0.044216,4144.16,221.29,5.3398,True,1276,2024-12-30,2024-12-30,f5cc903ce6844b37,False,104,0.451923,0.447037,0.32,0.337597,0.433199,False,False,7,FLAT,FLAT,ABSTAIN,False,5,5|25,0.0,4340.27,0.2023,4222.18,4461.67,0.0,,usdcop/directional_replay_2025_W03.png
2025-W04,2025-01-24,False,4180.87,risk_off,frozen_pre_2025,1,execution,2025-01-27,False,0.45117,0.55,DOWN,-9.2e-05,-0.0092,4180.48,-0.39,4136.71,4224.72,0.8,DOWN,True,False,False,1.0,0.003417,4195.18,14.7,0.3503,False,1305,2024-12-30,2024-12-30,783ecbdec4595223,True,104,0.605769,0.555303,0.227273,0.246818,0.48873,False,False,1,FLAT,FLAT,ABSTAIN,False,5,5|25,0.0,4190.79,0.2373,4076.77,4308.0,1.0,,usdcop/directional_replay_2025_W04.png
2025-W04,2025-01-24,False,4180.87,risk_off,frozen_pre_2025,5,tactical,2025-01-31,False,0.632622,0.45,UP,0.00237,0.2373,4190.79,9.92,4076.77,4308.0,0.8,UP,True,False,False,1.0,0.006292,4207.26,16.47,0.3915,True,1301,2024-12-30,2024-12-30,dbbaaeaae61164cb,False,104,0.509615,0.49063,0.326087,0.263375,0.463392,False,True,2,FLAT,FLAT,ABSTAIN,False,5,5|25,0.0,4190.79,0.2373,4076.77,4308.0,1.0,,usdcop/directional_replay_2025_W04.png
2025-W04,2025-01-24,False,4180.87,risk_off,frozen_pre_2025,10,tactical,2025-02-07,False,0.578041,0.45,UP,0.003556,0.3562,4195.76,14.89,4034.38,4363.6,0.8,UP,True,False,False,0.0,-0.014555,4120.46,75.3,1.8275,False,1296,2024-12-30,2024-12-30,ff5277be1db3a312,False,104,0.471154,0.466605,0.387755,0.279044,0.458424,False,False,4,FLAT,FLAT,ABSTAIN,False,5,5|25,0.0,4190.79,0.2373,4076.77,4308.0,1.0,,usdcop/directional_replay_2025_W04.png
2025-W04,2025-01-24,False,4180.87,risk_off,frozen_pre_2025,15,tactical,2025-02-14,False,0.53612,0.45,UP,0.00523,0.5243,4202.79,21.92,3997.16,4419.01,0.8,UP,True,False,False,0.0,-0.015103,4118.2,84.59,2.0541,False,1291,2024-12-30,2024-12-30,15dc7ab56cb103d2,False,104,0.480769,0.459091,0.318182,0.283538,0.443427,False,False,5,FLAT,FLAT,ABSTAIN,False,5,5|25,0.0,4190.79,0.2373,4076.77,4308.0,1.0,,usdcop/directional_replay_2025_W04.png
2025-W04,2025-01-24,False,4180.87,risk_off,frozen_pre_2025,20,swing,2025-02-21,False,0.528658,0.4,UP,0.005905,0.5922,4205.63,24.76,3977.42,4446.94,0.8,UP,True,False,False,0.0,-0.024172,4081.02,124.61,3.0534,False,1286,2024-12-30,2024-12-30,fe8038e81873cb0d,True,104,0.471154,0.484416,0.254545,0.321836,0.438906,False,False,6,FLAT,FLAT,ABSTAIN,False,5,5|25,0.0,4190.79,0.2373,4076.77,4308.0,1.0,,usdcop/directional_replay_2025_W04.png
2025-W04,2025-01-24,False,4180.87,risk_off,frozen_pre_2025,25,swing,2025-02-28,False,0.529086,0.55,DOWN,0.006471,0.6492,4208.01,27.14,3945.45,4488.06,0.8,UP,False,False,False,0.0,-0.008819,4144.16,63.85,1.5408,True,1281,2024-12-30,2024-12-30,10d56131505b0874,False,104,0.5,0.478788,0.340909,0.312106,0.459697,False,True,3,FLAT,FLAT,ABSTAIN,False,5,5|25,0.0,4190.79,0.2373,4076.77,4308.0,1.0,,usdcop/directional_replay_2025_W04.png
2025-W04,2025-01-24,False,4180.87,risk_off,frozen_pre_2025,30,swing,2025-03-07,False,0.551396,0.6,DOWN,0.00764,0.7669,4212.93,32.06,3941.5,4503.06,0.8,UP,False,False,False,0.0,-0.01245,4129.14,83.79,2.0293,True,1276,2024-12-30,2024-12-30,f5cc903ce6844b37,False,104,0.451923,0.447037,0.32,0.337597,0.433199,False,False,7,FLAT,FLAT,ABSTAIN,False,5,5|25,0.0,4190.79,0.2373,4076.77,4308.0,1.0,,usdcop/directional_replay_2025_W04.png
2025-W05,2025-01-31,False,4207.26,transition,frozen_pre_2025,1,execution,2025-02-03,False,0.510478,0.55,DOWN,0.000265,0.0265,4208.38,1.12,4164.31,4252.91,0.8,UP,False,False,False,0.0,-0.011116,4160.75,47.63,1.1446,True,1305,2024-12-30,2024-12-30,783ecbdec4595223,True,104,0.605769,0.555303,0.227273,0.246818,0.48873,False,False,1,FLAT,FLAT,ABSTAIN,False,5,5|25,0.0,4216.09,0.2099,4101.38,4334.01,0.0,,usdcop/directional_replay_2025_W05.png
2025-W05,2025-01-31,False,4207.26,transition,frozen_pre_2025,5,tactical,2025-02-07,False,0.557538,0.45,UP,0.002096,0.2099,4216.09,8.83,4101.38,4334.01,0.8,UP,True,False,False,0.0,-0.020847,4120.46,95.63,2.3208,False,1301,2024-12-30,2024-12-30,dbbaaeaae61164cb,False,104,0.509615,0.49063,0.326087,0.263375,0.463392,False,True,2,FLAT,FLAT,ABSTAIN,False,5,5|25,0.0,4216.09,0.2099,4101.38,4334.01,0.0,,usdcop/directional_replay_2025_W05.png
2025-W05,2025-01-31,False,4207.26,transition,frozen_pre_2025,10,tactical,2025-02-14,False,0.633626,0.45,UP,0.004275,0.4285,4225.29,18.03,4062.77,4394.3,0.8,UP,True,False,False,0.0,-0.021395,4118.2,107.09,2.6003,False,1296,2024-12-30,2024-12-30,ff5277be1db3a312,False,104,0.471154,0.466605,0.387755,0.279044,0.458424,False,False,4,FLAT,FLAT,ABSTAIN,False,5,5|25,0.0,4216.09,0.2099,4101.38,4334.01,0.0,,usdcop/directional_replay_2025_W05.png
2025-W05,2025-01-31,False,4207.26,transition,frozen_pre_2025,15,tactical,2025-02-21,False,0.552697,0.45,UP,0.00563,0.5646,4231.01,23.75,4024.0,4448.68,0.8,UP,True,False,False,0.0,-0.030465,4081.02,149.99,3.6754,False,1291,2024-12-30,2024-12-30,15dc7ab56cb103d2,False,104,0.480769,0.459091,0.318182,0.283538,0.443427,False,False,5,FLAT,FLAT,ABSTAIN,False,5,5|25,0.0,4216.09,0.2099,4101.38,4334.01,0.0,,usdcop/directional_replay_2025_W05.png
2025-W05,2025-01-31,False,4207.26,transition,frozen_pre_2025,20,swing,2025-02-28,False,0.560093,0.4,UP,0.007999,0.8031,4241.05,33.79,4010.91,4484.38,0.8,UP,True,False,False,0.0,-0.015111,4144.16,96.89,2.3379,False,1286,2024-12-30,2024-12-30,fe8038e81873cb0d,True,104,0.471154,0.484416,0.254545,0.321836,0.438906,False,False,6,FLAT,FLAT,ABSTAIN,False,5,5|25,0.0,4216.09,0.2099,4101.38,4334.01,0.0,,usdcop/directional_replay_2025_W05.png
2025-W05,2025-01-31,False,4207.26,transition,frozen_pre_2025,25,swing,2025-03-07,False,0.511802,0.55,DOWN,0.005698,0.5714,4231.3,24.04,3967.28,4512.89,0.8,UP,False,False,False,0.0,-0.018742,4129.14,102.16,2.4741,True,1281,2024-12-30,2024-12-30,10d56131505b0874,False,104,0.5,0.478788,0.340909,0.312106,0.459697,False,True,3,FLAT,FLAT,ABSTAIN,False,5,5|25,0.0,4216.09,0.2099,4101.38,4334.01,0.0,,usdcop/directional_replay_2025_W05.png
2025-W05,2025-01-31,False,4207.26,transition,frozen_pre_2025,30,swing,2025-03-14,False,0.541431,0.6,DOWN,0.006804,0.6827,4235.98,28.72,3963.06,4527.7,0.8,UP,False,False,False,0.0,-0.025115,4102.91,133.07,3.2434,True,1276,2024-12-30,2024-12-30,f5cc903ce6844b37,False,104,0.451923,0.447037,0.32,0.337597,0.433199,False,False,7,FLAT,FLAT,ABSTAIN,False,5,5|25,0.0,4216.09,0.2099,4101.38,4334.01,0.0,,usdcop/directional_replay_2025_W05.png
2025-W06,2025-02-07,False,4120.46,risk_off,frozen_pre_2025,1,execution,2025-02-10,False,0.489064,0.55,DOWN,-2e-05,-0.002,4120.38,-0.08,4077.23,4163.98,0.8,DOWN,True,False,False,1.0,0.002177,4129.44,9.06,0.2195,False,1305,2024-12-30,2024-12-30,783ecbdec4595223,True,104,0.605769,0.555303,0.227273,0.246818,0.48873,False,False,1,FLAT,FLAT,ABSTAIN,False,5,5|25,0.0,4129.35,0.2159,4017.0,4244.85,0.0,,usdcop/directional_replay_2025_W06.png
2025-W06,2025-02-07,False,4120.46,risk_off,frozen_pre_2025,5,tactical,2025-02-14,False,0.618682,0.45,UP,0.002156,0.2159,4129.35,8.89,4017.0,4244.85,0.8,UP,True,False,False,0.0,-0.000549,4118.2,11.15,0.2709,False,1301,2024-12-30,2024-12-30,dbbaaeaae61164cb,False,104,0.509615,0.49063,0.326087,0.263375,0.463392,False,True,2,FLAT,FLAT,ABSTAIN,False,5,5|25,0.0,4129.35,0.2159,4017.0,4244.85,0.0,,usdcop/directional_replay_2025_W06.png
2025-W06,2025-02-07,False,4120.46,risk_off,frozen_pre_2025,10,tactical,2025-02-21,False,0.60244,0.45,UP,0.00386,0.3867,4136.39,15.93,3977.3,4301.86,0.8,UP,True,False,False,0.0,-0.009618,4081.02,55.37,1.3569,False,1296,2024-12-30,2024-12-30,ff5277be1db3a312,False,104,0.471154,0.466605,0.387755,0.279044,0.458424,False,False,4,FLAT,FLAT,ABSTAIN,False,5,5|25,0.0,4129.35,0.2159,4017.0,4244.85,0.0,,usdcop/directional_replay_2025_W06.png
2025-W06,2025-02-07,False,4120.46,risk_off,frozen_pre_2025,15,tactical,2025-02-28,False,0.532573,0.45,UP,0.005205,0.5219,4141.96,21.5,3939.3,4355.05,0.8,UP,True,False,False,1.0,0.005735,4144.16,2.2,0.053,True,1291,2024-12-30,2024-12-30,15dc7ab56cb103d2,False,104,0.480769,0.459091,0.318182,0.283538,0.443427,False,False,5,FLAT,FLAT,ABSTAIN,False,5,5|25,0.0,4129.35,0.2159,4017.0,4244.85,0.0,,usdcop/directional_replay_2025_W06.png
2025-W06,2025-02-07,False,4120.46,risk_off,frozen_pre_2025,20,swing,2025-03-07,False,0.5646,0.4,UP,0.007545,0.7573,4151.66,31.2,3926.38,4389.87,0.8,UP,True,False,False,1.0,0.002104,4129.14,22.52,0.5455,True,1286,2024-12-30,2024-12-30,fe8038e81873cb0d,True,104,0.471154,0.484416,0.254545,0.321836,0.438906,False,False,6,FLAT,FLAT,ABSTAIN,False,5,5|25,0.0,4129.35,0.2159,4017.0,4244.85,0.0,,usdcop/directional_replay_2025_W06.png
2025-W06,2025-02-07,False,4120.46,risk_off,frozen_pre_2025,25,swing,2025-03-14,False,0.505497,0.55,DOWN,0.005411,0.5426,4142.82,22.36,3884.32,4418.52,0.8,UP,False,False,False,0.0,-0.004268,4102.91,39.91,0.9726,True,1281,2024-12-30,2024-12-30,10d56131505b0874,False,104,0.5,0.478788,0.340909,0.312106,0.459697,False,True,3,FLAT,FLAT,ABSTAIN,False,5,5|25,0.0,4129.35,0.2159,4017.0,4244.85,0.0,,usdcop/directional_replay_2025_W06.png
2025-W06,2025-02-07,False,4120.46,risk_off,frozen_pre_2025,30,swing,2025-03-21,False,0.539576,0.6,DOWN,0.006491,0.6512,4147.29,26.83,3880.09,4432.9,0.8,UP,False,False,False,1.0,0.005839,4144.59,2.7,0.0652,False,1276,2024-12-30,2024-12-30,f5cc903ce6844b37,False,104,0.451923,0.447037,0.32,0.337597,0.433199,False,False,7,FLAT,FLAT,ABSTAIN,False,5,5|25,0.0,4129.35,0.2159,4017.0,4244.85,0.0,,usdcop/directional_replay_2025_W06.png
2025-W07,2025-02-14,False,4118.2,transition,frozen_pre_2025,1,execution,2025-02-17,False,0.471313,0.55,DOWN,0.000101,0.0101,4118.62,0.42,4075.49,4162.2,0.8,UP,False,False,False,1.0,0.003207,4131.43,12.81,0.3101,False,1305,2024-12-30,2024-12-30,783ecbdec4595223,True,104,0.605769,0.555303,0.227273,0.246818,0.48873,False,False,1,UP,LONG_USD_SHORT_COP,SHADOW,False,5,5|25,0.280272,4123.57,0.1304,4011.38,4238.9,0.0,False,usdcop/directional_replay_2025_W07.png
2025-W07,2025-02-14,False,4118.2,transition,frozen_pre_2025,5,tactical,2025-02-21,False,0.534216,0.45,UP,0.001303,0.1304,4123.57,5.37,4011.38,4238.9,0.8,UP,True,False,False,0.0,-0.009069,4081.02,42.55,1.0427,False,1301,2024-12-30,2024-12-30,dbbaaeaae61164cb,False,104,0.509615,0.49063,0.326087,0.263375,0.463392,False,True,2,UP,LONG_USD_SHORT_COP,SHADOW,False,5,5|25,0.280272,4123.57,0.1304,4011.38,4238.9,0.0,False,usdcop/directional_replay_2025_W07.png
2025-W07,2025-02-14,False,4118.2,transition,frozen_pre_2025,10,tactical,2025-02-28,False,0.593914,0.45,UP,0.003873,0.3881,4134.18,15.98,3975.17,4299.56,0.8,UP,True,False,False,1.0,0.006284,4144.16,9.98,0.2408,True,1296,2024-12-30,2024-12-30,ff5277be1db3a312,False,104,0.471154,0.466605,0.387755,0.279044,0.458424,False,False,4,UP,LONG_USD_SHORT_COP,SHADOW,False,5,5|25,0.280272,4123.57,0.1304,4011.38,4238.9,0.0,False,usdcop/directional_replay_2025_W07.png
2025-W07,2025-02-14,False,4118.2,transition,frozen_pre_2025,15,tactical,2025-03-07,False,0.527485,0.45,UP,0.004742,0.4753,4137.77,19.57,3935.32,4350.64,0.8,UP,True,False,False,1.0,0.002653,4129.14,8.63,0.2091,True,1291,2024-12-30,2024-12-30,15dc7ab56cb103d2,False,104,0.480769,0.459091,0.318182,0.283538,0.443427,False,False,5,UP,LONG_USD_SHORT_COP,SHADOW,False,5,5|25,0.280272,4123.57,0.1304,4011.38,4238.9,0.0,False,usdcop/directional_replay_2025_W07.png
2025-W07,2025-02-14,False,4118.2,transition,frozen_pre_2025,20,swing,2025-03-14,False,0.632598,0.4,UP,0.009633,0.968,4158.06,39.86,3932.43,4396.64,0.8,UP,True,False,False,0.0,-0.00372,4102.91,55.15,1.3443,False,1286,2024-12-30,2024-12-30,fe8038e81873cb0d,True,104,0.471154,0.484416,0.254545,0.321836,0.438906,False,False,6,UP,LONG_USD_SHORT_COP,SHADOW,False,5,5|25,0.280272,4123.57,0.1304,4011.38,4238.9,0.0,False,usdcop/directional_replay_2025_W07.png
2025-W07,2025-02-14,False,4118.2,transition,frozen_pre_2025,25,swing,2025-03-21,False,0.577893,0.55,UP,0.007287,0.7314,4148.32,30.12,3889.48,4424.39,0.8,UP,True,False,False,1.0,0.006388,4144.59,3.73,0.09,True,1281,2024-12-30,2024-12-30,10d56131505b0874,False,104,0.5,0.478788,0.340909,0.312106,0.459697,False,True,3,UP,LONG_USD_SHORT_COP,SHADOW,False,5,5|25,0.280272,4123.57,0.1304,4011.38,4238.9,0.0,False,usdcop/directional_replay_2025_W07.png
2025-W07,2025-02-14,False,4118.2,transition,frozen_pre_2025,30,swing,2025-03-28,False,0.608753,0.6,UP,0.0084,0.8435,4152.94,34.74,3885.37,4438.93,0.8,UP,True,False,False,1.0,0.020489,4203.45,50.51,1.2017,True,1276,2024-12-30,2024-12-30,f5cc903ce6844b37,False,104,0.451923,0.447037,0.32,0.337597,0.433199,False,False,7,UP,LONG_USD_SHORT_COP,SHADOW,False,5,5|25,0.280272,4123.57,0.1304,4011.38,4238.9,0.0,False,usdcop/directional_replay_2025_W07.png
2025-W08,2025-02-21,False,4081.02,transition,frozen_pre_2025,1,execution,2025-02-24,False,0.4234,0.55,DOWN,-6.8e-05,-0.0068,4080.74,-0.28,4038.01,4123.92,0.8,DOWN,True,False,False,1.0,0.008535,4116.0,35.26,0.8566,False,1305,2024-12-30,2024-12-30,783ecbdec4595223,True,104,0.605769,0.555303,0.227273,0.246818,0.48873,False,False,1,UP,LONG_USD_SHORT_COP,SHADOW,False,5,5|25,0.38754,4088.39,0.1806,3977.15,4202.74,1.0,True,usdcop/directional_replay_2025_W08.png
2025-W08,2025-02-21,False,4081.02,transition,frozen_pre_2025,5,tactical,2025-02-28,False,0.573256,0.45,UP,0.001804,0.1806,4088.39,7.37,3977.15,4202.74,0.8,UP,True,False,False,1.0,0.015353,4144.16,55.77,1.3458,True,1301,2024-12-30,2024-12-30,dbbaaeaae61164cb,False,104,0.509615,0.49063,0.326087,0.263375,0.463392,False,True,2,UP,LONG_USD_SHORT_COP,SHADOW,False,5,5|25,0.38754,4088.39,0.1806,3977.15,4202.74,1.0,True,usdcop/directional_replay_2025_W08.png
2025-W08,2025-02-21,False,4081.02,transition,frozen_pre_2025,10,tactical,2025-03-07,False,0.650956,0.45,UP,0.00467,0.4681,4100.12,19.1,3942.42,4264.14,0.8,UP,True,False,False,1.0,0.011722,4129.14,29.02,0.7027,True,1296,2024-12-30,2024-12-30,ff5277be1db3a312,False,104,0.471154,0.466605,0.387755,0.279044,0.458424,False,False,4,UP,LONG_USD_SHORT_COP,SHADOW,False,5,5|25,0.38754,4088.39,0.1806,3977.15,4202.74,1.0,True,usdcop/directional_replay_2025_W08.png
2025-W08,2025-02-21,False,4081.02,transition,frozen_pre_2025,15,tactical,2025-03-14,False,0.5576,0.45,UP,0.005556,0.5572,4103.76,22.74,3902.97,4314.88,0.8,UP,True,False,False,1.0,0.00535,4102.91,0.85,0.0207,True,1291,2024-12-30,2024-12-30,15dc7ab56cb103d2,False,104,0.480769,0.459091,0.318182,0.283538,0.443427,False,False,5,UP,LONG_USD_SHORT_COP,SHADOW,False,5,5|25,0.38754,4088.39,0.1806,3977.15,4202.74,1.0,True,usdcop/directional_replay_2025_W08.png
2025-W08,2025-02-21,False,4081.02,transition,frozen_pre_2025,20,swing,2025-03-21,False,0.657799,0.4,UP,0.011043,1.1104,4126.34,45.32,3902.43,4363.09,0.8,UP,True,False,False,1.0,0.015457,4144.59,18.25,0.4404,True,1286,2024-12-30,2024-12-30,fe8038e81873cb0d,True,104,0.471154,0.484416,0.254545,0.321836,0.438906,False,False,6,UP,LONG_USD_SHORT_COP,SHADOW,False,5,5|25,0.38754,4088.39,0.1806,3977.15,4202.74,1.0,True,usdcop/directional_replay_2025_W08.png
2025-W08,2025-02-21,False,4081.02,transition,frozen_pre_2025,25,swing,2025-03-28,False,0.58176,0.55,UP,0.006708,0.6731,4108.49,27.47,3852.13,4381.91,0.8,UP,True,False,False,1.0,0.029559,4203.45,94.96,2.2591,True,1281,2024-12-30,2024-12-30,10d56131505b0874,False,104,0.5,0.478788,0.340909,0.312106,0.459697,False,True,3,UP,LONG_USD_SHORT_COP,SHADOW,False,5,5|25,0.38754,4088.39,0.1806,3977.15,4202.74,1.0,True,usdcop/directional_replay_2025_W08.png
2025-W08,2025-02-21,False,4081.02,transition,frozen_pre_2025,30,swing,2025-04-04,False,0.608423,0.6,UP,0.007765,0.7795,4112.83,31.81,3847.85,4396.07,0.8,UP,True,False,False,1.0,0.03136,4211.03,98.2,2.3319,True,1276,2024-12-30,2024-12-30,f5cc903ce6844b37,False,104,0.451923,0.447037,0.32,0.337597,0.433199,False,False,7,UP,LONG_USD_SHORT_COP,SHADOW,False,5,5|25,0.38754,4088.39,0.1806,3977.15,4202.74,1.0,True,usdcop/directional_replay_2025_W08.png
2025-W09,2025-02-28,False,4144.16,transition,frozen_pre_2025,1,execution,2025-03-03,False,0.46064,0.55,DOWN,0.000299,0.0299,4145.4,1.24,4101.99,4189.26,0.8,UP,False,False,False,0.0,-0.002919,4132.08,13.32,0.3223,True,1305,2024-12-30,2024-12-30,783ecbdec4595223,True,104,0.605769,0.555303,0.227273,0.246818,0.48873,False,False,1,UP,LONG_USD_SHORT_COP,SHADOW,False,5,5|25,0.32637,4151.47,0.1764,4038.52,4267.58,0.0,False,usdcop/directional_replay_2025_W09.png
2025-W09,2025-02-28,False,4144.16,transition,frozen_pre_2025,5,tactical,2025-03-07,False,0.553325,0.45,UP,0.001763,0.1764,4151.47,7.31,4038.52,4267.58,0.8,UP,True,False,False,0.0,-0.003631,4129.14,22.33,0.5408,False,1301,2024-12-30,2024-12-30,dbbaaeaae61164cb,False,104,0.509615,0.49063,0.326087,0.263375,0.463392,False,True,2,UP,LONG_USD_SHORT_COP,SHADOW,False,5,5|25,0.32637,4151.47,0.1764,4038.52,4267.58,0.0,False,usdcop/directional_replay_2025_W09.png
2025-W09,2025-02-28,False,4144.16,transition,frozen_pre_2025,10,tactical,2025-03-14,False,0.554457,0.45,UP,0.003394,0.34,4158.25,14.09,3998.31,4324.59,0.8,UP,True,False,False,0.0,-0.010004,4102.91,55.34,1.3488,False,1296,2024-12-30,2024-12-30,ff5277be1db3a312,False,104,0.471154,0.466605,0.387755,0.279044,0.458424,False,False,4,UP,LONG_USD_SHORT_COP,SHADOW,False,5,5|25,0.32637,4151.47,0.1764,4038.52,4267.58,0.0,False,usdcop/directional_replay_2025_W09.png
2025-W09,2025-02-28,False,4144.16,transition,frozen_pre_2025,15,tactical,2025-03-21,False,0.51084,0.45,UP,0.004483,0.4493,4162.78,18.62,3959.1,4376.93,0.8,UP,True,False,False,1.0,0.000104,4144.59,18.19,0.4388,True,1291,2024-12-30,2024-12-30,15dc7ab56cb103d2,False,104,0.480769,0.459091,0.318182,0.283538,0.443427,False,False,5,UP,LONG_USD_SHORT_COP,SHADOW,False,5,5|25,0.32637,4151.47,0.1764,4038.52,4267.58,0.0,False,usdcop/directional_replay_2025_W09.png
2025-W09,2025-02-28,False,4144.16,transition,frozen_pre_2025,20,swing,2025-03-28,False,0.624014,0.4,UP,0.007873,0.7904,4176.91,32.75,3950.26,4416.57,0.8,UP,True,False,False,1.0,0.014206,4203.45,26.54,0.6313,True,1286,2024-12-30,2024-12-30,fe8038e81873cb0d,True,104,0.471154,0.484416,0.254545,0.321836,0.438906,False,False,6,UP,LONG_USD_SHORT_COP,SHADOW,False,5,5|25,0.32637,4151.47,0.1764,4038.52,4267.58,0.0,False,usdcop/directional_replay_2025_W09.png
2025-W09,2025-02-28,False,4144.16,transition,frozen_pre_2025,25,swing,2025-04-04,False,0.577223,0.55,UP,0.006537,0.6558,4171.34,27.18,3911.06,4448.94,0.8,UP,True,False,False,1.0,0.016007,4211.03,39.69,0.9426,True,1281,2024-12-30,2024-12-30,10d56131505b0874,False,104,0.5,0.478788,0.340909,0.312106,0.459697,False,True,3,UP,LONG_USD_SHORT_COP,SHADOW,False,5,5|25,0.32637,4151.47,0.1764,4038.52,4267.58,0.0,False,usdcop/directional_replay_2025_W09.png
2025-W09,2025-02-28,False,4144.16,transition,frozen_pre_2025,30,swing,2025-04-11,False,0.603081,0.6,UP,0.00757,0.7598,4175.65,31.49,3906.62,4463.21,0.8,UP,True,False,False,1.0,0.031294,4275.9,100.25,2.3446,True,1276,2024-12-30,2024-12-30,f5cc903ce6844b37,False,104,0.451923,0.447037,0.32,0.337597,0.433199,False,False,7,UP,LONG_USD_SHORT_COP,SHADOW,False,5,5|25,0.32637,4151.47,0.1764,4038.52,4267.58,0.0,False,usdcop/directional_replay_2025_W09.png
2025-W10,2025-03-07,False,4129.14,transition,frozen_pre_2025,1,execution,2025-03-10,False,0.435362,0.55,DOWN,0.00012,0.012,4129.64,0.5,4086.4,4173.33,0.8,UP,False,False,False,1.0,0.012728,4182.03,52.39,1.2528,False,1305,2024-12-30,2024-12-30,783ecbdec4595223,True,104,0.605769,0.555303,0.227273,0.246818,0.48873,False,False,1,UP,LONG_USD_SHORT_COP,SHADOW,False,5,5|25,0.267582,4135.07,0.1435,4022.56,4250.72,0.0,False,usdcop/directional_replay_2025_W10.png
2025-W10,2025-03-07,False,4129.14,transition,frozen_pre_2025,5,tactical,2025-03-14,False,0.534356,0.45,UP,0.001434,0.1435,4135.07,5.93,4022.56,4250.72,0.8,UP,True,False,False,0.0,-0.006373,4102.91,32.16,0.7838,False,1301,2024-12-30,2024-12-30,dbbaaeaae61164cb,False,104,0.509615,0.49063,0.326087,0.263375,0.463392,False,True,2,UP,LONG_USD_SHORT_COP,SHADOW,False,5,5|25,0.267582,4135.07,0.1435,4022.56,4250.72,0.0,False,usdcop/directional_replay_2025_W10.png
2025-W10,2025-03-07,False,4129.14,transition,frozen_pre_2025,10,tactical,2025-03-21,False,0.544321,0.45,UP,0.003354,0.3359,4143.01,13.87,3983.66,4308.74,0.8,UP,True,False,False,1.0,0.003735,4144.59,1.58,0.0381,True,1296,2024-12-30,2024-12-30,ff5277be1db3a312,False,104,0.471154,0.466605,0.387755,0.279044,0.458424,False,False,4,UP,LONG_USD_SHORT_COP,SHADOW,False,5,5|25,0.267582,4135.07,0.1435,4022.56,4250.72,0.0,False,usdcop/directional_replay_2025_W10.png
2025-W10,2025-03-07,False,4129.14,transition,frozen_pre_2025,15,tactical,2025-03-28,False,0.498769,0.45,UP,0.00444,0.445,4147.52,18.38,3944.58,4360.89,0.8,UP,True,False,False,1.0,0.017836,4203.45,55.93,1.3307,True,1291,2024-12-30,2024-12-30,15dc7ab56cb103d2,False,104,0.480769,0.459091,0.318182,0.283538,0.443427,False,False,5,UP,LONG_USD_SHORT_COP,SHADOW,False,5,5|25,0.267582,4135.07,0.1435,4022.56,4250.72,0.0,False,usdcop/directional_replay_2025_W10.png
2025-W10,2025-03-07,False,4129.14,transition,frozen_pre_2025,20,swing,2025-04-04,False,0.621833,0.4,UP,0.007671,0.7701,4160.94,31.8,3935.15,4399.68,0.8,UP,True,False,False,1.0,0.019638,4211.03,50.09,1.1896,True,1286,2024-12-30,2024-12-30,fe8038e81873cb0d,True,104,0.471154,0.484416,0.254545,0.321836,0.438906,False,False,6,UP,LONG_USD_SHORT_COP,SHADOW,False,5,5|25,0.267582,4135.07,0.1435,4022.56,4250.72,0.0,False,usdcop/directional_replay_2025_W10.png
2025-W10,2025-03-07,False,4129.14,transition,frozen_pre_2025,25,swing,2025-04-11,False,0.572677,0.55,UP,0.006345,0.6365,4155.42,26.28,3896.14,4431.97,0.8,UP,True,False,False,1.0,0.034925,4275.9,120.48,2.8176,True,1281,2024-12-30,2024-12-30,10d56131505b0874,False,104,0.5,0.478788,0.340909,0.312106,0.459697,False,True,3,UP,LONG_USD_SHORT_COP,SHADOW,False,5,5|25,0.267582,4135.07,0.1435,4022.56,4250.72,0.0,False,usdcop/directional_replay_2025_W10.png
2025-W10,2025-03-07,False,4129.14,transition,frozen_pre_2025,30,swing,2025-04-18,False,0.601316,0.6,UP,0.00737,0.7397,4159.68,30.54,3891.68,4446.14,0.8,UP,True,False,False,1.0,0.042637,4309.0,149.32,3.4652,True,1276,2024-12-30,2024-12-30,f5cc903ce6844b37,False,104,0.451923,0.447037,0.32,0.337597,0.433199,False,False,7,UP,LONG_USD_SHORT_COP,SHADOW,False,5,5|25,0.267582,4135.07,0.1435,4022.56,4250.72,0.0,False,usdcop/directional_replay_2025_W10.png
2025-W11,2025-03-14,False,4102.91,transition,frozen_pre_2025,1,execution,2025-03-17,False,0.456435,0.55,DOWN,0.00012,0.012,4103.4,0.49,4060.44,4146.82,0.8,UP,False,False,False,0.0,-0.002699,4091.85,11.55,0.2823,True,1305,2024-12-30,2024-12-30,783ecbdec4595223,True,104,0.605769,0.555303,0.227273,0.246818,0.48873,False,False,1,UP,LONG_USD_SHORT_COP,SHADOW,False,5,5|25,0.358642,4109.53,0.1613,3997.71,4224.47,1.0,True,usdcop/directional_replay_2025_W11.png
2025-W11,2025-03-14,False,4102.91,transition,frozen_pre_2025,5,tactical,2025-03-21,False,0.542212,0.45,UP,0.001611,0.1613,4109.53,6.62,3997.71,4224.47,0.8,UP,True,False,False,1.0,0.010107,4144.59,35.06,0.846,True,1301,2024-12-30,2024-12-30,dbbaaeaae61164cb,False,104,0.509615,0.49063,0.326087,0.263375,0.463392,False,True,2,UP,LONG_USD_SHORT_COP,SHADOW,False,5,5|25,0.358642,4109.53,0.1613,3997.71,4224.47,1.0,True,usdcop/directional_replay_2025_W11.png
2025-W11,2025-03-14,False,4102.91,transition,frozen_pre_2025,10,tactical,2025-03-28,False,0.509476,0.45,UP,0.003602,0.3608,4117.71,14.8,3959.33,4282.43,0.8,UP,True,False,False,1.0,0.024209,4203.45,85.74,2.0397,True,1296,2024-12-30,2024-12-30,ff5277be1db3a312,False,104,0.471154,0.466605,0.387755,0.279044,0.458424,False,False,4,UP,LONG_USD_SHORT_COP,SHADOW,False,5,5|25,0.358642,4109.53,0.1613,3997.71,4224.47,1.0,True,usdcop/directional_replay_2025_W11.png
2025-W11,2025-03-14,False,4102.91,transition,frozen_pre_2025,15,tactical,2025-04-04,False,0.460821,0.45,UP,0.005077,0.509,4123.79,20.88,3922.02,4335.94,0.8,UP,True,False,False,1.0,0.026011,4211.03,87.24,2.0716,True,1291,2024-12-30,2024-12-30,15dc7ab56cb103d2,False,104,0.480769,0.459091,0.318182,0.283538,0.443427,False,False,5,UP,LONG_USD_SHORT_COP,SHADOW,False,5,5|25,0.358642,4109.53,0.1613,3997.71,4224.47,1.0,True,usdcop/directional_replay_2025_W11.png
2025-W11,2025-03-14,False,4102.91,transition,frozen_pre_2025,20,swing,2025-04-11,False,0.628596,0.4,UP,0.006957,0.6981,4131.55,28.64,3907.36,4368.61,0.8,UP,True,False,False,1.0,0.041298,4275.9,144.35,3.3758,True,1286,2024-12-30,2024-12-30,fe8038e81873cb0d,True,104,0.471154,0.484416,0.254545,0.321836,0.438906,False,False,6,UP,LONG_USD_SHORT_COP,SHADOW,False,5,5|25,0.358642,4109.53,0.1613,3997.71,4224.47,1.0,True,usdcop/directional_replay_2025_W11.png
2025-W11,2025-03-14,False,4102.91,transition,frozen_pre_2025,25,swing,2025-04-18,False,0.601245,0.55,UP,0.006154,0.6173,4128.24,25.33,3870.65,4402.97,0.8,UP,True,False,False,1.0,0.049009,4309.0,180.76,4.195,True,1281,2024-12-30,2024-12-30,10d56131505b0874,False,104,0.5,0.478788,0.340909,0.312106,0.459697,False,True,3,UP,LONG_USD_SHORT_COP,SHADOW,False,5,5|25,0.358642,4109.53,0.1613,3997.71,4224.47,1.0,True,usdcop/directional_replay_2025_W11.png
2025-W11,2025-03-14,False,4102.91,transition,frozen_pre_2025,30,swing,2025-04-25,False,0.641272,0.6,UP,0.006578,0.66,4129.99,27.08,3863.9,4414.4,0.8,UP,True,False,False,1.0,0.026934,4214.92,84.93,2.015,True,1276,2024-12-30,2024-12-30,f5cc903ce6844b37,False,104,0.451923,0.447037,0.32,0.337597,0.433199,False,False,7,UP,LONG_USD_SHORT_COP,SHADOW,False,5,5|25,0.358642,4109.53,0.1613,3997.71,4224.47,1.0,True,usdcop/directional_replay_2025_W11.png
2025-W12,2025-03-21,False,4144.59,transition,frozen_pre_2025,1,execution,2025-03-24,False,0.475958,0.55,DOWN,0.000338,0.0338,4145.99,1.4,4102.58,4189.86,0.8,UP,False,False,False,0.0,-0.000106,4144.15,1.84,0.0444,True,1305,2024-12-30,2024-12-30,783ecbdec4595223,True,104,0.605769,0.555303,0.227273,0.246818,0.48873,False,False,1,UP,LONG_USD_SHORT_COP,SHADOW,False,5,5|25,0.271195,4150.66,0.1464,4037.73,4266.75,1.0,True,usdcop/directional_replay_2025_W12.png
2025-W12,2025-03-21,False,4144.59,transition,frozen_pre_2025,5,tactical,2025-03-28,False,0.52831,0.45,UP,0.001463,0.1464,4150.66,6.07,4037.73,4266.75,0.8,UP,True,False,False,1.0,0.014102,4203.45,52.79,1.2559,True,1301,2024-12-30,2024-12-30,dbbaaeaae61164cb,False,104,0.509615,0.49063,0.326087,0.263375,0.463392,False,True,2,UP,LONG_USD_SHORT_COP,SHADOW,False,5,5|25,0.271195,4150.66,0.1464,4037.73,4266.75,1.0,True,usdcop/directional_replay_2025_W12.png
2025-W12,2025-03-21,False,4144.59,transition,frozen_pre_2025,10,tactical,2025-04-04,False,0.418094,0.45,DOWN,0.002714,0.2718,4155.85,11.26,3996.01,4322.09,0.8,UP,False,False,False,1.0,0.015903,4211.03,55.18,1.3103,False,1296,2024-12-30,2024-12-30,ff5277be1db3a312,False,104,0.471154,0.466605,0.387755,0.279044,0.458424,False,False,4,UP,LONG_USD_SHORT_COP,SHADOW,False,5,5|25,0.271195,4150.66,0.1464,4037.73,4266.75,1.0,True,usdcop/directional_replay_2025_W12.png
2025-W12,2025-03-21,False,4144.59,transition,frozen_pre_2025,15,tactical,2025-04-11,False,0.439808,0.45,DOWN,0.004486,0.4496,4163.22,18.63,3959.52,4377.4,0.8,UP,False,False,False,1.0,0.031191,4275.9,112.68,2.6351,False,1291,2024-12-30,2024-12-30,15dc7ab56cb103d2,False,104,0.480769,0.459091,0.318182,0.283538,0.443427,False,False,5,UP,LONG_USD_SHORT_COP,SHADOW,False,5,5|25,0.271195,4150.66,0.1464,4037.73,4266.75,1.0,True,usdcop/directional_replay_2025_W12.png
2025-W12,2025-03-21,False,4144.59,transition,frozen_pre_2025,20,swing,2025-04-18,False,0.625305,0.4,UP,0.008742,0.8781,4180.98,36.39,3954.11,4420.87,0.8,UP,True,False,False,1.0,0.038902,4309.0,128.02,2.971,True,1286,2024-12-30,2024-12-30,fe8038e81873cb0d,True,104,0.471154,0.484416,0.254545,0.321836,0.438906,False,False,6,UP,LONG_USD_SHORT_COP,SHADOW,False,5,5|25,0.271195,4150.66,0.1464,4037.73,4266.75,1.0,True,usdcop/directional_replay_2025_W12.png
2025-W12,2025-03-21,False,4144.59,transition,frozen_pre_2025,25,swing,2025-04-25,False,0.580168,0.55,UP,0.009021,0.9062,4182.15,37.56,3921.19,4460.47,0.8,UP,True,False,False,1.0,0.016827,4214.92,32.77,0.7776,True,1281,2024-12-30,2024-12-30,10d56131505b0874,False,104,0.5,0.478788,0.340909,0.312106,0.459697,False,True,3,UP,LONG_USD_SHORT_COP,SHADOW,False,5,5|25,0.271195,4150.66,0.1464,4037.73,4266.75,1.0,True,usdcop/directional_replay_2025_W12.png
2025-W12,2025-03-21,False,4144.59,transition,frozen_pre_2025,30,swing,2025-05-02,False,0.613193,0.6,UP,0.009349,0.9393,4183.52,38.93,3913.98,4471.62,0.8,UP,True,False,False,1.0,0.024056,4245.5,61.98,1.4599,True,1276,2024-12-30,2024-12-30,f5cc903ce6844b37,False,104,0.451923,0.447037,0.32,0.337597,0.433199,False,False,7,UP,LONG_USD_SHORT_COP,SHADOW,False,5,5|25,0.271195,4150.66,0.1464,4037.73,4266.75,1.0,True,usdcop/directional_replay_2025_W12.png
2025-W13,2025-03-28,False,4203.45,transition,frozen_pre_2025,1,execution,2025-03-31,False,0.482369,0.55,DOWN,0.000467,0.0467,4205.41,1.96,4161.38,4249.91,0.8,UP,False,False,False,0.0,-0.002732,4191.98,13.43,0.3205,True,1305,2024-12-30,2024-12-30,783ecbdec4595223,True,104,0.605769,0.555303,0.227273,0.246818,0.48873,False,False,1,UP,LONG_USD_SHORT_COP,SHADOW,False,5,5|25,0.293338,4210.53,0.1685,4095.97,4328.3,1.0,True,usdcop/directional_replay_2025_W13.png
2025-W13,2025-03-28,False,4203.45,transition,frozen_pre_2025,5,tactical,2025-04-04,False,0.540908,0.45,UP,0.001684,0.1685,4210.53,7.08,4095.97,4328.3,0.8,UP,True,False,False,1.0,0.001802,4211.03,0.5,0.0118,True,1301,2024-12-30,2024-12-30,dbbaaeaae61164cb,False,104,0.509615,0.49063,0.326087,0.263375,0.463392,False,True,2,UP,LONG_USD_SHORT_COP,SHADOW,False,5,5|25,0.293338,4210.53,0.1685,4095.97,4328.3,1.0,True,usdcop/directional_replay_2025_W13.png
2025-W13,2025-03-28,False,4203.45,transition,frozen_pre_2025,10,tactical,2025-04-11,False,0.402954,0.45,DOWN,0.002525,0.2528,4214.08,10.63,4051.99,4382.64,0.8,UP,False,False,False,1.0,0.017089,4275.9,61.82,1.4459,False,1296,2024-12-30,2024-12-30,ff5277be1db3a312,False,104,0.471154,0.466605,0.387755,0.279044,0.458424,False,False,4,UP,LONG_USD_SHORT_COP,SHADOW,False,5,5|25,0.293338,4210.53,0.1685,4095.97,4328.3,1.0,True,usdcop/directional_replay_2025_W13.png
2025-W13,2025-03-28,False,4203.45,transition,frozen_pre_2025,15,tactical,2025-04-18,False,0.429947,0.45,DOWN,0.004258,0.4268,4221.39,17.94,4014.84,4438.56,0.8,UP,False,False,False,1.0,0.0248,4309.0,87.61,2.0332,False,1291,2024-12-30,2024-12-30,15dc7ab56cb103d2,False,104,0.480769,0.459091,0.318182,0.283538,0.443427,False,False,5,UP,LONG_USD_SHORT_COP,SHADOW,False,5,5|25,0.293338,4210.53,0.1685,4095.97,4328.3,1.0,True,usdcop/directional_replay_2025_W13.png
2025-W13,2025-03-28,False,4203.45,transition,frozen_pre_2025,20,swing,2025-04-25,False,0.626912,0.4,UP,0.008638,0.8675,4239.92,36.47,4009.84,4483.19,0.8,UP,True,False,False,1.0,0.002725,4214.92,25.0,0.593,True,1286,2024-12-30,2024-12-30,fe8038e81873cb0d,True,104,0.471154,0.484416,0.254545,0.321836,0.438906,False,False,6,UP,LONG_USD_SHORT_COP,SHADOW,False,5,5|25,0.293338,4210.53,0.1685,4095.97,4328.3,1.0,True,usdcop/directional_replay_2025_W13.png
2025-W13,2025-03-28,False,4203.45,transition,frozen_pre_2025,25,swing,2025-05-02,False,0.576427,0.55,UP,0.008842,0.8881,4240.78,37.33,3976.17,4523.0,0.8,UP,True,False,False,1.0,0.009954,4245.5,4.72,0.1111,True,1281,2024-12-30,2024-12-30,10d56131505b0874,False,104,0.5,0.478788,0.340909,0.312106,0.459697,False,True,3,UP,LONG_USD_SHORT_COP,SHADOW,False,5,5|25,0.293338,4210.53,0.1685,4095.97,4328.3,1.0,True,usdcop/directional_replay_2025_W13.png
2025-W13,2025-03-28,False,4203.45,transition,frozen_pre_2025,30,swing,2025-05-09,False,0.602883,0.6,UP,0.009123,0.9165,4241.97,38.52,3968.67,4534.1,0.8,UP,True,False,False,1.0,0.003598,4218.6,23.37,0.5541,True,1276,2024-12-30,2024-12-30,f5cc903ce6844b37,False,104,0.451923,0.447037,0.32,0.337597,0.433199,False,False,7,UP,LONG_USD_SHORT_COP,SHADOW,False,5,5|25,0.293338,4210.53,0.1685,4095.97,4328.3,1.0,True,usdcop/directional_replay_2025_W13.png
2025-W14,2025-04-04,False,4211.03,transition,frozen_pre_2025,1,execution,2025-04-07,False,0.433569,0.55,DOWN,0.000159,0.0159,4211.7,0.67,4167.6,4256.26,0.8,UP,False,False,False,1.0,0.041891,4391.18,179.48,4.0873,False,1305,2024-12-30,2024-12-30,783ecbdec4595223,True,104,0.605769,0.555303,0.227273,0.246818,0.48873,False,False,1,UP,LONG_USD_SHORT_COP,SHADOW,False,5,5|25,0.210527,4217.2,0.1465,4102.46,4335.15,1.0,True,usdcop/directional_replay_2025_W14.png
2025-W14,2025-04-04,False,4211.03,transition,frozen_pre_2025,5,tactical,2025-04-11,False,0.52354,0.45,UP,0.001463,0.1465,4217.2,6.17,4102.46,4335.15,0.8,UP,True,False,False,1.0,0.015287,4275.9,58.7,1.3729,True,1301,2024-12-30,2024-12-30,dbbaaeaae61164cb,False,104,0.509615,0.49063,0.326087,0.263375,0.463392,False,True,2,UP,LONG_USD_SHORT_COP,SHADOW,False,5,5|25,0.210527,4217.2,0.1465,4102.46,4335.15,1.0,True,usdcop/directional_replay_2025_W14.png
2025-W14,2025-04-04,False,4211.03,transition,frozen_pre_2025,10,tactical,2025-04-18,False,0.427771,0.45,DOWN,0.002974,0.2978,4223.57,12.54,4061.12,4392.52,0.8,UP,False,False,False,1.0,0.022999,4309.0,85.43,1.9826,False,1296,2024-12-30,2024-12-30,ff5277be1db3a312,False,104,0.471154,0.466605,0.387755,0.279044,0.458424,False,False,4,UP,LONG_USD_SHORT_COP,SHADOW,False,5,5|25,0.210527,4217.2,0.1465,4102.46,4335.15,1.0,True,usdcop/directional_replay_2025_W14.png
2025-W14,2025-04-04,False,4211.03,transition,frozen_pre_2025,15,tactical,2025-04-25,False,0.434279,0.45,DOWN,0.004662,0.4673,4230.71,19.68,4023.71,4448.36,0.8,UP,False,False,False,1.0,0.000923,4214.92,15.79,0.3746,False,1291,2024-12-30,2024-12-30,15dc7ab56cb103d2,False,104,0.480769,0.459091,0.318182,0.283538,0.443427,False,False,5,UP,LONG_USD_SHORT_COP,SHADOW,False,5,5|25,0.210527,4217.2,0.1465,4102.46,4335.15,1.0,True,usdcop/directional_replay_2025_W14.png
2025-W14,2025-04-04,False,4211.03,transition,frozen_pre_2025,20,swing,2025-05-02,False,0.642671,0.4,UP,0.009688,0.9735,4252.02,40.99,4021.29,4495.99,0.8,UP,True,False,False,1.0,0.008152,4245.5,6.52,0.1537,True,1286,2024-12-30,2024-12-30,fe8038e81873cb0d,True,104,0.471154,0.484416,0.254545,0.321836,0.438906,False,False,6,UP,LONG_USD_SHORT_COP,SHADOW,False,5,5|25,0.210527,4217.2,0.1465,4102.46,4335.15,1.0,True,usdcop/directional_replay_2025_W14.png
2025-W14,2025-04-04,False,4211.03,transition,frozen_pre_2025,25,swing,2025-05-09,False,0.560671,0.55,UP,0.008172,0.8205,4245.58,34.55,3980.67,4528.12,0.8,UP,True,False,False,1.0,0.001796,4218.6,26.98,0.6396,True,1281,2024-12-30,2024-12-30,10d56131505b0874,False,104,0.5,0.478788,0.340909,0.312106,0.459697,False,True,3,UP,LONG_USD_SHORT_COP,SHADOW,False,5,5|25,0.210527,4217.2,0.1465,4102.46,4335.15,1.0,True,usdcop/directional_replay_2025_W14.png
2025-W14,2025-04-04,False,4211.03,transition,frozen_pre_2025,30,swing,2025-05-16,False,0.583489,0.6,DOWN,0.008395,0.843,4246.53,35.5,3972.93,4538.97,0.8,UP,False,False,False,0.0,-0.008837,4173.98,72.55,1.7381,True,1276,2024-12-30,2024-12-30,f5cc903ce6844b37,False,104,0.451923,0.447037,0.32,0.337597,0.433199,False,False,7,UP,LONG_USD_SHORT_COP,SHADOW,False,5,5|25,0.210527,4217.2,0.1465,4102.46,4335.15,1.0,True,usdcop/directional_replay_2025_W14.png
2025-W15,2025-04-11,False,4275.9,transition,frozen_pre_2025,1,execution,2025-04-14,False,0.491676,0.55,DOWN,0.000652,0.0652,4278.69,2.79,4233.89,4323.96,0.8,UP,False,False,False,1.0,0.005981,4301.55,22.86,0.5315,False,1305,2024-12-30,2024-12-30,783ecbdec4595223,True,104,0.605769,0.555303,0.227273,0.246818,0.48873,False,False,1,FLAT,FLAT,ABSTAIN,False,5,5|25,0.0,4280.25,0.1017,4163.79,4399.96,1.0,,usdcop/directional_replay_2025_W15.png
2025-W15,2025-04-11,False,4275.9,transition,frozen_pre_2025,5,tactical,2025-04-18,False,0.463642,0.45,UP,0.001016,0.1017,4280.25,4.35,4163.79,4399.96,0.8,UP,True,False,False,1.0,0.007711,4309.0,28.75,0.6673,True,1301,2024-12-30,2024-12-30,dbbaaeaae61164cb,False,104,0.509615,0.49063,0.326087,0.263375,0.463392,False,True,2,FLAT,FLAT,ABSTAIN,False,5,5|25,0.0,4280.25,0.1017,4163.79,4399.96,1.0,,usdcop/directional_replay_2025_W15.png
2025-W15,2025-04-11,False,4275.9,transition,frozen_pre_2025,10,tactical,2025-04-25,False,0.29283,0.45,DOWN,0.00104,0.104,4280.35,4.45,4115.71,4451.57,0.8,UP,False,False,False,0.0,-0.014364,4214.92,65.43,1.5523,True,1296,2024-12-30,2024-12-30,ff5277be1db3a312,False,104,0.471154,0.466605,0.387755,0.279044,0.458424,False,False,4,FLAT,FLAT,ABSTAIN,False,5,5|25,0.0,4280.25,0.1017,4163.79,4399.96,1.0,,usdcop/directional_replay_2025_W15.png
2025-W15,2025-04-11,False,4275.9,transition,frozen_pre_2025,15,tactical,2025-05-02,False,0.32165,0.45,DOWN,0.002193,0.2195,4285.29,9.39,4075.61,4505.75,0.8,UP,False,False,False,0.0,-0.007135,4245.5,39.79,0.9372,True,1291,2024-12-30,2024-12-30,15dc7ab56cb103d2,False,104,0.480769,0.459091,0.318182,0.283538,0.443427,False,False,5,FLAT,FLAT,ABSTAIN,False,5,5|25,0.0,4280.25,0.1017,4163.79,4399.96,1.0,,usdcop/directional_replay_2025_W15.png
2025-W15,2025-04-11,False,4275.9,transition,frozen_pre_2025,20,swing,2025-05-09,False,0.584917,0.4,UP,0.006324,0.6344,4303.02,27.12,4069.53,4549.92,0.8,UP,True,False,False,0.0,-0.013491,4218.6,84.42,2.0012,False,1286,2024-12-30,2024-12-30,fe8038e81873cb0d,True,104,0.471154,0.484416,0.254545,0.321836,0.438906,False,False,6,FLAT,FLAT,ABSTAIN,False,5,5|25,0.0,4280.25,0.1017,4163.79,4399.96,1.0,,usdcop/directional_replay_2025_W15.png
2025-W15,2025-04-11,False,4275.9,transition,frozen_pre_2025,25,swing,2025-05-16,False,0.508382,0.55,DOWN,0.005757,0.5774,4300.59,24.69,4032.24,4586.79,0.8,UP,False,False,False,0.0,-0.024125,4173.98,126.61,3.0333,True,1281,2024-12-30,2024-12-30,10d56131505b0874,False,104,0.5,0.478788,0.340909,0.312106,0.459697,False,True,3,FLAT,FLAT,ABSTAIN,False,5,5|25,0.0,4280.25,0.1017,4163.79,4399.96,1.0,,usdcop/directional_replay_2025_W15.png
2025-W15,2025-04-11,False,4275.9,transition,frozen_pre_2025,30,swing,2025-05-23,False,0.543326,0.6,DOWN,0.005786,0.5803,4300.71,24.81,4023.62,4596.88,0.8,UP,False,False,False,0.0,-0.029951,4149.73,150.98,3.6383,True,1276,2024-12-30,2024-12-30,f5cc903ce6844b37,False,104,0.451923,0.447037,0.32,0.337597,0.433199,False,False,7,FLAT,FLAT,ABSTAIN,False,5,5|25,0.0,4280.25,0.1017,4163.79,4399.96,1.0,,usdcop/directional_replay_2025_W15.png
2025-W16,2025-04-18,False,4309.0,risk_on,frozen_pre_2025,1,execution,2025-04-21,False,0.465792,0.55,DOWN,-8.5e-05,-0.0085,4308.63,-0.37,4263.52,4354.22,0.8,DOWN,True,False,False,0.0,-0.006916,4279.3,29.33,0.6855,True,1305,2024-12-30,2024-12-30,783ecbdec4595223,True,104,0.605769,0.555303,0.227273,0.246818,0.48873,False,False,1,FLAT,FLAT,ABSTAIN,False,5,5|25,0.0,4311.44,0.0566,4194.13,4432.03,0.0,,usdcop/directional_replay_2025_W16.png
2025-W16,2025-04-18,False,4309.0,risk_on,frozen_pre_2025,5,tactical,2025-04-25,False,0.472356,0.45,UP,0.000566,0.0566,4311.44,2.44,4194.13,4432.03,0.8,UP,True,False,False,0.0,-0.022075,4214.92,96.52,2.2899,False,1301,2024-12-30,2024-12-30,dbbaaeaae61164cb,False,104,0.509615,0.49063,0.326087,0.263375,0.463392,False,True,2,FLAT,FLAT,ABSTAIN,False,5,5|25,0.0,4311.44,0.0566,4194.13,4432.03,0.0,,usdcop/directional_replay_2025_W16.png
2025-W16,2025-04-18,False,4309.0,risk_on,frozen_pre_2025,10,tactical,2025-05-02,False,0.332454,0.45,DOWN,0.000392,0.0392,4310.69,1.69,4144.89,4483.12,0.8,UP,False,False,False,0.0,-0.014846,4245.5,65.19,1.5355,True,1296,2024-12-30,2024-12-30,ff5277be1db3a312,False,104,0.471154,0.466605,0.387755,0.279044,0.458424,False,False,4,FLAT,FLAT,ABSTAIN,False,5,5|25,0.0,4311.44,0.0566,4194.13,4432.03,0.0,,usdcop/directional_replay_2025_W16.png
2025-W16,2025-04-18,False,4309.0,risk_on,frozen_pre_2025,15,tactical,2025-05-09,False,0.316759,0.45,DOWN,0.001154,0.1155,4313.97,4.97,4102.9,4535.91,0.8,UP,False,False,False,0.0,-0.021203,4218.6,95.37,2.2608,True,1291,2024-12-30,2024-12-30,15dc7ab56cb103d2,False,104,0.480769,0.459091,0.318182,0.283538,0.443427,False,False,5,FLAT,FLAT,ABSTAIN,False,5,5|25,0.0,4311.44,0.0566,4194.13,4432.03,0.0,,usdcop/directional_replay_2025_W16.png
2025-W16,2025-04-18,False,4309.0,risk_on,frozen_pre_2025,20,swing,2025-05-16,False,0.472668,0.4,UP,0.000415,0.0415,4310.79,1.79,4076.87,4558.13,0.8,UP,True,False,False,0.0,-0.031836,4173.98,136.81,3.2776,False,1286,2024-12-30,2024-12-30,fe8038e81873cb0d,True,104,0.471154,0.484416,0.254545,0.321836,0.438906,False,False,6,FLAT,FLAT,ABSTAIN,False,5,5|25,0.0,4311.44,0.0566,4194.13,4432.03,0.0,,usdcop/directional_replay_2025_W16.png
2025-W16,2025-04-18,False,4309.0,risk_on,frozen_pre_2025,25,swing,2025-05-23,False,0.379984,0.55,DOWN,-0.002237,-0.2235,4299.37,-9.63,4031.1,4585.49,0.8,DOWN,True,False,False,0.0,-0.037663,4149.73,149.64,3.606,True,1281,2024-12-30,2024-12-30,10d56131505b0874,False,104,0.5,0.478788,0.340909,0.312106,0.459697,False,True,3,FLAT,FLAT,ABSTAIN,False,5,5|25,0.0,4311.44,0.0566,4194.13,4432.03,0.0,,usdcop/directional_replay_2025_W16.png
2025-W16,2025-04-18,False,4309.0,risk_on,frozen_pre_2025,30,swing,2025-05-30,False,0.389828,0.6,DOWN,-0.00271,-0.2707,4297.34,-11.66,4020.46,4593.28,0.8,DOWN,True,False,False,0.0,-0.03552,4158.63,138.71,3.3354,True,1276,2024-12-30,2024-12-30,f5cc903ce6844b37,False,104,0.451923,0.447037,0.32,0.337597,0.433199,False,False,7,FLAT,FLAT,ABSTAIN,False,5,5|25,0.0,4311.44,0.0566,4194.13,4432.03,0.0,,usdcop/directional_replay_2025_W16.png
2025-W17,2025-04-25,False,4214.92,transition,frozen_pre_2025,1,execution,2025-04-28,False,0.504749,0.55,DOWN,0.00022,0.022,4215.85,0.93,4171.7,4260.46,0.8,UP,False,False,False,1.0,0.000254,4215.99,0.14,0.0034,False,1305,2024-12-30,2024-12-30,783ecbdec4595223,True,104,0.605769,0.555303,0.227273,0.246818,0.48873,False,False,1,FLAT,FLAT,ABSTAIN,False,5,5|25,0.0,4219.77,0.115,4104.96,4337.79,1.0,,usdcop/directional_replay_2025_W17.png
2025-W17,2025-04-25,False,4214.92,transition,frozen_pre_2025,5,tactical,2025-05-02,False,0.506121,0.45,UP,0.001149,0.115,4219.77,4.85,4104.96,4337.79,0.8,UP,True,False,False,1.0,0.007229,4245.5,25.73,0.6061,True,1301,2024-12-30,2024-12-30,dbbaaeaae61164cb,False,104,0.509615,0.49063,0.326087,0.263375,0.463392,False,True,2,FLAT,FLAT,ABSTAIN,False,5,5|25,0.0,4219.77,0.115,4104.96,4337.79,1.0,,usdcop/directional_replay_2025_W17.png
2025-W17,2025-04-25,False,4214.92,transition,frozen_pre_2025,10,tactical,2025-05-09,False,0.345139,0.45,DOWN,0.00042,0.0421,4216.69,1.77,4054.51,4385.37,0.8,UP,False,False,False,1.0,0.000873,4218.6,1.91,0.0452,False,1296,2024-12-30,2024-12-30,ff5277be1db3a312,False,104,0.471154,0.466605,0.387755,0.279044,0.458424,False,False,4,FLAT,FLAT,ABSTAIN,False,5,5|25,0.0,4219.77,0.115,4104.96,4337.79,1.0,,usdcop/directional_replay_2025_W17.png
2025-W17,2025-04-25,False,4214.92,transition,frozen_pre_2025,15,tactical,2025-05-16,False,0.330605,0.45,DOWN,0.001196,0.1196,4219.96,5.04,4013.49,4437.06,0.8,UP,False,False,False,0.0,-0.009761,4173.98,45.98,1.1016,True,1291,2024-12-30,2024-12-30,15dc7ab56cb103d2,False,104,0.480769,0.459091,0.318182,0.283538,0.443427,False,False,5,FLAT,FLAT,ABSTAIN,False,5,5|25,0.0,4219.77,0.115,4104.96,4337.79,1.0,,usdcop/directional_replay_2025_W17.png
2025-W17,2025-04-25,False,4214.92,transition,frozen_pre_2025,20,swing,2025-05-23,False,0.467256,0.4,UP,0.00054,0.054,4217.2,2.28,3988.36,4459.16,0.8,UP,True,False,False,0.0,-0.015587,4149.73,67.47,1.6258,False,1286,2024-12-30,2024-12-30,fe8038e81873cb0d,True,104,0.471154,0.484416,0.254545,0.321836,0.438906,False,False,6,FLAT,FLAT,ABSTAIN,False,5,5|25,0.0,4219.77,0.115,4104.96,4337.79,1.0,,usdcop/directional_replay_2025_W17.png
2025-W17,2025-04-25,False,4214.92,transition,frozen_pre_2025,25,swing,2025-05-30,False,0.377271,0.55,DOWN,-0.002367,-0.2364,4204.95,-9.97,3942.58,4484.79,0.8,DOWN,True,False,False,0.0,-0.013445,4158.63,46.32,1.1139,True,1281,2024-12-30,2024-12-30,10d56131505b0874,False,104,0.5,0.478788,0.340909,0.312106,0.459697,False,True,3,FLAT,FLAT,ABSTAIN,False,5,5|25,0.0,4219.77,0.115,4104.96,4337.79,1.0,,usdcop/directional_replay_2025_W17.png
2025-W17,2025-04-25,False,4214.92,transition,frozen_pre_2025,30,swing,2025-06-06,False,0.393308,0.6,DOWN,-0.002815,-0.2811,4203.07,-11.85,3932.27,4492.52,0.8,DOWN,True,False,False,0.0,-0.024626,4112.39,90.68,2.2051,True,1276,2024-12-30,2024-12-30,f5cc903ce6844b37,False,104,0.451923,0.447037,0.32,0.337597,0.433199,False,False,7,FLAT,FLAT,ABSTAIN,False,5,5|25,0.0,4219.77,0.115,4104.96,4337.79,1.0,,usdcop/directional_replay_2025_W17.png
2025-W18,2025-05-02,False,4245.5,risk_on,frozen_pre_2025,1,execution,2025-05-05,False,0.476632,0.55,DOWN,6.7e-05,0.0067,4245.78,0.28,4201.33,4290.71,0.8,UP,False,False,False,1.0,0.012244,4297.8,52.02,1.2103,False,1305,2024-12-30,2024-12-30,783ecbdec4595223,True,104,0.605769,0.555303,0.227273,0.246818,0.48873,False,False,1,FLAT,FLAT,ABSTAIN,False,5,5|25,0.0,4250.19,0.1106,4134.55,4369.07,0.0,,usdcop/directional_replay_2025_W18.png
2025-W18,2025-05-02,False,4245.5,risk_on,frozen_pre_2025,5,tactical,2025-05-09,False,0.497859,0.45,UP,0.001105,0.1106,4250.19,4.69,4134.55,4369.07,0.8,UP,True,False,False,0.0,-0.006356,4218.6,31.59,0.7489,False,1301,2024-12-30,2024-12-30,dbbaaeaae61164cb,False,104,0.509615,0.49063,0.326087,0.263375,0.463392,False,True,2,FLAT,FLAT,ABSTAIN,False,5,5|25,0.0,4250.19,0.1106,4134.55,4369.07,0.0,,usdcop/directional_replay_2025_W18.png
2025-W18,2025-05-02,False,4245.5,risk_on,frozen_pre_2025,10,tactical,2025-05-16,False,0.300018,0.45,DOWN,-8.4e-05,-0.0084,4245.14,-0.36,4081.86,4414.95,0.8,DOWN,True,False,False,0.0,-0.01699,4173.98,71.16,1.7049,True,1296,2024-12-30,2024-12-30,ff5277be1db3a312,False,104,0.471154,0.466605,0.387755,0.279044,0.458424,False,False,4,FLAT,FLAT,ABSTAIN,False,5,5|25,0.0,4250.19,0.1106,4134.55,4369.07,0.0,,usdcop/directional_replay_2025_W18.png
2025-W18,2025-05-02,False,4245.5,risk_on,frozen_pre_2025,15,tactical,2025-05-23,False,0.303692,0.45,DOWN,0.000772,0.0772,4248.78,3.28,4040.89,4467.36,0.8,UP,False,False,False,0.0,-0.022816,4149.73,99.05,2.3869,True,1291,2024-12-30,2024-12-30,15dc7ab56cb103d2,False,104,0.480769,0.459091,0.318182,0.283538,0.443427,False,False,5,FLAT,FLAT,ABSTAIN,False,5,5|25,0.0,4250.19,0.1106,4134.55,4369.07,0.0,,usdcop/directional_replay_2025_W18.png
2025-W18,2025-05-02,False,4245.5,risk_on,frozen_pre_2025,20,swing,2025-05-30,False,0.463509,0.4,UP,-0.000412,-0.0412,4243.75,-1.75,4013.47,4487.24,0.8,DOWN,False,False,False,0.0,-0.020674,4158.63,85.12,2.0469,False,1286,2024-12-30,2024-12-30,fe8038e81873cb0d,True,104,0.471154,0.484416,0.254545,0.321836,0.438906,False,False,6,FLAT,FLAT,ABSTAIN,False,5,5|25,0.0,4250.19,0.1106,4134.55,4369.07,0.0,,usdcop/directional_replay_2025_W18.png
2025-W18,2025-05-02,False,4245.5,risk_on,frozen_pre_2025,25,swing,2025-06-06,False,0.373203,0.55,DOWN,-0.002545,-0.2542,4234.71,-10.79,3970.47,4516.53,0.8,DOWN,True,False,False,0.0,-0.031855,4112.39,122.32,2.9744,True,1281,2024-12-30,2024-12-30,10d56131505b0874,False,104,0.5,0.478788,0.340909,0.312106,0.459697,False,True,3,FLAT,FLAT,ABSTAIN,False,5,5|25,0.0,4250.19,0.1106,4134.55,4369.07,0.0,,usdcop/directional_replay_2025_W18.png
2025-W18,2025-05-02,False,4245.5,risk_on,frozen_pre_2025,30,swing,2025-06-13,False,0.389536,0.6,DOWN,-0.003034,-0.3029,4232.64,-12.86,3959.94,4524.12,0.8,DOWN,True,False,False,0.0,-0.027405,4130.73,101.91,2.4671,True,1276,2024-12-30,2024-12-30,f5cc903ce6844b37,False,104,0.451923,0.447037,0.32,0.337597,0.433199,False,False,7,FLAT,FLAT,ABSTAIN,False,5,5|25,0.0,4250.19,0.1106,4134.55,4369.07,0.0,,usdcop/directional_replay_2025_W18.png
2025-W19,2025-05-09,False,4218.6,transition,frozen_pre_2025,1,execution,2025-05-12,False,0.501191,0.55,DOWN,-6.1e-05,-0.0061,4218.34,-0.26,4174.17,4262.98,0.8,DOWN,True,False,False,1.0,0.001431,4224.64,6.3,0.1491,False,1305,2024-12-30,2024-12-30,783ecbdec4595223,True,104,0.605769,0.555303,0.227273,0.246818,0.48873,False,False,1,FLAT,FLAT,ABSTAIN,False,5,5|25,0.0,4224.2,0.1327,4109.26,4342.34,0.0,,usdcop/directional_replay_2025_W19.png
2025-W19,2025-05-09,False,4218.6,transition,frozen_pre_2025,5,tactical,2025-05-16,False,0.524767,0.45,UP,0.001326,0.1327,4224.2,5.6,4109.26,4342.34,0.8,UP,True,False,False,0.0,-0.010633,4173.98,50.22,1.2031,False,1301,2024-12-30,2024-12-30,dbbaaeaae61164cb,False,104,0.509615,0.49063,0.326087,0.263375,0.463392,False,True,2,FLAT,FLAT,ABSTAIN,False,5,5|25,0.0,4224.2,0.1327,4109.26,4342.34,0.0,,usdcop/directional_replay_2025_W19.png
2025-W19,2025-05-09,False,4218.6,transition,frozen_pre_2025,10,tactical,2025-05-23,False,0.479231,0.45,UP,0.002353,0.2356,4228.54,9.94,4065.9,4397.68,0.8,UP,True,False,False,0.0,-0.01646,4149.73,78.81,1.8991,False,1296,2024-12-30,2024-12-30,ff5277be1db3a312,False,104,0.471154,0.466605,0.387755,0.279044,0.458424,False,False,4,FLAT,FLAT,ABSTAIN,False,5,5|25,0.0,4224.2,0.1327,4109.26,4342.34,0.0,,usdcop/directional_replay_2025_W19.png
2025-W19,2025-05-09,False,4218.6,transition,frozen_pre_2025,15,tactical,2025-05-30,False,0.445645,0.45,DOWN,0.003717,0.3724,4234.31,15.71,4027.13,4452.15,0.8,UP,False,False,False,0.0,-0.014318,4158.63,75.68,1.8199,True,1291,2024-12-30,2024-12-30,15dc7ab56cb103d2,False,104,0.480769,0.459091,0.318182,0.283538,0.443427,False,False,5,FLAT,FLAT,ABSTAIN,False,5,5|25,0.0,4224.2,0.1327,4109.26,4342.34,0.0,,usdcop/directional_replay_2025_W19.png
2025-W19,2025-05-09,False,4218.6,transition,frozen_pre_2025,20,swing,2025-06-06,False,0.548979,0.4,UP,0.004366,0.4375,4237.06,18.46,4007.14,4480.17,0.8,UP,True,False,False,0.0,-0.025499,4112.39,124.67,3.0315,False,1286,2024-12-30,2024-12-30,fe8038e81873cb0d,True,104,0.471154,0.484416,0.254545,0.321836,0.438906,False,False,6,FLAT,FLAT,ABSTAIN,False,5,5|25,0.0,4224.2,0.1327,4109.26,4342.34,0.0,,usdcop/directional_replay_2025_W19.png
2025-W19,2025-05-09,False,4218.6,transition,frozen_pre_2025,25,swing,2025-06-13,False,0.459343,0.55,DOWN,0.001398,0.1399,4224.5,5.9,3960.91,4505.64,0.8,UP,False,False,False,0.0,-0.021049,4130.73,93.77,2.2702,True,1281,2024-12-30,2024-12-30,10d56131505b0874,False,104,0.5,0.478788,0.340909,0.312106,0.459697,False,True,3,FLAT,FLAT,ABSTAIN,False,5,5|25,0.0,4224.2,0.1327,4109.26,4342.34,0.0,,usdcop/directional_replay_2025_W19.png
2025-W19,2025-05-09,False,4218.6,transition,frozen_pre_2025,30,swing,2025-06-20,False,0.467448,0.6,DOWN,0.001197,0.1197,4223.65,5.05,3951.53,4514.52,0.8,UP,False,False,False,0.0,-0.030135,4093.37,130.28,3.1827,True,1276,2024-12-30,2024-12-30,f5cc903ce6844b37,False,104,0.451923,0.447037,0.32,0.337597,0.433199,False,False,7,FLAT,FLAT,ABSTAIN,False,5,5|25,0.0,4224.2,0.1327,4109.26,4342.34,0.0,,usdcop/directional_replay_2025_W19.png
2025-W20,2025-05-16,False,4173.98,transition,frozen_pre_2025,1,execution,2025-05-19,False,0.497497,0.55,DOWN,0.000377,0.0377,4175.55,1.57,4131.83,4219.74,0.8,UP,False,False,False,0.0,-0.000721,4170.97,4.58,0.1099,True,1305,2024-12-30,2024-12-30,783ecbdec4595223,True,104,0.605769,0.555303,0.227273,0.246818,0.48873,False,False,1,UP,LONG_USD_SHORT_COP,SHADOW,False,5,5|25,0.347873,4182.29,0.199,4068.5,4299.26,0.0,False,usdcop/directional_replay_2025_W20.png
2025-W20,2025-05-16,False,4173.98,transition,frozen_pre_2025,5,tactical,2025-05-23,False,0.576783,0.45,UP,0.001988,0.199,4182.29,8.31,4068.5,4299.26,0.8,UP,True,False,False,0.0,-0.005827,4149.73,32.56,0.7846,False,1301,2024-12-30,2024-12-30,dbbaaeaae61164cb,False,104,0.509615,0.49063,0.326087,0.263375,0.463392,False,True,2,UP,LONG_USD_SHORT_COP,SHADOW,False,5,5|25,0.347873,4182.29,0.199,4068.5,4299.26,0.0,False,usdcop/directional_replay_2025_W20.png
2025-W20,2025-05-16,False,4173.98,transition,frozen_pre_2025,10,tactical,2025-05-30,False,0.471257,0.45,UP,0.002805,0.2809,4185.7,11.72,4024.71,4353.14,0.8,UP,True,False,False,0.0,-0.003684,4158.63,27.07,0.651,False,1296,2024-12-30,2024-12-30,ff5277be1db3a312,False,104,0.471154,0.466605,0.387755,0.279044,0.458424,False,False,4,UP,LONG_USD_SHORT_COP,SHADOW,False,5,5|25,0.347873,4182.29,0.199,4068.5,4299.26,0.0,False,usdcop/directional_replay_2025_W20.png
2025-W20,2025-05-16,False,4173.98,transition,frozen_pre_2025,15,tactical,2025-06-06,False,0.463284,0.45,UP,0.004115,0.4124,4191.19,17.21,3986.12,4406.81,0.8,UP,True,False,False,0.0,-0.014866,4112.39,78.8,1.9162,False,1291,2024-12-30,2024-12-30,15dc7ab56cb103d2,False,104,0.480769,0.459091,0.318182,0.283538,0.443427,False,False,5,UP,LONG_USD_SHORT_COP,SHADOW,False,5,5|25,0.347873,4182.29,0.199,4068.5,4299.26,0.0,False,usdcop/directional_replay_2025_W20.png
2025-W20,2025-05-16,False,4173.98,transition,frozen_pre_2025,20,swing,2025-06-13,False,0.633418,0.4,UP,0.008796,0.8835,4210.86,36.88,3982.36,4452.46,0.8,UP,True,False,False,0.0,-0.010416,4130.73,80.13,1.9398,False,1286,2024-12-30,2024-12-30,fe8038e81873cb0d,True,104,0.471154,0.484416,0.254545,0.321836,0.438906,False,False,6,UP,LONG_USD_SHORT_COP,SHADOW,False,5,5|25,0.347873,4182.29,0.199,4068.5,4299.26,0.0,False,usdcop/directional_replay_2025_W20.png
2025-W20,2025-05-16,False,4173.98,transition,frozen_pre_2025,25,swing,2025-06-20,False,0.562366,0.55,UP,0.008267,0.8301,4208.63,34.65,3946.02,4488.71,0.8,UP,True,False,False,0.0,-0.019501,4093.37,115.26,2.8158,False,1281,2024-12-30,2024-12-30,10d56131505b0874,False,104,0.5,0.478788,0.340909,0.312106,0.459697,False,True,3,UP,LONG_USD_SHORT_COP,SHADOW,False,5,5|25,0.347873,4182.29,0.199,4068.5,4299.26,0.0,False,usdcop/directional_replay_2025_W20.png
2025-W20,2025-05-16,False,4173.98,transition,frozen_pre_2025,30,swing,2025-06-27,False,0.586475,0.6,DOWN,0.008952,0.8992,4211.51,37.53,3940.17,4501.54,0.8,UP,False,False,False,0.0,-0.019484,4093.44,118.07,2.8844,True,1276,2024-12-30,2024-12-30,f5cc903ce6844b37,False,104,0.451923,0.447037,0.32,0.337597,0.433199,False,False,7,UP,LONG_USD_SHORT_COP,SHADOW,False,5,5|25,0.347873,4182.29,0.199,4068.5,4299.26,0.0,False,usdcop/directional_replay_2025_W20.png
2025-W21,2025-05-23,False,4149.73,transition,frozen_pre_2025,1,execution,2025-05-26,False,0.426546,0.55,DOWN,4.4e-05,0.0044,4149.91,0.18,4106.46,4193.82,0.8,UP,False,False,False,0.0,-0.000764,4146.56,3.35,0.0808,True,1305,2024-12-30,2024-12-30,783ecbdec4595223,True,104,0.605769,0.555303,0.227273,0.246818,0.48873,False,False,1,UP,LONG_USD_SHORT_COP,SHADOW,False,5,5|25,0.37903,4156.74,0.1688,4043.64,4273.0,1.0,True,usdcop/directional_replay_2025_W21.png
2025-W21,2025-05-23,False,4149.73,transition,frozen_pre_2025,5,tactical,2025-05-30,False,0.578639,0.45,UP,0.001687,0.1688,4156.74,7.01,4043.64,4273.0,0.8,UP,True,False,False,1.0,0.002142,4158.63,1.89,0.0456,True,1301,2024-12-30,2024-12-30,dbbaaeaae61164cb,False,104,0.509615,0.49063,0.326087,0.263375,0.463392,False,True,2,UP,LONG_USD_SHORT_COP,SHADOW,False,5,5|25,0.37903,4156.74,0.1688,4043.64,4273.0,1.0,True,usdcop/directional_replay_2025_W21.png
2025-W21,2025-05-23,False,4149.73,transition,frozen_pre_2025,10,tactical,2025-06-06,False,0.485537,0.45,UP,0.002911,0.2915,4161.83,12.1,4001.75,4328.3,0.8,UP,True,False,False,0.0,-0.009039,4112.39,49.44,1.2021,False,1296,2024-12-30,2024-12-30,ff5277be1db3a312,False,104,0.471154,0.466605,0.387755,0.279044,0.458424,False,False,4,UP,LONG_USD_SHORT_COP,SHADOW,False,5,5|25,0.37903,4156.74,0.1688,4043.64,4273.0,1.0,True,usdcop/directional_replay_2025_W21.png
2025-W21,2025-05-23,False,4149.73,transition,frozen_pre_2025,15,tactical,2025-06-13,False,0.474061,0.45,UP,0.004197,0.4206,4167.18,17.45,3963.29,4381.57,0.8,UP,True,False,False,0.0,-0.004589,4130.73,36.45,0.8825,False,1291,2024-12-30,2024-12-30,15dc7ab56cb103d2,False,104,0.480769,0.459091,0.318182,0.283538,0.443427,False,False,5,UP,LONG_USD_SHORT_COP,SHADOW,False,5,5|25,0.37903,4156.74,0.1688,4043.64,4273.0,1.0,True,usdcop/directional_replay_2025_W21.png
2025-W21,2025-05-23,False,4149.73,transition,frozen_pre_2025,20,swing,2025-06-20,False,0.631235,0.4,UP,0.008539,0.8576,4185.32,35.59,3958.21,4425.46,0.8,UP,True,False,False,0.0,-0.013675,4093.37,91.95,2.2463,False,1286,2024-12-30,2024-12-30,fe8038e81873cb0d,True,104,0.471154,0.484416,0.254545,0.321836,0.438906,False,False,6,UP,LONG_USD_SHORT_COP,SHADOW,False,5,5|25,0.37903,4156.74,0.1688,4043.64,4273.0,1.0,True,usdcop/directional_replay_2025_W21.png
2025-W21,2025-05-23,False,4149.73,transition,frozen_pre_2025,25,swing,2025-06-27,False,0.572973,0.55,UP,0.008752,0.8791,4186.21,36.48,3925.0,4464.8,0.8,UP,True,False,False,0.0,-0.013658,4093.44,92.77,2.2663,False,1281,2024-12-30,2024-12-30,10d56131505b0874,False,104,0.5,0.478788,0.340909,0.312106,0.459697,False,True,3,UP,LONG_USD_SHORT_COP,SHADOW,False,5,5|25,0.37903,4156.74,0.1688,4043.64,4273.0,1.0,True,usdcop/directional_replay_2025_W21.png
2025-W21,2025-05-23,False,4149.73,transition,frozen_pre_2025,30,swing,2025-07-04,False,0.593856,0.6,DOWN,0.009471,0.9516,4189.22,39.49,3919.31,4477.71,0.8,UP,False,False,False,0.0,-0.036384,4001.46,187.76,4.6922,True,1276,2024-12-30,2024-12-30,f5cc903ce6844b37,False,104,0.451923,0.447037,0.32,0.337597,0.433199,False,False,7,UP,LONG_USD_SHORT_COP,SHADOW,False,5,5|25,0.37903,4156.74,0.1688,4043.64,4273.0,1.0,True,usdcop/directional_replay_2025_W21.png
2025-W22,2025-05-30,False,4158.63,transition,frozen_pre_2025,1,execution,2025-06-02,False,0.455977,0.55,DOWN,0.000138,0.0138,4159.2,0.57,4115.65,4203.21,0.8,UP,False,False,False,0.0,-0.002012,4150.27,8.93,0.2153,True,1305,2024-12-30,2024-12-30,783ecbdec4595223,True,104,0.605769,0.555303,0.227273,0.246818,0.48873,False,False,1,UP,LONG_USD_SHORT_COP,SHADOW,False,5,5|25,0.443412,4166.99,0.2011,4053.62,4283.54,0.0,False,usdcop/directional_replay_2025_W22.png
2025-W22,2025-05-30,False,4158.63,transition,frozen_pre_2025,5,tactical,2025-06-06,False,0.604982,0.45,UP,0.002009,0.2011,4166.99,8.36,4053.62,4283.54,0.8,UP,True,False,False,0.0,-0.011181,4112.39,54.6,1.3277,False,1301,2024-12-30,2024-12-30,dbbaaeaae61164cb,False,104,0.509615,0.49063,0.326087,0.263375,0.463392,False,True,2,UP,LONG_USD_SHORT_COP,SHADOW,False,5,5|25,0.443412,4166.99,0.2011,4053.62,4283.54,0.0,False,usdcop/directional_replay_2025_W22.png
2025-W22,2025-05-30,False,4158.63,transition,frozen_pre_2025,10,tactical,2025-06-13,False,0.466028,0.45,UP,0.002788,0.2791,4170.24,11.61,4009.84,4337.05,0.8,UP,True,False,False,0.0,-0.006732,4130.73,39.51,0.9565,False,1296,2024-12-30,2024-12-30,ff5277be1db3a312,False,104,0.471154,0.466605,0.387755,0.279044,0.458424,False,False,4,UP,LONG_USD_SHORT_COP,SHADOW,False,5,5|25,0.443412,4166.99,0.2011,4053.62,4283.54,0.0,False,usdcop/directional_replay_2025_W22.png
2025-W22,2025-05-30,False,4158.63,transition,frozen_pre_2025,15,tactical,2025-06-20,False,0.464087,0.45,UP,0.004184,0.4193,4176.07,17.44,3971.74,4390.91,0.8,UP,True,False,False,0.0,-0.015817,4093.37,82.7,2.0202,False,1291,2024-12-30,2024-12-30,15dc7ab56cb103d2,False,104,0.480769,0.459091,0.318182,0.283538,0.443427,False,False,5,UP,LONG_USD_SHORT_COP,SHADOW,False,5,5|25,0.443412,4166.99,0.2011,4053.62,4283.54,0.0,False,usdcop/directional_replay_2025_W22.png
2025-W22,2025-05-30,False,4158.63,transition,frozen_pre_2025,20,swing,2025-06-27,False,0.63493,0.4,UP,0.008453,0.8489,4193.93,35.3,3966.36,4434.57,0.8,UP,True,False,False,0.0,-0.0158,4093.44,100.49,2.4549,False,1286,2024-12-30,2024-12-30,fe8038e81873cb0d,True,104,0.471154,0.484416,0.254545,0.321836,0.438906,False,False,6,UP,LONG_USD_SHORT_COP,SHADOW,False,5,5|25,0.443412,4166.99,0.2011,4053.62,4283.54,0.0,False,usdcop/directional_replay_2025_W22.png
2025-W22,2025-05-30,False,4158.63,transition,frozen_pre_2025,25,swing,2025-07-04,False,0.572383,0.55,UP,0.008733,0.8771,4195.1,36.47,3933.34,4474.29,0.8,UP,True,False,False,0.0,-0.038526,4001.46,193.64,4.8393,False,1281,2024-12-30,2024-12-30,10d56131505b0874,False,104,0.5,0.478788,0.340909,0.312106,0.459697,False,True,3,UP,LONG_USD_SHORT_COP,SHADOW,False,5,5|25,0.443412,4166.99,0.2011,4053.62,4283.54,0.0,False,usdcop/directional_replay_2025_W22.png
2025-W22,2025-05-30,False,4158.63,transition,frozen_pre_2025,30,swing,2025-07-11,False,0.58617,0.6,DOWN,0.009422,0.9466,4198.0,39.37,3927.52,4487.09,0.8,UP,False,False,False,0.0,-0.039627,3997.06,200.94,5.0271,True,1276,2024-12-30,2024-12-30,f5cc903ce6844b37,False,104,0.451923,0.447037,0.32,0.337597,0.433199,False,False,7,UP,LONG_USD_SHORT_COP,SHADOW,False,5,5|25,0.443412,4166.99,0.2011,4053.62,4283.54,0.0,False,usdcop/directional_replay_2025_W22.png
2025-W23,2025-06-06,False,4112.39,transition,frozen_pre_2025,1,execution,2025-06-09,False,0.535942,0.55,DOWN,0.000136,0.0136,4112.95,0.56,4069.88,4156.47,0.8,UP,False,False,False,1.0,0.007742,4144.35,31.4,0.7577,False,1305,2024-12-30,2024-12-30,783ecbdec4595223,True,104,0.605769,0.555303,0.227273,0.246818,0.48873,False,False,1,UP,LONG_USD_SHORT_COP,SHADOW,False,5,5|25,0.500117,4121.09,0.2115,4008.96,4236.35,1.0,True,usdcop/directional_replay_2025_W23.png
2025-W23,2025-06-06,False,4112.39,transition,frozen_pre_2025,5,tactical,2025-06-13,False,0.619137,0.45,UP,0.002112,0.2115,4121.09,8.7,4008.96,4236.35,0.8,UP,True,False,False,1.0,0.00445,4130.73,9.64,0.2335,True,1301,2024-12-30,2024-12-30,dbbaaeaae61164cb,False,104,0.509615,0.49063,0.326087,0.263375,0.463392,False,True,2,UP,LONG_USD_SHORT_COP,SHADOW,False,5,5|25,0.500117,4121.09,0.2115,4008.96,4236.35,1.0,True,usdcop/directional_replay_2025_W23.png
2025-W23,2025-06-06,False,4112.39,transition,frozen_pre_2025,10,tactical,2025-06-20,False,0.475144,0.45,UP,0.002962,0.2966,4124.59,12.2,3965.95,4289.58,0.8,UP,True,False,False,0.0,-0.004636,4093.37,31.22,0.7626,False,1296,2024-12-30,2024-12-30,ff5277be1db3a312,False,104,0.471154,0.466605,0.387755,0.279044,0.458424,False,False,4,UP,LONG_USD_SHORT_COP,SHADOW,False,5,5|25,0.500117,4121.09,0.2115,4008.96,4236.35,1.0,True,usdcop/directional_replay_2025_W23.png
2025-W23,2025-06-06,False,4112.39,transition,frozen_pre_2025,15,tactical,2025-06-27,False,0.473742,0.45,UP,0.00445,0.446,4130.73,18.34,3928.62,4343.24,0.8,UP,True,False,False,0.0,-0.004619,4093.44,37.29,0.911,False,1291,2024-12-30,2024-12-30,15dc7ab56cb103d2,False,104,0.480769,0.459091,0.318182,0.283538,0.443427,False,False,5,UP,LONG_USD_SHORT_COP,SHADOW,False,5,5|25,0.500117,4121.09,0.2115,4008.96,4236.35,1.0,True,usdcop/directional_replay_2025_W23.png
2025-W23,2025-06-06,False,4112.39,transition,frozen_pre_2025,20,swing,2025-07-04,False,0.644129,0.4,UP,0.008764,0.8803,4148.59,36.2,3923.47,4386.62,0.8,UP,True,False,False,0.0,-0.027345,4001.46,147.13,3.6769,False,1286,2024-12-30,2024-12-30,fe8038e81873cb0d,True,104,0.471154,0.484416,0.254545,0.321836,0.438906,False,False,6,UP,LONG_USD_SHORT_COP,SHADOW,False,5,5|25,0.500117,4121.09,0.2115,4008.96,4236.35,1.0,True,usdcop/directional_replay_2025_W23.png
2025-W23,2025-06-06,False,4112.39,transition,frozen_pre_2025,25,swing,2025-07-11,False,0.58091,0.55,UP,0.009134,0.9176,4150.12,37.73,3891.17,4426.32,0.8,UP,True,False,False,0.0,-0.028445,3997.06,153.06,3.8294,False,1281,2024-12-30,2024-12-30,10d56131505b0874,False,104,0.5,0.478788,0.340909,0.312106,0.459697,False,True,3,UP,LONG_USD_SHORT_COP,SHADOW,False,5,5|25,0.500117,4121.09,0.2115,4008.96,4236.35,1.0,True,usdcop/directional_replay_2025_W23.png
2025-W23,2025-06-06,False,4112.39,transition,frozen_pre_2025,30,swing,2025-07-18,False,0.591068,0.6,DOWN,0.009839,0.9888,4153.05,40.66,3885.48,4439.06,0.8,UP,False,False,False,0.0,-0.023447,4017.09,135.96,3.3846,True,1276,2024-12-30,2024-12-30,f5cc903ce6844b37,False,104,0.451923,0.447037,0.32,0.337597,0.433199,False,False,7,UP,LONG_USD_SHORT_COP,SHADOW,False,5,5|25,0.500117,4121.09,0.2115,4008.96,4236.35,1.0,True,usdcop/directional_replay_2025_W23.png
2025-W24,2025-06-13,False,4130.73,transition,frozen_pre_2025,1,execution,2025-06-16,False,0.446784,0.55,DOWN,6.6e-05,0.0066,4131.0,0.27,4087.75,4174.72,0.8,UP,False,False,False,0.0,-0.006509,4103.93,27.07,0.6597,True,1305,2024-12-30,2024-12-30,783ecbdec4595223,True,104,0.605769,0.555303,0.227273,0.246818,0.48873,False,False,1,UP,LONG_USD_SHORT_COP,SHADOW,False,5,5|25,0.47113,4139.46,0.2114,4026.84,4255.24,0.0,False,usdcop/directional_replay_2025_W24.png
2025-W24,2025-06-13,False,4130.73,transition,frozen_pre_2025,5,tactical,2025-06-20,False,0.619587,0.45,UP,0.002112,0.2114,4139.46,8.73,4026.84,4255.24,0.8,UP,True,False,False,0.0,-0.009086,4093.37,46.09,1.126,False,1301,2024-12-30,2024-12-30,dbbaaeaae61164cb,False,104,0.509615,0.49063,0.326087,0.263375,0.463392,False,True,2,UP,LONG_USD_SHORT_COP,SHADOW,False,5,5|25,0.47113,4139.46,0.2114,4026.84,4255.24,0.0,False,usdcop/directional_replay_2025_W24.png
2025-W24,2025-06-13,False,4130.73,transition,frozen_pre_2025,10,tactical,2025-06-27,False,0.4438,0.45,DOWN,0.002533,0.2536,4141.2,10.47,3981.92,4306.86,0.8,UP,False,False,False,0.0,-0.009068,4093.44,47.76,1.1669,True,1296,2024-12-30,2024-12-30,ff5277be1db3a312,False,104,0.471154,0.466605,0.387755,0.279044,0.458424,False,False,4,UP,LONG_USD_SHORT_COP,SHADOW,False,5,5|25,0.47113,4139.46,0.2114,4026.84,4255.24,0.0,False,usdcop/directional_replay_2025_W24.png
2025-W24,2025-06-13,False,4130.73,transition,frozen_pre_2025,15,tactical,2025-07-04,False,0.447872,0.45,DOWN,0.003834,0.3842,4146.6,15.87,3943.71,4359.92,0.8,UP,False,False,False,0.0,-0.031795,4001.46,145.14,3.6272,True,1291,2024-12-30,2024-12-30,15dc7ab56cb103d2,False,104,0.480769,0.459091,0.318182,0.283538,0.443427,False,False,5,UP,LONG_USD_SHORT_COP,SHADOW,False,5,5|25,0.47113,4139.46,0.2114,4026.84,4255.24,0.0,False,usdcop/directional_replay_2025_W24.png
2025-W24,2025-06-13,False,4130.73,transition,frozen_pre_2025,20,swing,2025-07-11,False,0.641138,0.4,UP,0.00814,0.8173,4164.49,33.76,3938.51,4403.44,0.8,UP,True,False,False,0.0,-0.032895,3997.06,167.43,4.1888,False,1286,2024-12-30,2024-12-30,fe8038e81873cb0d,True,104,0.471154,0.484416,0.254545,0.321836,0.438906,False,False,6,UP,LONG_USD_SHORT_COP,SHADOW,False,5,5|25,0.47113,4139.46,0.2114,4026.84,4255.24,0.0,False,usdcop/directional_replay_2025_W24.png
2025-W24,2025-06-13,False,4130.73,transition,frozen_pre_2025,25,swing,2025-07-18,False,0.568865,0.55,UP,0.008577,0.8614,4166.31,35.58,3906.35,4443.58,0.8,UP,True,False,False,0.0,-0.027896,4017.09,149.22,3.7147,False,1281,2024-12-30,2024-12-30,10d56131505b0874,False,104,0.5,0.478788,0.340909,0.312106,0.459697,False,True,3,UP,LONG_USD_SHORT_COP,SHADOW,False,5,5|25,0.47113,4139.46,0.2114,4026.84,4255.24,0.0,False,usdcop/directional_replay_2025_W24.png
2025-W24,2025-06-13,False,4130.73,transition,frozen_pre_2025,30,swing,2025-07-25,False,0.574159,0.6,DOWN,0.009197,0.9239,4168.89,38.16,3900.3,4455.99,0.8,UP,False,False,False,1.0,0.002594,4141.46,27.43,0.6624,False,1276,2024-12-30,2024-12-30,f5cc903ce6844b37,False,104,0.451923,0.447037,0.32,0.337597,0.433199,False,False,7,UP,LONG_USD_SHORT_COP,SHADOW,False,5,5|25,0.47113,4139.46,0.2114,4026.84,4255.24,0.0,False,usdcop/directional_replay_2025_W24.png
2025-W25,2025-06-20,False,4093.37,transition,frozen_pre_2025,1,execution,2025-06-23,False,0.481138,0.55,DOWN,0.000257,0.0257,4094.42,1.05,4051.55,4137.75,0.8,UP,False,False,False,0.0,-0.002395,4083.58,10.84,0.2655,True,1305,2024-12-30,2024-12-30,783ecbdec4595223,True,104,0.605769,0.555303,0.227273,0.246818,0.48873,False,False,1,UP,LONG_USD_SHORT_COP,SHADOW,False,5,5|25,0.549312,4102.62,0.2259,3990.99,4217.36,1.0,True,usdcop/directional_replay_2025_W25.png
2025-W25,2025-06-20,False,4093.37,transition,frozen_pre_2025,5,tactical,2025-06-27,False,0.646318,0.45,UP,0.002256,0.2259,4102.62,9.25,3990.99,4217.36,0.8,UP,True,False,False,1.0,1.7e-05,4093.44,9.18,0.2242,True,1301,2024-12-30,2024-12-30,dbbaaeaae61164cb,False,104,0.509615,0.49063,0.326087,0.263375,0.463392,False,True,2,UP,LONG_USD_SHORT_COP,SHADOW,False,5,5|25,0.549312,4102.62,0.2259,3990.99,4217.36,1.0,True,usdcop/directional_replay_2025_W25.png
2025-W25,2025-06-20,False,4093.37,transition,frozen_pre_2025,10,tactical,2025-07-04,False,0.484358,0.45,UP,0.002341,0.2344,4102.96,9.59,3945.15,4267.09,0.8,UP,True,False,False,0.0,-0.022709,4001.46,101.5,2.5367,False,1296,2024-12-30,2024-12-30,ff5277be1db3a312,False,104,0.471154,0.466605,0.387755,0.279044,0.458424,False,False,4,UP,LONG_USD_SHORT_COP,SHADOW,False,5,5|25,0.549312,4102.62,0.2259,3990.99,4217.36,1.0,True,usdcop/directional_replay_2025_W25.png
2025-W25,2025-06-20,False,4093.37,transition,frozen_pre_2025,15,tactical,2025-07-11,False,0.461016,0.45,UP,0.003031,0.3035,4105.79,12.42,3904.9,4317.02,0.8,UP,True,False,False,0.0,-0.02381,3997.06,108.73,2.7204,False,1291,2024-12-30,2024-12-30,15dc7ab56cb103d2,False,104,0.480769,0.459091,0.318182,0.283538,0.443427,False,False,5,UP,LONG_USD_SHORT_COP,SHADOW,False,5,5|25,0.549312,4102.62,0.2259,3990.99,4217.36,1.0,True,usdcop/directional_replay_2025_W25.png
2025-W25,2025-06-20,False,4093.37,transition,frozen_pre_2025,20,swing,2025-07-18,False,0.625814,0.4,UP,0.005942,0.596,4117.77,24.4,3894.32,4354.03,0.8,UP,True,False,False,0.0,-0.018811,4017.09,100.68,2.5062,False,1286,2024-12-30,2024-12-30,fe8038e81873cb0d,True,104,0.471154,0.484416,0.254545,0.321836,0.438906,False,False,6,UP,LONG_USD_SHORT_COP,SHADOW,False,5,5|25,0.549312,4102.62,0.2259,3990.99,4217.36,1.0,True,usdcop/directional_replay_2025_W25.png
2025-W25,2025-06-20,False,4093.37,transition,frozen_pre_2025,25,swing,2025-07-25,False,0.573407,0.55,UP,0.005685,0.5701,4116.71,23.34,3859.83,4390.67,0.8,UP,True,False,False,1.0,0.01168,4141.46,24.75,0.5977,True,1281,2024-12-30,2024-12-30,10d56131505b0874,False,104,0.5,0.478788,0.340909,0.312106,0.459697,False,True,3,UP,LONG_USD_SHORT_COP,SHADOW,False,5,5|25,0.549312,4102.62,0.2259,3990.99,4217.36,1.0,True,usdcop/directional_replay_2025_W25.png
2025-W25,2025-06-20,False,4093.37,transition,frozen_pre_2025,30,swing,2025-08-01,False,0.55202,0.6,DOWN,0.006088,0.6107,4118.37,25.0,3853.03,4401.98,0.8,UP,False,False,False,1.0,0.007688,4124.96,6.59,0.1598,False,1276,2024-12-30,2024-12-30,f5cc903ce6844b37,False,104,0.451923,0.447037,0.32,0.337597,0.433199,False,False,7,UP,LONG_USD_SHORT_COP,SHADOW,False,5,5|25,0.549312,4102.62,0.2259,3990.99,4217.36,1.0,True,usdcop/directional_replay_2025_W25.png
2025-W26,2025-06-27,False,4093.44,transition,frozen_pre_2025,1,execution,2025-06-30,False,0.45422,0.55,DOWN,3.8e-05,0.0038,4093.59,0.15,4050.73,4136.91,0.8,UP,False,False,False,0.0,-0.00133,4088.0,5.59,0.1368,True,1305,2024-12-30,2024-12-30,783ecbdec4595223,True,104,0.605769,0.555303,0.227273,0.246818,0.48873,False,False,1,UP,LONG_USD_SHORT_COP,SHADOW,False,5,5|25,0.388912,4101.21,0.1898,3989.62,4215.92,0.0,False,usdcop/directional_replay_2025_W26.png
2025-W26,2025-06-27,False,4093.44,transition,frozen_pre_2025,5,tactical,2025-07-04,False,0.594563,0.45,UP,0.001896,0.1898,4101.21,7.77,3989.62,4215.92,0.8,UP,True,False,False,0.0,-0.022726,4001.46,99.75,2.4928,False,1301,2024-12-30,2024-12-30,dbbaaeaae61164cb,False,104,0.509615,0.49063,0.326087,0.263375,0.463392,False,True,2,UP,LONG_USD_SHORT_COP,SHADOW,False,5,5|25,0.388912,4101.21,0.1898,3989.62,4215.92,0.0,False,usdcop/directional_replay_2025_W26.png
2025-W26,2025-06-27,False,4093.44,transition,frozen_pre_2025,10,tactical,2025-07-11,False,0.471094,0.45,UP,0.00235,0.2353,4103.07,9.63,3945.25,4267.2,0.8,UP,True,False,False,0.0,-0.023827,3997.06,106.01,2.6522,False,1296,2024-12-30,2024-12-30,ff5277be1db3a312,False,104,0.471154,0.466605,0.387755,0.279044,0.458424,False,False,4,UP,LONG_USD_SHORT_COP,SHADOW,False,5,5|25,0.388912,4101.21,0.1898,3989.62,4215.92,0.0,False,usdcop/directional_replay_2025_W26.png
2025-W26,2025-06-27,False,4093.44,transition,frozen_pre_2025,15,tactical,2025-07-18,False,0.446479,0.45,DOWN,0.003077,0.3082,4106.06,12.62,3905.15,4317.29,0.8,UP,False,False,False,0.0,-0.018828,4017.09,88.97,2.2147,True,1291,2024-12-30,2024-12-30,15dc7ab56cb103d2,False,104,0.480769,0.459091,0.318182,0.283538,0.443427,False,False,5,UP,LONG_USD_SHORT_COP,SHADOW,False,5,5|25,0.388912,4101.21,0.1898,3989.62,4215.92,0.0,False,usdcop/directional_replay_2025_W26.png
2025-W26,2025-06-27,False,4093.44,transition,frozen_pre_2025,20,swing,2025-07-25,False,0.633755,0.4,UP,0.006189,0.6208,4118.85,25.41,3895.35,4355.18,0.8,UP,True,False,False,1.0,0.011663,4141.46,22.61,0.5459,True,1286,2024-12-30,2024-12-30,fe8038e81873cb0d,True,104,0.471154,0.484416,0.254545,0.321836,0.438906,False,False,6,UP,LONG_USD_SHORT_COP,SHADOW,False,5,5|25,0.388912,4101.21,0.1898,3989.62,4215.92,0.0,False,usdcop/directional_replay_2025_W26.png
2025-W26,2025-06-27,False,4093.44,transition,frozen_pre_2025,25,swing,2025-08-01,False,0.561002,0.55,UP,0.00515,0.5163,4114.57,21.13,3857.84,4388.4,0.8,UP,True,False,False,1.0,0.007671,4124.96,10.39,0.2518,True,1281,2024-12-30,2024-12-30,10d56131505b0874,False,104,0.5,0.478788,0.340909,0.312106,0.459697,False,True,3,UP,LONG_USD_SHORT_COP,SHADOW,False,5,5|25,0.388912,4101.21,0.1898,3989.62,4215.92,0.0,False,usdcop/directional_replay_2025_W26.png
2025-W26,2025-06-27,False,4093.44,transition,frozen_pre_2025,30,swing,2025-08-08,False,0.554539,0.6,DOWN,0.005533,0.5548,4116.15,22.71,3850.95,4399.61,0.8,UP,False,False,False,0.0,-0.010656,4050.05,66.1,1.6321,True,1276,2024-12-30,2024-12-30,f5cc903ce6844b37,False,104,0.451923,0.447037,0.32,0.337597,0.433199,False,False,7,UP,LONG_USD_SHORT_COP,SHADOW,False,5,5|25,0.388912,4101.21,0.1898,3989.62,4215.92,0.0,False,usdcop/directional_replay_2025_W26.png
2025-W27,2025-07-04,False,4001.46,transition,frozen_pre_2025,1,execution,2025-07-07,False,0.39086,0.55,DOWN,-0.000353,-0.0353,4000.05,-1.41,3958.17,4042.38,0.8,DOWN,True,False,False,1.0,0.009927,4041.38,41.33,1.0227,False,1305,2024-12-30,2024-12-30,783ecbdec4595223,True,104,0.605769,0.555303,0.227273,0.246818,0.48873,False,False,1,UP,LONG_USD_SHORT_COP,SHADOW,False,5,5|25,0.472287,4009.71,0.2061,3900.61,4121.85,0.0,False,usdcop/directional_replay_2025_W27.png
2025-W27,2025-07-04,False,4001.46,transition,frozen_pre_2025,5,tactical,2025-07-11,False,0.626523,0.45,UP,0.002059,0.2061,4009.71,8.25,3900.61,4121.85,0.8,UP,True,False,False,0.0,-0.0011,3997.06,12.65,0.3164,False,1301,2024-12-30,2024-12-30,dbbaaeaae61164cb,False,104,0.509615,0.49063,0.326087,0.263375,0.463392,False,True,2,UP,LONG_USD_SHORT_COP,SHADOW,False,5,5|25,0.472287,4009.71,0.2061,3900.61,4121.85,0.0,False,usdcop/directional_replay_2025_W27.png
2025-W27,2025-07-04,False,4001.46,transition,frozen_pre_2025,10,tactical,2025-07-18,False,0.463804,0.45,UP,0.002217,0.2219,4010.34,8.88,3856.09,4170.76,0.8,UP,True,False,False,1.0,0.003898,4017.09,6.75,0.168,True,1296,2024-12-30,2024-12-30,ff5277be1db3a312,False,104,0.471154,0.466605,0.387755,0.279044,0.458424,False,False,4,UP,LONG_USD_SHORT_COP,SHADOW,False,5,5|25,0.472287,4009.71,0.2061,3900.61,4121.85,0.0,False,usdcop/directional_replay_2025_W27.png
2025-W27,2025-07-04,False,4001.46,transition,frozen_pre_2025,15,tactical,2025-07-25,False,0.438699,0.45,DOWN,0.002875,0.2879,4012.98,11.52,3816.63,4219.43,0.8,UP,False,False,False,1.0,0.034389,4141.46,128.48,3.1022,False,1291,2024-12-30,2024-12-30,15dc7ab56cb103d2,False,104,0.480769,0.459091,0.318182,0.283538,0.443427,False,False,5,UP,LONG_USD_SHORT_COP,SHADOW,False,5,5|25,0.472287,4009.71,0.2061,3900.61,4121.85,0.0,False,usdcop/directional_replay_2025_W27.png
2025-W27,2025-07-04,False,4001.46,transition,frozen_pre_2025,20,swing,2025-08-01,False,0.624067,0.4,UP,0.005897,0.5914,4025.12,23.66,3806.71,4256.07,0.8,UP,True,False,False,1.0,0.030397,4124.96,99.84,2.4203,True,1286,2024-12-30,2024-12-30,fe8038e81873cb0d,True,104,0.471154,0.484416,0.254545,0.321836,0.438906,False,False,6,UP,LONG_USD_SHORT_COP,SHADOW,False,5,5|25,0.472287,4009.71,0.2061,3900.61,4121.85,0.0,False,usdcop/directional_replay_2025_W27.png
2025-W27,2025-07-04,False,4001.46,transition,frozen_pre_2025,25,swing,2025-08-08,False,0.562392,0.55,UP,0.005183,0.5197,4022.26,20.8,3771.28,4289.94,0.8,UP,True,False,False,1.0,0.01207,4050.05,27.79,0.6863,True,1281,2024-12-30,2024-12-30,10d56131505b0874,False,104,0.5,0.478788,0.340909,0.312106,0.459697,False,True,3,UP,LONG_USD_SHORT_COP,SHADOW,False,5,5|25,0.472287,4009.71,0.2061,3900.61,4121.85,0.0,False,usdcop/directional_replay_2025_W27.png
2025-W27,2025-07-04,False,4001.46,transition,frozen_pre_2025,30,swing,2025-08-15,False,0.55871,0.6,DOWN,0.005581,0.5597,4023.85,22.39,3764.6,4300.96,0.8,UP,False,False,False,1.0,0.003171,4014.17,9.68,0.2413,False,1276,2024-12-30,2024-12-30,f5cc903ce6844b37,False,104,0.451923,0.447037,0.32,0.337597,0.433199,False,False,7,UP,LONG_USD_SHORT_COP,SHADOW,False,5,5|25,0.472287,4009.71,0.2061,3900.61,4121.85,0.0,False,usdcop/directional_replay_2025_W27.png
2025-W28,2025-07-11,False,3997.06,transition,frozen_pre_2025,1,execution,2025-07-14,False,0.45108,0.55,DOWN,8.3e-05,0.0083,3997.39,0.33,3955.54,4039.69,0.8,UP,False,False,False,1.0,0.000763,4000.11,2.72,0.0679,False,1305,2024-12-30,2024-12-30,783ecbdec4595223,True,104,0.605769,0.555303,0.227273,0.246818,0.48873,False,False,1,UP,LONG_USD_SHORT_COP,SHADOW,False,5,5|25,0.444987,4005.0,0.1987,3896.03,4117.02,1.0,True,usdcop/directional_replay_2025_W28.png
2025-W28,2025-07-11,False,3997.06,transition,frozen_pre_2025,5,tactical,2025-07-18,False,0.610878,0.45,UP,0.001985,0.1987,4005.0,7.94,3896.03,4117.02,0.8,UP,True,False,False,1.0,0.004999,4017.09,12.09,0.3009,True,1301,2024-12-30,2024-12-30,dbbaaeaae61164cb,False,104,0.509615,0.49063,0.326087,0.263375,0.463392,False,True,2,UP,LONG_USD_SHORT_COP,SHADOW,False,5,5|25,0.444987,4005.0,0.1987,3896.03,4117.02,1.0,True,usdcop/directional_replay_2025_W28.png
2025-W28,2025-07-11,False,3997.06,transition,frozen_pre_2025,10,tactical,2025-07-25,False,0.472802,0.45,UP,0.002358,0.2361,4006.5,9.44,3852.39,4166.76,0.8,UP,True,False,False,1.0,0.035489,4141.46,134.96,3.2589,True,1296,2024-12-30,2024-12-30,ff5277be1db3a312,False,104,0.471154,0.466605,0.387755,0.279044,0.458424,False,False,4,UP,LONG_USD_SHORT_COP,SHADOW,False,5,5|25,0.444987,4005.0,0.1987,3896.03,4117.02,1.0,True,usdcop/directional_replay_2025_W28.png
2025-W28,2025-07-11,False,3997.06,transition,frozen_pre_2025,15,tactical,2025-08-01,False,0.447796,0.45,DOWN,0.003101,0.3106,4009.47,12.41,3813.3,4215.74,0.8,UP,False,False,False,1.0,0.031497,4124.96,115.49,2.7997,False,1291,2024-12-30,2024-12-30,15dc7ab56cb103d2,False,104,0.480769,0.459091,0.318182,0.283538,0.443427,False,False,5,UP,LONG_USD_SHORT_COP,SHADOW,False,5,5|25,0.444987,4005.0,0.1987,3896.03,4117.02,1.0,True,usdcop/directional_replay_2025_W28.png
2025-W28,2025-07-11,False,3997.06,transition,frozen_pre_2025,20,swing,2025-08-08,False,0.628042,0.4,UP,0.006149,0.6168,4021.71,24.65,3803.48,4252.47,0.8,UP,True,False,False,1.0,0.01317,4050.05,28.34,0.6996,True,1286,2024-12-30,2024-12-30,fe8038e81873cb0d,True,104,0.471154,0.484416,0.254545,0.321836,0.438906,False,False,6,UP,LONG_USD_SHORT_COP,SHADOW,False,5,5|25,0.444987,4005.0,0.1987,3896.03,4117.02,1.0,True,usdcop/directional_replay_2025_W28.png
2025-W28,2025-07-11,False,3997.06,transition,frozen_pre_2025,25,swing,2025-08-15,False,0.567117,0.55,UP,0.005404,0.5419,4018.72,21.66,3767.96,4286.17,0.8,UP,True,False,False,1.0,0.004271,4014.17,4.55,0.1133,True,1281,2024-12-30,2024-12-30,10d56131505b0874,False,104,0.5,0.478788,0.340909,0.312106,0.459697,False,True,3,UP,LONG_USD_SHORT_COP,SHADOW,False,5,5|25,0.444987,4005.0,0.1987,3896.03,4117.02,1.0,True,usdcop/directional_replay_2025_W28.png
2025-W28,2025-07-11,False,3997.06,transition,frozen_pre_2025,30,swing,2025-08-22,False,0.570742,0.6,DOWN,0.00584,0.5857,4020.47,23.41,3761.44,4297.34,0.8,UP,False,False,False,1.0,0.003459,4010.91,9.56,0.2384,False,1276,2024-12-30,2024-12-30,f5cc903ce6844b37,False,104,0.451923,0.447037,0.32,0.337597,0.433199,False,False,7,UP,LONG_USD_SHORT_COP,SHADOW,False,5,5|25,0.444987,4005.0,0.1987,3896.03,4117.02,1.0,True,usdcop/directional_replay_2025_W28.png
2025-W29,2025-07-18,False,4017.09,transition,frozen_pre_2025,1,execution,2025-07-21,False,0.507724,0.55,DOWN,0.000259,0.0259,4018.13,1.04,3976.06,4060.65,0.8,UP,False,False,False,1.0,0.006778,4044.41,26.28,0.6498,False,1305,2024-12-30,2024-12-30,783ecbdec4595223,True,104,0.605769,0.555303,0.227273,0.246818,0.48873,False,False,1,UP,LONG_USD_SHORT_COP,SHADOW,False,5,5|25,0.39848,4021.76,0.1163,3912.34,4134.25,1.0,True,usdcop/directional_replay_2025_W29.png
2025-W29,2025-07-18,False,4017.09,transition,frozen_pre_2025,5,tactical,2025-07-25,False,0.518053,0.45,UP,0.001163,0.1163,4021.76,4.67,3912.34,4134.25,0.8,UP,True,False,False,1.0,0.030491,4141.46,119.7,2.8902,True,1301,2024-12-30,2024-12-30,dbbaaeaae61164cb,False,104,0.509615,0.49063,0.326087,0.263375,0.463392,False,True,2,UP,LONG_USD_SHORT_COP,SHADOW,False,5,5|25,0.39848,4021.76,0.1163,3912.34,4134.25,1.0,True,usdcop/directional_replay_2025_W29.png
2025-W29,2025-07-18,False,4017.09,transition,frozen_pre_2025,10,tactical,2025-08-01,False,0.512901,0.45,UP,0.002855,0.2859,4028.58,11.49,3873.63,4189.72,0.8,UP,True,False,False,1.0,0.026499,4124.96,96.38,2.3366,True,1296,2024-12-30,2024-12-30,ff5277be1db3a312,False,104,0.471154,0.466605,0.387755,0.279044,0.458424,False,False,4,UP,LONG_USD_SHORT_COP,SHADOW,False,5,5|25,0.39848,4021.76,0.1163,3912.34,4134.25,1.0,True,usdcop/directional_replay_2025_W29.png
2025-W29,2025-07-18,False,4017.09,transition,frozen_pre_2025,15,tactical,2025-08-08,False,0.490537,0.45,UP,0.003231,0.3236,4030.09,13.0,3832.9,4237.42,0.8,UP,True,False,False,1.0,0.008171,4050.05,19.96,0.4928,True,1291,2024-12-30,2024-12-30,15dc7ab56cb103d2,False,104,0.480769,0.459091,0.318182,0.283538,0.443427,False,False,5,UP,LONG_USD_SHORT_COP,SHADOW,False,5,5|25,0.39848,4021.76,0.1163,3912.34,4134.25,1.0,True,usdcop/directional_replay_2025_W29.png
2025-W29,2025-07-18,False,4017.09,transition,frozen_pre_2025,20,swing,2025-08-15,False,0.697754,0.4,UP,0.010026,1.0076,4057.57,40.48,3837.39,4290.38,0.8,UP,True,False,False,0.0,-0.000727,4014.17,43.4,1.0811,False,1286,2024-12-30,2024-12-30,fe8038e81873cb0d,True,104,0.471154,0.484416,0.254545,0.321836,0.438906,False,False,6,UP,LONG_USD_SHORT_COP,SHADOW,False,5,5|25,0.39848,4021.76,0.1163,3912.34,4134.25,1.0,True,usdcop/directional_replay_2025_W29.png
2025-W29,2025-07-18,False,4017.09,transition,frozen_pre_2025,25,swing,2025-08-22,False,0.641339,0.55,UP,0.008501,0.8537,4051.39,34.3,3798.59,4321.0,0.8,UP,True,False,False,0.0,-0.00154,4010.91,40.48,1.0091,False,1281,2024-12-30,2024-12-30,10d56131505b0874,False,104,0.5,0.478788,0.340909,0.312106,0.459697,False,True,3,UP,LONG_USD_SHORT_COP,SHADOW,False,5,5|25,0.39848,4021.76,0.1163,3912.34,4134.25,1.0,True,usdcop/directional_replay_2025_W29.png
2025-W29,2025-07-18,False,4017.09,transition,frozen_pre_2025,30,swing,2025-08-29,False,0.648333,0.6,UP,0.008893,0.8933,4052.97,35.88,3791.85,4332.08,0.8,UP,True,False,False,0.0,-0.00052,4015.0,37.97,0.9458,False,1276,2024-12-30,2024-12-30,f5cc903ce6844b37,False,104,0.451923,0.447037,0.32,0.337597,0.433199,False,False,7,UP,LONG_USD_SHORT_COP,SHADOW,False,5,5|25,0.39848,4021.76,0.1163,3912.34,4134.25,1.0,True,usdcop/directional_replay_2025_W29.png
2025-W30,2025-07-25,False,4141.46,transition,frozen_pre_2025,1,execution,2025-07-28,False,0.510075,0.55,DOWN,0.000165,0.0165,4142.15,0.69,4098.77,4185.98,0.8,UP,False,False,False,1.0,0.005324,4163.57,21.42,0.5146,False,1305,2024-12-30,2024-12-30,783ecbdec4595223,True,104,0.605769,0.555303,0.227273,0.246818,0.48873,False,False,1,UP,LONG_USD_SHORT_COP,SHADOW,False,5,5|25,0.366472,4145.5,0.0975,4032.71,4261.44,0.0,False,usdcop/directional_replay_2025_W30.png
2025-W30,2025-07-25,False,4141.46,transition,frozen_pre_2025,5,tactical,2025-08-01,False,0.514643,0.45,UP,0.000974,0.0975,4145.5,4.04,4032.71,4261.44,0.8,UP,True,False,False,0.0,-0.003992,4124.96,20.54,0.4979,False,1301,2024-12-30,2024-12-30,dbbaaeaae61164cb,False,104,0.509615,0.49063,0.326087,0.263375,0.463392,False,True,2,UP,LONG_USD_SHORT_COP,SHADOW,False,5,5|25,0.366472,4145.5,0.0975,4032.71,4261.44,0.0,False,usdcop/directional_replay_2025_W30.png
2025-W30,2025-07-25,False,4141.46,transition,frozen_pre_2025,10,tactical,2025-08-08,False,0.45171,0.45,UP,0.002197,0.2199,4150.57,9.11,3990.93,4316.6,0.8,UP,True,False,False,0.0,-0.022319,4050.05,100.52,2.4819,False,1296,2024-12-30,2024-12-30,ff5277be1db3a312,False,104,0.471154,0.466605,0.387755,0.279044,0.458424,False,False,4,UP,LONG_USD_SHORT_COP,SHADOW,False,5,5|25,0.366472,4145.5,0.0975,4032.71,4261.44,0.0,False,usdcop/directional_replay_2025_W30.png
2025-W30,2025-07-25,False,4141.46,transition,frozen_pre_2025,15,tactical,2025-08-15,False,0.445458,0.45,DOWN,0.00253,0.2533,4151.95,10.49,3948.8,4365.55,0.8,UP,False,False,False,0.0,-0.031218,4014.17,137.78,3.4324,True,1291,2024-12-30,2024-12-30,15dc7ab56cb103d2,False,104,0.480769,0.459091,0.318182,0.283538,0.443427,False,False,5,UP,LONG_USD_SHORT_COP,SHADOW,False,5,5|25,0.366472,4145.5,0.0975,4032.71,4261.44,0.0,False,usdcop/directional_replay_2025_W30.png
2025-W30,2025-07-25,False,4141.46,transition,frozen_pre_2025,20,swing,2025-08-22,False,0.683923,0.4,UP,0.00872,0.8758,4177.73,36.27,3951.03,4417.43,0.8,UP,True,False,False,0.0,-0.03203,4010.91,166.82,4.1592,False,1286,2024-12-30,2024-12-30,fe8038e81873cb0d,True,104,0.471154,0.484416,0.254545,0.321836,0.438906,False,False,6,UP,LONG_USD_SHORT_COP,SHADOW,False,5,5|25,0.366472,4145.5,0.0975,4032.71,4261.44,0.0,False,usdcop/directional_replay_2025_W30.png
2025-W30,2025-07-25,False,4141.46,transition,frozen_pre_2025,25,swing,2025-08-29,False,0.631946,0.55,UP,0.008039,0.8072,4174.89,33.43,3914.39,4452.73,0.8,UP,True,False,False,0.0,-0.031011,4015.0,159.89,3.9823,False,1281,2024-12-30,2024-12-30,10d56131505b0874,False,104,0.5,0.478788,0.340909,0.312106,0.459697,False,True,3,UP,LONG_USD_SHORT_COP,SHADOW,False,5,5|25,0.366472,4145.5,0.0975,4032.71,4261.44,0.0,False,usdcop/directional_replay_2025_W30.png
2025-W30,2025-07-25,False,4141.46,transition,frozen_pre_2025,30,swing,2025-09-05,False,0.627133,0.6,UP,0.008349,0.8383,4176.18,34.72,3907.11,4463.78,0.8,UP,True,False,False,0.0,-0.045625,3956.75,219.43,5.5457,False,1276,2024-12-30,2024-12-30,f5cc903ce6844b37,False,104,0.451923,0.447037,0.32,0.337597,0.433199,False,False,7,UP,LONG_USD_SHORT_COP,SHADOW,False,5,5|25,0.366472,4145.5,0.0975,4032.71,4261.44,0.0,False,usdcop/directional_replay_2025_W30.png
2025-W31,2025-08-01,False,4124.96,risk_on,frozen_pre_2025,1,execution,2025-08-04,False,0.505933,0.55,DOWN,0.000272,0.0272,4126.08,1.12,4082.88,4169.74,0.8,UP,False,False,False,0.0,-0.00633,4098.93,27.15,0.6625,True,1305,2024-12-30,2024-12-30,783ecbdec4595223,True,104,0.605769,0.555303,0.227273,0.246818,0.48873,False,False,1,UP,LONG_USD_SHORT_COP,SHADOW,False,5,5|25,0.416225,4130.81,0.1419,4018.42,4246.35,0.0,False,usdcop/directional_replay_2025_W31.png
2025-W31,2025-08-01,False,4124.96,risk_on,frozen_pre_2025,5,tactical,2025-08-08,False,0.532762,0.45,UP,0.001418,0.1419,4130.81,5.85,4018.42,4246.35,0.8,UP,True,False,False,0.0,-0.018327,4050.05,80.76,1.9942,False,1301,2024-12-30,2024-12-30,dbbaaeaae61164cb,False,104,0.509615,0.49063,0.326087,0.263375,0.463392,False,True,2,UP,LONG_USD_SHORT_COP,SHADOW,False,5,5|25,0.416225,4130.81,0.1419,4018.42,4246.35,0.0,False,usdcop/directional_replay_2025_W31.png
2025-W31,2025-08-01,False,4124.96,risk_on,frozen_pre_2025,10,tactical,2025-08-15,False,0.455609,0.45,UP,0.002424,0.2427,4134.97,10.01,3975.93,4300.37,0.8,UP,True,False,False,0.0,-0.027226,4014.17,120.8,3.0093,False,1296,2024-12-30,2024-12-30,ff5277be1db3a312,False,104,0.471154,0.466605,0.387755,0.279044,0.458424,False,False,4,UP,LONG_USD_SHORT_COP,SHADOW,False,5,5|25,0.416225,4130.81,0.1419,4018.42,4246.35,0.0,False,usdcop/directional_replay_2025_W31.png
2025-W31,2025-08-01,False,4124.96,risk_on,frozen_pre_2025,15,tactical,2025-08-22,False,0.448563,0.45,DOWN,0.002884,0.2888,4136.87,11.91,3934.46,4349.7,0.8,UP,False,False,False,0.0,-0.028038,4010.91,125.97,3.1406,True,1291,2024-12-30,2024-12-30,15dc7ab56cb103d2,False,104,0.480769,0.459091,0.318182,0.283538,0.443427,False,False,5,UP,LONG_USD_SHORT_COP,SHADOW,False,5,5|25,0.416225,4130.81,0.1419,4018.42,4246.35,0.0,False,usdcop/directional_replay_2025_W31.png
2025-W31,2025-08-01,False,4124.96,risk_on,frozen_pre_2025,20,swing,2025-08-29,False,0.699882,0.4,UP,0.009738,0.9786,4165.33,40.37,3939.3,4404.32,0.8,UP,True,False,False,0.0,-0.027019,4015.0,150.33,3.7441,False,1286,2024-12-30,2024-12-30,fe8038e81873cb0d,True,104,0.471154,0.484416,0.254545,0.321836,0.438906,False,False,6,UP,LONG_USD_SHORT_COP,SHADOW,False,5,5|25,0.416225,4130.81,0.1419,4018.42,4246.35,0.0,False,usdcop/directional_replay_2025_W31.png
2025-W31,2025-08-01,False,4124.96,risk_on,frozen_pre_2025,25,swing,2025-09-05,False,0.633728,0.55,UP,0.008123,0.8156,4158.6,33.64,3899.12,4435.36,0.8,UP,True,False,False,0.0,-0.041633,3956.75,201.85,5.1015,False,1281,2024-12-30,2024-12-30,10d56131505b0874,False,104,0.5,0.478788,0.340909,0.312106,0.459697,False,True,3,UP,LONG_USD_SHORT_COP,SHADOW,False,5,5|25,0.416225,4130.81,0.1419,4018.42,4246.35,0.0,False,usdcop/directional_replay_2025_W31.png
2025-W31,2025-08-01,False,4124.96,risk_on,frozen_pre_2025,30,swing,2025-09-12,False,0.626271,0.6,UP,0.008417,0.8452,4159.82,34.86,3891.81,4446.29,0.8,UP,True,False,False,0.0,-0.05802,3892.44,267.38,6.8693,False,1276,2024-12-30,2024-12-30,f5cc903ce6844b37,False,104,0.451923,0.447037,0.32,0.337597,0.433199,False,False,7,UP,LONG_USD_SHORT_COP,SHADOW,False,5,5|25,0.416225,4130.81,0.1419,4018.42,4246.35,0.0,False,usdcop/directional_replay_2025_W31.png
2025-W32,2025-08-08,False,4050.05,transition,frozen_pre_2025,1,execution,2025-08-11,False,0.459271,0.55,DOWN,-6.2e-05,-0.0062,4049.8,-0.25,4007.39,4092.65,0.8,DOWN,True,False,False,0.0,-0.004278,4032.76,17.04,0.4225,True,1305,2024-12-30,2024-12-30,783ecbdec4595223,True,104,0.605769,0.555303,0.227273,0.246818,0.48873,False,False,1,UP,LONG_USD_SHORT_COP,SHADOW,False,5,5|25,0.329622,4053.9,0.0951,3943.6,4167.29,0.0,False,usdcop/directional_replay_2025_W32.png
2025-W32,2025-08-08,False,4050.05,transition,frozen_pre_2025,5,tactical,2025-08-15,False,0.50835,0.45,UP,0.000951,0.0951,4053.9,3.85,3943.6,4167.29,0.8,UP,True,False,False,0.0,-0.008899,4014.17,39.73,0.9898,False,1301,2024-12-30,2024-12-30,dbbaaeaae61164cb,False,104,0.509615,0.49063,0.326087,0.263375,0.463392,False,True,2,UP,LONG_USD_SHORT_COP,SHADOW,False,5,5|25,0.329622,4053.9,0.0951,3943.6,4167.29,0.0,False,usdcop/directional_replay_2025_W32.png
2025-W32,2025-08-08,False,4050.05,transition,frozen_pre_2025,10,tactical,2025-08-22,False,0.472308,0.45,UP,0.002531,0.2534,4060.31,10.26,3904.14,4222.73,0.8,UP,True,False,False,0.0,-0.009711,4010.91,49.4,1.2317,False,1296,2024-12-30,2024-12-30,ff5277be1db3a312,False,104,0.471154,0.466605,0.387755,0.279044,0.458424,False,False,4,UP,LONG_USD_SHORT_COP,SHADOW,False,5,5|25,0.329622,4053.9,0.0951,3943.6,4167.29,0.0,False,usdcop/directional_replay_2025_W32.png
2025-W32,2025-08-08,False,4050.05,transition,frozen_pre_2025,15,tactical,2025-08-29,False,0.452529,0.45,UP,0.002851,0.2855,4061.61,11.56,3862.88,4270.56,0.8,UP,True,False,False,0.0,-0.008692,4015.0,46.61,1.161,False,1291,2024-12-30,2024-12-30,15dc7ab56cb103d2,False,104,0.480769,0.459091,0.318182,0.283538,0.443427,False,False,5,UP,LONG_USD_SHORT_COP,SHADOW,False,5,5|25,0.329622,4053.9,0.0951,3943.6,4167.29,0.0,False,usdcop/directional_replay_2025_W32.png
2025-W32,2025-08-08,False,4050.05,transition,frozen_pre_2025,20,swing,2025-09-05,False,0.694945,0.4,UP,0.009523,0.9568,4088.8,38.75,3866.93,4323.4,0.8,UP,True,False,False,0.0,-0.023306,3956.75,132.05,3.3374,False,1286,2024-12-30,2024-12-30,fe8038e81873cb0d,True,104,0.471154,0.484416,0.254545,0.321836,0.438906,False,False,6,UP,LONG_USD_SHORT_COP,SHADOW,False,5,5|25,0.329622,4053.9,0.0951,3943.6,4167.29,0.0,False,usdcop/directional_replay_2025_W32.png
2025-W32,2025-08-08,False,4050.05,transition,frozen_pre_2025,25,swing,2025-09-12,False,0.623499,0.55,UP,0.007667,0.7696,4081.22,31.17,3826.56,4352.82,0.8,UP,True,False,False,0.0,-0.039693,3892.44,188.78,4.8499,False,1281,2024-12-30,2024-12-30,10d56131505b0874,False,104,0.5,0.478788,0.340909,0.312106,0.459697,False,True,3,UP,LONG_USD_SHORT_COP,SHADOW,False,5,5|25,0.329622,4053.9,0.0951,3943.6,4167.29,0.0,False,usdcop/directional_replay_2025_W32.png
2025-W32,2025-08-08,False,4050.05,transition,frozen_pre_2025,30,swing,2025-09-19,False,0.62358,0.6,UP,0.007961,0.7993,4082.42,32.37,3819.39,4363.56,0.8,UP,True,False,False,0.0,-0.047777,3861.1,221.32,5.7321,False,1276,2024-12-30,2024-12-30,f5cc903ce6844b37,False,104,0.451923,0.447037,0.32,0.337597,0.433199,False,False,7,UP,LONG_USD_SHORT_COP,SHADOW,False,5,5|25,0.329622,4053.9,0.0951,3943.6,4167.29,0.0,False,usdcop/directional_replay_2025_W32.png
2025-W33,2025-08-15,False,4014.17,transition,frozen_pre_2025,1,execution,2025-08-18,False,0.492194,0.55,DOWN,0.000284,0.0284,4015.31,1.14,3973.27,4057.8,0.8,UP,False,False,False,1.0,0.003849,4029.65,14.34,0.3558,False,1305,2024-12-30,2024-12-30,783ecbdec4595223,True,104,0.605769,0.555303,0.227273,0.246818,0.48873,False,False,1,UP,LONG_USD_SHORT_COP,SHADOW,False,5,5|25,0.303773,4020.79,0.165,3911.39,4133.25,0.0,False,usdcop/directional_replay_2025_W33.png
2025-W33,2025-08-15,False,4014.17,transition,frozen_pre_2025,5,tactical,2025-08-22,False,0.550919,0.45,UP,0.001648,0.165,4020.79,6.62,3911.39,4133.25,0.8,UP,True,False,False,0.0,-0.000812,4010.91,9.88,0.2464,False,1301,2024-12-30,2024-12-30,dbbaaeaae61164cb,False,104,0.509615,0.49063,0.326087,0.263375,0.463392,False,True,2,UP,LONG_USD_SHORT_COP,SHADOW,False,5,5|25,0.303773,4020.79,0.165,3911.39,4133.25,0.0,False,usdcop/directional_replay_2025_W33.png
2025-W33,2025-08-15,False,4014.17,transition,frozen_pre_2025,10,tactical,2025-08-29,False,0.480423,0.45,UP,0.002797,0.2801,4025.41,11.24,3870.58,4186.44,0.8,UP,True,False,False,1.0,0.000207,4015.0,10.41,0.2594,True,1296,2024-12-30,2024-12-30,ff5277be1db3a312,False,104,0.471154,0.466605,0.387755,0.279044,0.458424,False,False,4,UP,LONG_USD_SHORT_COP,SHADOW,False,5,5|25,0.303773,4020.79,0.165,3911.39,4133.25,0.0,False,usdcop/directional_replay_2025_W33.png
2025-W33,2025-08-15,False,4014.17,transition,frozen_pre_2025,15,tactical,2025-09-05,False,0.480091,0.45,UP,0.003988,0.3996,4030.21,16.04,3833.02,4237.55,0.8,UP,True,False,False,0.0,-0.014408,3956.75,73.46,1.8566,False,1291,2024-12-30,2024-12-30,15dc7ab56cb103d2,False,104,0.480769,0.459091,0.318182,0.283538,0.443427,False,False,5,UP,LONG_USD_SHORT_COP,SHADOW,False,5,5|25,0.303773,4020.79,0.165,3911.39,4133.25,0.0,False,usdcop/directional_replay_2025_W33.png
2025-W33,2025-08-15,False,4014.17,transition,frozen_pre_2025,20,swing,2025-09-12,False,0.647778,0.4,UP,0.009131,0.9173,4050.99,36.82,3831.17,4283.42,0.8,UP,True,False,False,0.0,-0.030794,3892.44,158.55,4.0733,False,1286,2024-12-30,2024-12-30,fe8038e81873cb0d,True,104,0.471154,0.484416,0.254545,0.321836,0.438906,False,False,6,UP,LONG_USD_SHORT_COP,SHADOW,False,5,5|25,0.303773,4020.79,0.165,3911.39,4133.25,0.0,False,usdcop/directional_replay_2025_W33.png
2025-W33,2025-08-15,False,4014.17,transition,frozen_pre_2025,25,swing,2025-09-19,False,0.57059,0.55,UP,0.006712,0.6735,4041.2,27.04,3789.04,4310.15,0.8,UP,True,False,False,0.0,-0.038878,3861.1,180.1,4.6646,False,1281,2024-12-30,2024-12-30,10d56131505b0874,False,104,0.5,0.478788,0.340909,0.312106,0.459697,False,True,3,UP,LONG_USD_SHORT_COP,SHADOW,False,5,5|25,0.303773,4020.79,0.165,3911.39,4133.25,0.0,False,usdcop/directional_replay_2025_W33.png
2025-W33,2025-08-15,False,4014.17,transition,frozen_pre_2025,30,swing,2025-09-26,False,0.593234,0.6,DOWN,0.006553,0.6574,4040.56,26.39,3780.23,4318.82,0.8,UP,False,False,False,0.0,-0.029157,3898.82,141.74,3.6354,True,1276,2024-12-30,2024-12-30,f5cc903ce6844b37,False,104,0.451923,0.447037,0.32,0.337597,0.433199,False,False,7,UP,LONG_USD_SHORT_COP,SHADOW,False,5,5|25,0.303773,4020.79,0.165,3911.39,4133.25,0.0,False,usdcop/directional_replay_2025_W33.png
2025-W34,2025-08-22,False,4010.91,transition,frozen_pre_2025,1,execution,2025-08-25,False,0.508562,0.55,DOWN,0.000226,0.0226,4011.82,0.91,3969.81,4054.27,0.8,UP,False,False,False,1.0,0.003611,4025.42,13.6,0.3379,False,1305,2024-12-30,2024-12-30,783ecbdec4595223,True,104,0.605769,0.555303,0.227273,0.246818,0.48873,False,False,1,UP,LONG_USD_SHORT_COP,SHADOW,False,5,5|25,0.355642,4017.23,0.1577,3907.93,4129.59,1.0,True,usdcop/directional_replay_2025_W34.png
2025-W34,2025-08-22,False,4010.91,transition,frozen_pre_2025,5,tactical,2025-08-29,False,0.549551,0.45,UP,0.001576,0.1577,4017.23,6.32,3907.93,4129.59,0.8,UP,True,False,False,1.0,0.001019,4015.0,2.23,0.0556,True,1301,2024-12-30,2024-12-30,dbbaaeaae61164cb,False,104,0.509615,0.49063,0.326087,0.263375,0.463392,False,True,2,UP,LONG_USD_SHORT_COP,SHADOW,False,5,5|25,0.355642,4017.23,0.1577,3907.93,4129.59,1.0,True,usdcop/directional_replay_2025_W34.png
2025-W34,2025-08-22,False,4010.91,transition,frozen_pre_2025,10,tactical,2025-09-05,False,0.557104,0.45,UP,0.003618,0.3624,4025.45,14.54,3870.62,4186.47,0.8,UP,True,False,False,0.0,-0.013595,3956.75,68.7,1.7362,False,1296,2024-12-30,2024-12-30,ff5277be1db3a312,False,104,0.471154,0.466605,0.387755,0.279044,0.458424,False,False,4,UP,LONG_USD_SHORT_COP,SHADOW,False,5,5|25,0.355642,4017.23,0.1577,3907.93,4129.59,1.0,True,usdcop/directional_replay_2025_W34.png
2025-W34,2025-08-22,False,4010.91,transition,frozen_pre_2025,15,tactical,2025-09-12,False,0.538198,0.45,UP,0.004875,0.4887,4030.51,19.6,3833.31,4237.86,0.8,UP,True,False,False,0.0,-0.029982,3892.44,138.07,3.5472,False,1291,2024-12-30,2024-12-30,15dc7ab56cb103d2,False,104,0.480769,0.459091,0.318182,0.283538,0.443427,False,False,5,UP,LONG_USD_SHORT_COP,SHADOW,False,5,5|25,0.355642,4017.23,0.1577,3907.93,4129.59,1.0,True,usdcop/directional_replay_2025_W34.png
2025-W34,2025-08-22,False,4010.91,transition,frozen_pre_2025,20,swing,2025-09-19,False,0.664393,0.4,UP,0.010465,1.052,4053.1,42.19,3833.17,4285.66,0.8,UP,True,False,False,0.0,-0.038066,3861.1,192.0,4.9728,False,1286,2024-12-30,2024-12-30,fe8038e81873cb0d,True,104,0.471154,0.484416,0.254545,0.321836,0.438906,False,False,6,UP,LONG_USD_SHORT_COP,SHADOW,False,5,5|25,0.355642,4017.23,0.1577,3907.93,4129.59,1.0,True,usdcop/directional_replay_2025_W34.png
2025-W34,2025-08-22,False,4010.91,transition,frozen_pre_2025,25,swing,2025-09-26,False,0.592706,0.55,UP,0.00773,0.776,4042.03,31.12,3789.82,4311.03,0.8,UP,True,False,False,0.0,-0.028344,3898.82,143.21,3.6732,False,1281,2024-12-30,2024-12-30,10d56131505b0874,False,104,0.5,0.478788,0.340909,0.312106,0.459697,False,True,3,UP,LONG_USD_SHORT_COP,SHADOW,False,5,5|25,0.355642,4017.23,0.1577,3907.93,4129.59,1.0,True,usdcop/directional_replay_2025_W34.png
2025-W34,2025-08-22,False,4010.91,transition,frozen_pre_2025,30,swing,2025-10-03,False,0.614753,0.6,UP,0.007678,0.7708,4041.83,30.92,3781.42,4320.17,0.8,UP,True,False,False,0.0,-0.036539,3867.0,174.83,4.521,False,1276,2024-12-30,2024-12-30,f5cc903ce6844b37,False,104,0.451923,0.447037,0.32,0.337597,0.433199,False,False,7,UP,LONG_USD_SHORT_COP,SHADOW,False,5,5|25,0.355642,4017.23,0.1577,3907.93,4129.59,1.0,True,usdcop/directional_replay_2025_W34.png
2025-W35,2025-08-29,False,4015.0,transition,frozen_pre_2025,1,execution,2025-09-01,False,0.421559,0.55,DOWN,-7.6e-05,-0.0076,4014.7,-0.3,3972.66,4057.18,0.8,DOWN,True,False,False,1.0,0.000316,4016.27,1.57,0.0392,False,1305,2024-12-30,2024-12-30,783ecbdec4595223,True,104,0.605769,0.555303,0.227273,0.246818,0.48873,False,False,1,UP,LONG_USD_SHORT_COP,SHADOW,False,5,5|25,0.311965,4019.99,0.1242,3910.61,4132.42,0.0,False,usdcop/directional_replay_2025_W35.png
2025-W35,2025-08-29,False,4015.0,transition,frozen_pre_2025,5,tactical,2025-09-05,False,0.528072,0.45,UP,0.001241,0.1242,4019.99,4.99,3910.61,4132.42,0.8,UP,True,False,False,0.0,-0.014614,3956.75,63.24,1.5982,False,1301,2024-12-30,2024-12-30,dbbaaeaae61164cb,False,104,0.509615,0.49063,0.326087,0.263375,0.463392,False,True,2,UP,LONG_USD_SHORT_COP,SHADOW,False,5,5|25,0.311965,4019.99,0.1242,3910.61,4132.42,0.0,False,usdcop/directional_replay_2025_W35.png
2025-W35,2025-08-29,False,4015.0,transition,frozen_pre_2025,10,tactical,2025-09-12,False,0.565957,0.45,UP,0.003467,0.3473,4028.94,13.94,3873.98,4190.11,0.8,UP,True,False,False,0.0,-0.031001,3892.44,136.5,3.5069,False,1296,2024-12-30,2024-12-30,ff5277be1db3a312,False,104,0.471154,0.466605,0.387755,0.279044,0.458424,False,False,4,UP,LONG_USD_SHORT_COP,SHADOW,False,5,5|25,0.311965,4019.99,0.1242,3910.61,4132.42,0.0,False,usdcop/directional_replay_2025_W35.png
2025-W35,2025-08-29,False,4015.0,transition,frozen_pre_2025,15,tactical,2025-09-19,False,0.554582,0.45,UP,0.0047,0.4711,4033.92,18.92,3836.54,4241.44,0.8,UP,True,False,False,0.0,-0.039085,3861.1,172.81,4.4758,False,1291,2024-12-30,2024-12-30,15dc7ab56cb103d2,False,104,0.480769,0.459091,0.318182,0.283538,0.443427,False,False,5,UP,LONG_USD_SHORT_COP,SHADOW,False,5,5|25,0.311965,4019.99,0.1242,3910.61,4132.42,0.0,False,usdcop/directional_replay_2025_W35.png
2025-W35,2025-08-29,False,4015.0,transition,frozen_pre_2025,20,swing,2025-09-26,False,0.64987,0.4,UP,0.009355,0.9399,4052.74,37.74,3832.82,4285.27,0.8,UP,True,False,False,0.0,-0.029363,3898.82,153.92,3.9478,False,1286,2024-12-30,2024-12-30,fe8038e81873cb0d,True,104,0.471154,0.484416,0.254545,0.321836,0.438906,False,False,6,UP,LONG_USD_SHORT_COP,SHADOW,False,5,5|25,0.311965,4019.99,0.1242,3910.61,4132.42,0.0,False,usdcop/directional_replay_2025_W35.png
2025-W35,2025-08-29,False,4015.0,transition,frozen_pre_2025,25,swing,2025-10-03,False,0.596714,0.55,UP,0.007947,0.7979,4047.04,32.04,3794.51,4316.36,0.8,UP,True,False,False,0.0,-0.037558,3867.0,180.04,4.6557,False,1281,2024-12-30,2024-12-30,10d56131505b0874,False,104,0.5,0.478788,0.340909,0.312106,0.459697,False,True,3,UP,LONG_USD_SHORT_COP,SHADOW,False,5,5|25,0.311965,4019.99,0.1242,3910.61,4132.42,0.0,False,usdcop/directional_replay_2025_W35.png
2025-W35,2025-08-29,False,4015.0,transition,frozen_pre_2025,30,swing,2025-10-10,False,0.621814,0.6,UP,0.007943,0.7974,4047.02,32.02,3786.27,4325.72,0.8,UP,True,False,False,0.0,-0.023754,3920.75,126.27,3.2205,False,1276,2024-12-30,2024-12-30,f5cc903ce6844b37,False,104,0.451923,0.447037,0.32,0.337597,0.433199,False,False,7,UP,LONG_USD_SHORT_COP,SHADOW,False,5,5|25,0.311965,4019.99,0.1242,3910.61,4132.42,0.0,False,usdcop/directional_replay_2025_W35.png
2025-W36,2025-09-05,False,3956.75,transition,frozen_pre_2025,1,execution,2025-09-08,False,0.458021,0.55,DOWN,0.000154,0.0154,3957.36,0.61,3915.92,3999.24,0.8,UP,False,False,False,0.0,-0.0041,3940.56,16.8,0.4264,True,1305,2024-12-30,2024-12-30,783ecbdec4595223,True,104,0.605769,0.555303,0.227273,0.246818,0.48873,False,False,1,UP,LONG_USD_SHORT_COP,SHADOW,False,5,5|25,0.41163,3962.49,0.145,3854.68,4073.32,0.0,False,usdcop/directional_replay_2025_W36.png
2025-W36,2025-09-05,False,3956.75,transition,frozen_pre_2025,5,tactical,2025-09-12,False,0.565801,0.45,UP,0.001449,0.145,3962.49,5.74,3854.68,4073.32,0.8,UP,True,False,False,0.0,-0.016387,3892.44,70.05,1.7996,False,1301,2024-12-30,2024-12-30,dbbaaeaae61164cb,False,104,0.509615,0.49063,0.326087,0.263375,0.463392,False,True,2,UP,LONG_USD_SHORT_COP,SHADOW,False,5,5|25,0.41163,3962.49,0.145,3854.68,4073.32,0.0,False,usdcop/directional_replay_2025_W36.png
2025-W36,2025-09-05,False,3956.75,transition,frozen_pre_2025,10,tactical,2025-09-19,False,0.560816,0.45,UP,0.003571,0.3577,3970.9,14.15,3818.17,4129.74,0.8,UP,True,False,False,0.0,-0.024471,3861.1,109.8,2.8438,False,1296,2024-12-30,2024-12-30,ff5277be1db3a312,False,104,0.471154,0.466605,0.387755,0.279044,0.458424,False,False,4,UP,LONG_USD_SHORT_COP,SHADOW,False,5,5|25,0.41163,3962.49,0.145,3854.68,4073.32,0.0,False,usdcop/directional_replay_2025_W36.png
2025-W36,2025-09-05,False,3956.75,transition,frozen_pre_2025,15,tactical,2025-09-26,False,0.548587,0.45,UP,0.004872,0.4884,3976.07,19.32,3781.53,4180.63,0.8,UP,True,False,False,0.0,-0.014749,3898.82,77.25,1.9815,False,1291,2024-12-30,2024-12-30,15dc7ab56cb103d2,False,104,0.480769,0.459091,0.318182,0.283538,0.443427,False,False,5,UP,LONG_USD_SHORT_COP,SHADOW,False,5,5|25,0.41163,3962.49,0.145,3854.68,4073.32,0.0,False,usdcop/directional_replay_2025_W36.png
2025-W36,2025-09-05,False,3956.75,transition,frozen_pre_2025,20,swing,2025-10-03,False,0.660895,0.4,UP,0.009697,0.9744,3995.3,38.55,3778.51,4224.54,0.8,UP,True,False,False,0.0,-0.022944,3867.0,128.3,3.3179,False,1286,2024-12-30,2024-12-30,fe8038e81873cb0d,True,104,0.471154,0.484416,0.254545,0.321836,0.438906,False,False,6,UP,LONG_USD_SHORT_COP,SHADOW,False,5,5|25,0.41163,3962.49,0.145,3854.68,4073.32,0.0,False,usdcop/directional_replay_2025_W36.png
2025-W36,2025-09-05,False,3956.75,transition,frozen_pre_2025,25,swing,2025-10-10,False,0.598851,0.55,UP,0.008057,0.809,3988.76,32.01,3739.87,4254.21,0.8,UP,True,False,False,0.0,-0.00914,3920.75,68.01,1.7346,False,1281,2024-12-30,2024-12-30,10d56131505b0874,False,104,0.5,0.478788,0.340909,0.312106,0.459697,False,True,3,UP,LONG_USD_SHORT_COP,SHADOW,False,5,5|25,0.41163,3962.49,0.145,3854.68,4073.32,0.0,False,usdcop/directional_replay_2025_W36.png
2025-W36,2025-09-05,False,3956.75,transition,frozen_pre_2025,30,swing,2025-10-17,False,0.616153,0.6,UP,0.008025,0.8058,3988.63,31.88,3731.65,4263.31,0.8,UP,True,False,False,0.0,-0.033331,3827.04,161.59,4.2224,False,1276,2024-12-30,2024-12-30,f5cc903ce6844b37,False,104,0.451923,0.447037,0.32,0.337597,0.433199,False,False,7,UP,LONG_USD_SHORT_COP,SHADOW,False,5,5|25,0.41163,3962.49,0.145,3854.68,4073.32,0.0,False,usdcop/directional_replay_2025_W36.png
2025-W37,2025-09-12,False,3892.44,transition,frozen_pre_2025,1,execution,2025-09-15,False,0.452504,0.55,DOWN,-0.0001,-0.01,3892.05,-0.39,3851.3,3933.24,0.8,DOWN,True,False,False,1.0,0.003286,3905.25,13.2,0.338,False,1305,2024-12-30,2024-12-30,783ecbdec4595223,True,104,0.605769,0.555303,0.227273,0.246818,0.48873,False,False,1,UP,LONG_USD_SHORT_COP,SHADOW,False,5,5|25,0.52993,3898.7,0.1608,3792.62,4007.74,0.0,False,usdcop/directional_replay_2025_W37.png
2025-W37,2025-09-12,False,3892.44,transition,frozen_pre_2025,5,tactical,2025-09-19,False,0.568639,0.45,UP,0.001607,0.1608,3898.7,6.26,3792.62,4007.74,0.8,UP,True,False,False,0.0,-0.008084,3861.1,37.6,0.9738,False,1301,2024-12-30,2024-12-30,dbbaaeaae61164cb,False,104,0.509615,0.49063,0.326087,0.263375,0.463392,False,True,2,UP,LONG_USD_SHORT_COP,SHADOW,False,5,5|25,0.52993,3898.7,0.1608,3792.62,4007.74,0.0,False,usdcop/directional_replay_2025_W37.png
2025-W37,2025-09-12,False,3892.44,transition,frozen_pre_2025,10,tactical,2025-09-26,False,0.530407,0.45,UP,0.003344,0.335,3905.48,13.04,3755.26,4061.7,0.8,UP,True,False,False,1.0,0.001638,3898.82,6.66,0.1708,True,1296,2024-12-30,2024-12-30,ff5277be1db3a312,False,104,0.471154,0.466605,0.387755,0.279044,0.458424,False,False,4,UP,LONG_USD_SHORT_COP,SHADOW,False,5,5|25,0.52993,3898.7,0.1608,3792.62,4007.74,0.0,False,usdcop/directional_replay_2025_W37.png
2025-W37,2025-09-12,False,3892.44,transition,frozen_pre_2025,15,tactical,2025-10-03,False,0.537107,0.45,UP,0.004486,0.4496,3909.94,17.5,3718.63,4111.09,0.8,UP,True,False,False,0.0,-0.006557,3867.0,42.94,1.1104,False,1291,2024-12-30,2024-12-30,15dc7ab56cb103d2,False,104,0.480769,0.459091,0.318182,0.283538,0.443427,False,False,5,UP,LONG_USD_SHORT_COP,SHADOW,False,5,5|25,0.52993,3898.7,0.1608,3792.62,4007.74,0.0,False,usdcop/directional_replay_2025_W37.png
2025-W37,2025-09-12,False,3892.44,transition,frozen_pre_2025,20,swing,2025-10-10,False,0.685347,0.4,UP,0.010229,1.0282,3932.46,40.02,3719.07,4158.09,0.8,UP,True,False,False,1.0,0.007247,3920.75,11.71,0.2987,True,1286,2024-12-30,2024-12-30,fe8038e81873cb0d,True,104,0.471154,0.484416,0.254545,0.321836,0.438906,False,False,6,UP,LONG_USD_SHORT_COP,SHADOW,False,5,5|25,0.52993,3898.7,0.1608,3792.62,4007.74,0.0,False,usdcop/directional_replay_2025_W37.png
2025-W37,2025-09-12,False,3892.44,transition,frozen_pre_2025,25,swing,2025-10-17,False,0.643333,0.55,UP,0.010052,1.0103,3931.76,39.32,3686.43,4193.42,0.8,UP,True,False,False,0.0,-0.016945,3827.04,104.72,2.7364,False,1281,2024-12-30,2024-12-30,10d56131505b0874,False,104,0.5,0.478788,0.340909,0.312106,0.459697,False,True,3,UP,LONG_USD_SHORT_COP,SHADOW,False,5,5|25,0.52993,3898.7,0.1608,3792.62,4007.74,0.0,False,usdcop/directional_replay_2025_W37.png
2025-W37,2025-09-12,False,3892.44,transition,frozen_pre_2025,30,swing,2025-10-24,False,0.658914,0.6,UP,0.010356,1.041,3932.96,40.52,3679.56,4203.81,0.8,UP,True,False,False,0.0,-0.011283,3848.77,84.19,2.1875,False,1276,2024-12-30,2024-12-30,f5cc903ce6844b37,False,104,0.451923,0.447037,0.32,0.337597,0.433199,False,False,7,UP,LONG_USD_SHORT_COP,SHADOW,False,5,5|25,0.52993,3898.7,0.1608,3792.62,4007.74,0.0,False,usdcop/directional_replay_2025_W37.png
2025-W38,2025-09-19,False,3861.1,transition,frozen_pre_2025,1,execution,2025-09-22,False,0.43848,0.55,DOWN,7.1e-05,0.0071,3861.37,0.27,3820.94,3902.23,0.8,UP,False,False,False,0.0,-0.003978,3845.77,15.6,0.4058,True,1305,2024-12-30,2024-12-30,783ecbdec4595223,True,104,0.605769,0.555303,0.227273,0.246818,0.48873,False,False,1,UP,LONG_USD_SHORT_COP,SHADOW,False,5,5|25,0.601598,3868.51,0.1919,3763.25,3976.71,1.0,True,usdcop/directional_replay_2025_W38.png
2025-W38,2025-09-19,False,3861.1,transition,frozen_pre_2025,5,tactical,2025-09-26,False,0.593774,0.45,UP,0.001917,0.1919,3868.51,7.41,3763.25,3976.71,0.8,UP,True,False,False,1.0,0.009722,3898.82,30.31,0.7775,True,1301,2024-12-30,2024-12-30,dbbaaeaae61164cb,False,104,0.509615,0.49063,0.326087,0.263375,0.463392,False,True,2,UP,LONG_USD_SHORT_COP,SHADOW,False,5,5|25,0.601598,3868.51,0.1919,3763.25,3976.71,1.0,True,usdcop/directional_replay_2025_W38.png
2025-W38,2025-09-19,False,3861.1,transition,frozen_pre_2025,10,tactical,2025-10-03,False,0.503345,0.45,UP,0.002947,0.2951,3872.5,11.4,3723.55,4027.4,0.8,UP,True,False,False,1.0,0.001527,3867.0,5.5,0.1421,True,1296,2024-12-30,2024-12-30,ff5277be1db3a312,False,104,0.471154,0.466605,0.387755,0.279044,0.458424,False,False,4,UP,LONG_USD_SHORT_COP,SHADOW,False,5,5|25,0.601598,3868.51,0.1919,3763.25,3976.71,1.0,True,usdcop/directional_replay_2025_W38.png
2025-W38,2025-09-19,False,3861.1,transition,frozen_pre_2025,15,tactical,2025-10-10,False,0.463331,0.45,UP,0.003356,0.3361,3874.08,12.98,3684.53,4073.38,0.8,UP,True,False,False,1.0,0.015331,3920.75,46.67,1.1904,True,1291,2024-12-30,2024-12-30,15dc7ab56cb103d2,False,104,0.480769,0.459091,0.318182,0.283538,0.443427,False,False,5,UP,LONG_USD_SHORT_COP,SHADOW,False,5,5|25,0.601598,3868.51,0.1919,3763.25,3976.71,1.0,True,usdcop/directional_replay_2025_W38.png
2025-W38,2025-09-19,False,3861.1,transition,frozen_pre_2025,20,swing,2025-10-17,False,0.668005,0.4,UP,0.006778,0.6801,3887.36,26.26,3676.42,4110.4,0.8,UP,True,False,False,0.0,-0.00886,3827.04,60.32,1.5762,False,1286,2024-12-30,2024-12-30,fe8038e81873cb0d,True,104,0.471154,0.484416,0.254545,0.321836,0.438906,False,False,6,UP,LONG_USD_SHORT_COP,SHADOW,False,5,5|25,0.601598,3868.51,0.1919,3763.25,3976.71,1.0,True,usdcop/directional_replay_2025_W38.png
2025-W38,2025-09-19,False,3861.1,transition,frozen_pre_2025,25,swing,2025-10-24,False,0.646865,0.55,UP,0.007974,0.8006,3892.01,30.91,3649.16,4151.02,0.8,UP,True,False,False,0.0,-0.003199,3848.77,43.24,1.1235,False,1281,2024-12-30,2024-12-30,10d56131505b0874,False,104,0.5,0.478788,0.340909,0.312106,0.459697,False,True,3,UP,LONG_USD_SHORT_COP,SHADOW,False,5,5|25,0.601598,3868.51,0.1919,3763.25,3976.71,1.0,True,usdcop/directional_replay_2025_W38.png
2025-W38,2025-09-19,False,3861.1,transition,frozen_pre_2025,30,swing,2025-10-31,False,0.639391,0.6,UP,0.008783,0.8822,3895.16,34.06,3644.2,4163.41,0.8,UP,True,False,False,0.0,-0.002567,3851.2,43.96,1.1415,False,1276,2024-12-30,2024-12-30,f5cc903ce6844b37,False,104,0.451923,0.447037,0.32,0.337597,0.433199,False,False,7,UP,LONG_USD_SHORT_COP,SHADOW,False,5,5|25,0.601598,3868.51,0.1919,3763.25,3976.71,1.0,True,usdcop/directional_replay_2025_W38.png
2025-W39,2025-09-26,False,3898.82,transition,frozen_pre_2025,1,execution,2025-09-29,False,0.340179,0.55,DOWN,-0.000319,-0.0319,3897.58,-1.24,3856.76,3938.82,0.8,DOWN,True,False,False,1.0,0.005351,3919.74,22.16,0.5655,False,1305,2024-12-30,2024-12-30,783ecbdec4595223,True,104,0.605769,0.555303,0.227273,0.246818,0.48873,False,False,1,UP,LONG_USD_SHORT_COP,SHADOW,False,5,5|25,0.561685,3905.27,0.1654,3799.01,4014.5,0.0,False,usdcop/directional_replay_2025_W39.png
2025-W39,2025-09-26,False,3898.82,transition,frozen_pre_2025,5,tactical,2025-10-03,False,0.574034,0.45,UP,0.001653,0.1654,3905.27,6.45,3799.01,4014.5,0.8,UP,True,False,False,0.0,-0.008195,3867.0,38.27,0.9896,False,1301,2024-12-30,2024-12-30,dbbaaeaae61164cb,False,104,0.509615,0.49063,0.326087,0.263375,0.463392,False,True,2,UP,LONG_USD_SHORT_COP,SHADOW,False,5,5|25,0.561685,3905.27,0.1654,3799.01,4014.5,0.0,False,usdcop/directional_replay_2025_W39.png
2025-W39,2025-09-26,False,3898.82,transition,frozen_pre_2025,10,tactical,2025-10-10,False,0.535036,0.45,UP,0.003381,0.3386,3912.02,13.2,3761.56,4068.51,0.8,UP,True,False,False,1.0,0.005609,3920.75,8.73,0.2226,True,1296,2024-12-30,2024-12-30,ff5277be1db3a312,False,104,0.471154,0.466605,0.387755,0.279044,0.458424,False,False,4,UP,LONG_USD_SHORT_COP,SHADOW,False,5,5|25,0.561685,3905.27,0.1654,3799.01,4014.5,0.0,False,usdcop/directional_replay_2025_W39.png
2025-W39,2025-09-26,False,3898.82,transition,frozen_pre_2025,15,tactical,2025-10-17,False,0.476724,0.45,UP,0.003716,0.3723,3913.34,14.52,3721.86,4114.66,0.8,UP,True,False,False,0.0,-0.018582,3827.04,86.3,2.2549,False,1291,2024-12-30,2024-12-30,15dc7ab56cb103d2,False,104,0.480769,0.459091,0.318182,0.283538,0.443427,False,False,5,UP,LONG_USD_SHORT_COP,SHADOW,False,5,5|25,0.561685,3905.27,0.1654,3799.01,4014.5,0.0,False,usdcop/directional_replay_2025_W39.png
2025-W39,2025-09-26,False,3898.82,transition,frozen_pre_2025,20,swing,2025-10-24,False,0.681835,0.4,UP,0.007859,0.789,3929.58,30.76,3716.35,4155.05,0.8,UP,True,False,False,0.0,-0.01292,3848.77,80.81,2.0997,False,1286,2024-12-30,2024-12-30,fe8038e81873cb0d,True,104,0.471154,0.484416,0.254545,0.321836,0.438906,False,False,6,UP,LONG_USD_SHORT_COP,SHADOW,False,5,5|25,0.561685,3905.27,0.1654,3799.01,4014.5,0.0,False,usdcop/directional_replay_2025_W39.png
2025-W39,2025-09-26,False,3898.82,transition,frozen_pre_2025,25,swing,2025-10-31,False,0.65064,0.55,UP,0.008144,0.8177,3930.7,31.88,3685.44,4192.29,0.8,UP,True,False,False,0.0,-0.012289,3851.2,79.5,2.0643,False,1281,2024-12-30,2024-12-30,10d56131505b0874,False,104,0.5,0.478788,0.340909,0.312106,0.459697,False,True,3,UP,LONG_USD_SHORT_COP,SHADOW,False,5,5|25,0.561685,3905.27,0.1654,3799.01,4014.5,0.0,False,usdcop/directional_replay_2025_W39.png
2025-W39,2025-09-26,False,3898.82,transition,frozen_pre_2025,30,swing,2025-11-07,False,0.643101,0.6,UP,0.00896,0.9,3933.91,35.09,3680.45,4204.82,0.8,UP,True,False,False,0.0,-0.031021,3779.73,154.18,4.0791,False,1276,2024-12-30,2024-12-30,f5cc903ce6844b37,False,104,0.451923,0.447037,0.32,0.337597,0.433199,False,False,7,UP,LONG_USD_SHORT_COP,SHADOW,False,5,5|25,0.561685,3905.27,0.1654,3799.01,4014.5,0.0,False,usdcop/directional_replay_2025_W39.png
2025-W40,2025-10-03,False,3867.0,transition,frozen_pre_2025,1,execution,2025-10-06,False,0.471528,0.55,DOWN,0.000225,0.0225,3867.87,0.87,3827.37,3908.8,0.8,UP,False,False,False,0.0,-0.003495,3853.51,14.36,0.3726,True,1305,2024-12-30,2024-12-30,783ecbdec4595223,True,104,0.605769,0.555303,0.227273,0.246818,0.48873,False,False,1,UP,LONG_USD_SHORT_COP,SHADOW,False,5,5|25,0.488023,3872.65,0.1461,3767.28,3980.96,1.0,True,usdcop/directional_replay_2025_W40.png
2025-W40,2025-10-03,False,3867.0,transition,frozen_pre_2025,5,tactical,2025-10-10,False,0.554587,0.45,UP,0.00146,0.1461,3872.65,5.65,3767.28,3980.96,0.8,UP,True,False,False,1.0,0.013804,3920.75,48.1,1.2268,True,1301,2024-12-30,2024-12-30,dbbaaeaae61164cb,False,104,0.509615,0.49063,0.326087,0.263375,0.463392,False,True,2,UP,LONG_USD_SHORT_COP,SHADOW,False,5,5|25,0.488023,3872.65,0.1461,3767.28,3980.96,1.0,True,usdcop/directional_replay_2025_W40.png
2025-W40,2025-10-03,False,3867.0,transition,frozen_pre_2025,10,tactical,2025-10-17,False,0.499887,0.45,UP,0.002973,0.2977,3878.51,11.51,3729.33,4033.66,0.8,UP,True,False,False,0.0,-0.010387,3827.04,51.47,1.345,False,1296,2024-12-30,2024-12-30,ff5277be1db3a312,False,104,0.471154,0.466605,0.387755,0.279044,0.458424,False,False,4,UP,LONG_USD_SHORT_COP,SHADOW,False,5,5|25,0.488023,3872.65,0.1461,3767.28,3980.96,1.0,True,usdcop/directional_replay_2025_W40.png
2025-W40,2025-10-03,False,3867.0,transition,frozen_pre_2025,15,tactical,2025-10-24,False,0.451312,0.45,UP,0.003269,0.3274,3879.66,12.66,3689.84,4079.25,0.8,UP,True,False,False,0.0,-0.004725,3848.77,30.89,0.8027,False,1291,2024-12-30,2024-12-30,15dc7ab56cb103d2,False,104,0.480769,0.459091,0.318182,0.283538,0.443427,False,False,5,UP,LONG_USD_SHORT_COP,SHADOW,False,5,5|25,0.488023,3872.65,0.1461,3767.28,3980.96,1.0,True,usdcop/directional_replay_2025_W40.png
2025-W40,2025-10-03,False,3867.0,transition,frozen_pre_2025,20,swing,2025-10-31,False,0.672761,0.4,UP,0.006968,0.6993,3894.04,27.04,3682.74,4117.47,0.8,UP,True,False,False,0.0,-0.004094,3851.2,42.84,1.1124,False,1286,2024-12-30,2024-12-30,fe8038e81873cb0d,True,104,0.471154,0.484416,0.254545,0.321836,0.438906,False,False,6,UP,LONG_USD_SHORT_COP,SHADOW,False,5,5|25,0.488023,3872.65,0.1461,3767.28,3980.96,1.0,True,usdcop/directional_replay_2025_W40.png
2025-W40,2025-10-03,False,3867.0,transition,frozen_pre_2025,25,swing,2025-11-07,False,0.640622,0.55,UP,0.00767,0.7699,3896.77,29.77,3653.62,4156.1,0.8,UP,True,False,False,0.0,-0.022826,3779.73,117.04,3.0966,False,1281,2024-12-30,2024-12-30,10d56131505b0874,False,104,0.5,0.478788,0.340909,0.312106,0.459697,False,True,3,UP,LONG_USD_SHORT_COP,SHADOW,False,5,5|25,0.488023,3872.65,0.1461,3767.28,3980.96,1.0,True,usdcop/directional_replay_2025_W40.png
2025-W40,2025-10-03,False,3867.0,transition,frozen_pre_2025,30,swing,2025-11-14,False,0.638084,0.6,UP,0.008452,0.8488,3899.82,32.82,3648.56,4168.39,0.8,UP,True,False,False,0.0,-0.03011,3752.3,147.52,3.9315,False,1276,2024-12-30,2024-12-30,f5cc903ce6844b37,False,104,0.451923,0.447037,0.32,0.337597,0.433199,False,False,7,UP,LONG_USD_SHORT_COP,SHADOW,False,5,5|25,0.488023,3872.65,0.1461,3767.28,3980.96,1.0,True,usdcop/directional_replay_2025_W40.png
2025-W41,2025-10-10,False,3920.75,transition,frozen_pre_2025,1,execution,2025-10-13,False,0.488708,0.55,DOWN,0.000235,0.0235,3921.67,0.92,3880.61,3963.17,0.8,UP,False,False,False,1.0,0.000191,3921.5,0.17,0.0044,False,1305,2024-12-30,2024-12-30,783ecbdec4595223,True,104,0.605769,0.555303,0.227273,0.246818,0.48873,False,False,1,UP,LONG_USD_SHORT_COP,SHADOW,False,5,5|25,0.437405,3926.04,0.1348,3819.22,4035.84,0.0,False,usdcop/directional_replay_2025_W41.png
2025-W41,2025-10-10,False,3920.75,transition,frozen_pre_2025,5,tactical,2025-10-17,False,0.535628,0.45,UP,0.001347,0.1348,3926.04,5.29,3819.22,4035.84,0.8,UP,True,False,False,0.0,-0.024191,3827.04,99.0,2.5868,False,1301,2024-12-30,2024-12-30,dbbaaeaae61164cb,False,104,0.509615,0.49063,0.326087,0.263375,0.463392,False,True,2,UP,LONG_USD_SHORT_COP,SHADOW,False,5,5|25,0.437405,3926.04,0.1348,3819.22,4035.84,0.0,False,usdcop/directional_replay_2025_W41.png
2025-W41,2025-10-10,False,3920.75,transition,frozen_pre_2025,10,tactical,2025-10-24,False,0.507708,0.45,UP,0.003108,0.3113,3932.95,12.2,3781.68,4090.28,0.8,UP,True,False,False,0.0,-0.018529,3848.77,84.18,2.1873,False,1296,2024-12-30,2024-12-30,ff5277be1db3a312,False,104,0.471154,0.466605,0.387755,0.279044,0.458424,False,False,4,UP,LONG_USD_SHORT_COP,SHADOW,False,5,5|25,0.437405,3926.04,0.1348,3819.22,4035.84,0.0,False,usdcop/directional_replay_2025_W41.png
2025-W41,2025-10-10,False,3920.75,transition,frozen_pre_2025,15,tactical,2025-10-31,False,0.451715,0.45,UP,0.003349,0.3354,3933.9,13.15,3741.42,4136.28,0.8,UP,True,False,False,0.0,-0.017898,3851.2,82.7,2.1474,False,1291,2024-12-30,2024-12-30,15dc7ab56cb103d2,False,104,0.480769,0.459091,0.318182,0.283538,0.443427,False,False,5,UP,LONG_USD_SHORT_COP,SHADOW,False,5,5|25,0.437405,3926.04,0.1348,3819.22,4035.84,0.0,False,usdcop/directional_replay_2025_W41.png
2025-W41,2025-10-10,False,3920.75,transition,frozen_pre_2025,20,swing,2025-11-07,False,0.680648,0.4,UP,0.007506,0.7534,3950.29,29.54,3735.93,4176.94,0.8,UP,True,False,False,0.0,-0.03663,3779.73,170.56,4.5125,False,1286,2024-12-30,2024-12-30,fe8038e81873cb0d,True,104,0.471154,0.484416,0.254545,0.321836,0.438906,False,False,6,UP,LONG_USD_SHORT_COP,SHADOW,False,5,5|25,0.437405,3926.04,0.1348,3819.22,4035.84,0.0,False,usdcop/directional_replay_2025_W41.png
2025-W41,2025-10-10,False,3920.75,transition,frozen_pre_2025,25,swing,2025-11-14,False,0.639334,0.55,UP,0.007597,0.7626,3950.65,29.9,3704.14,4213.56,0.8,UP,True,False,False,0.0,-0.043914,3752.3,198.35,5.286,False,1281,2024-12-30,2024-12-30,10d56131505b0874,False,104,0.5,0.478788,0.340909,0.312106,0.459697,False,True,3,UP,LONG_USD_SHORT_COP,SHADOW,False,5,5|25,0.437405,3926.04,0.1348,3819.22,4035.84,0.0,False,usdcop/directional_replay_2025_W41.png
2025-W41,2025-10-10,False,3920.75,transition,frozen_pre_2025,30,swing,2025-11-24,False,0.632921,0.6,UP,0.008353,0.8388,3953.64,32.89,3698.91,4225.91,0.8,UP,True,False,False,0.0,-0.03076,3801.98,151.65,3.9888,False,1276,2024-12-30,2024-12-30,f5cc903ce6844b37,False,104,0.451923,0.447037,0.32,0.337597,0.433199,False,False,7,UP,LONG_USD_SHORT_COP,SHADOW,False,5,5|25,0.437405,3926.04,0.1348,3819.22,4035.84,0.0,False,usdcop/directional_replay_2025_W41.png
2025-W42,2025-10-17,False,3827.04,transition,frozen_pre_2025,1,execution,2025-10-20,False,0.441162,0.55,DOWN,0.000146,0.0146,3827.6,0.56,3787.52,3868.1,0.8,UP,False,False,False,1.0,0.014524,3883.03,55.43,1.4275,False,1305,2024-12-30,2024-12-30,783ecbdec4595223,True,104,0.605769,0.555303,0.227273,0.246818,0.48873,False,False,1,UP,LONG_USD_SHORT_COP,SHADOW,False,5,5|25,0.36908,3829.05,0.0525,3724.87,3936.14,1.0,True,usdcop/directional_replay_2025_W42.png
2025-W42,2025-10-17,False,3827.04,transition,frozen_pre_2025,5,tactical,2025-10-24,False,0.486124,0.45,UP,0.000525,0.0525,3829.05,2.01,3724.87,3936.14,0.8,UP,True,False,False,1.0,0.005662,3848.77,19.72,0.5124,True,1301,2024-12-30,2024-12-30,dbbaaeaae61164cb,False,104,0.509615,0.49063,0.326087,0.263375,0.463392,False,True,2,UP,LONG_USD_SHORT_COP,SHADOW,False,5,5|25,0.36908,3829.05,0.0525,3724.87,3936.14,1.0,True,usdcop/directional_replay_2025_W42.png
2025-W42,2025-10-17,False,3827.04,transition,frozen_pre_2025,10,tactical,2025-10-31,False,0.525213,0.45,UP,0.003191,0.3196,3839.27,12.23,3691.6,3992.85,0.8,UP,True,False,False,1.0,0.006293,3851.2,11.93,0.3097,True,1296,2024-12-30,2024-12-30,ff5277be1db3a312,False,104,0.471154,0.466605,0.387755,0.279044,0.458424,False,False,4,UP,LONG_USD_SHORT_COP,SHADOW,False,5,5|25,0.36908,3829.05,0.0525,3724.87,3936.14,1.0,True,usdcop/directional_replay_2025_W42.png
2025-W42,2025-10-17,False,3827.04,transition,frozen_pre_2025,15,tactical,2025-11-07,False,0.4696,0.45,UP,0.003426,0.3432,3840.17,13.13,3652.28,4037.73,0.8,UP,True,False,False,0.0,-0.012439,3779.73,60.44,1.5992,False,1291,2024-12-30,2024-12-30,15dc7ab56cb103d2,False,104,0.480769,0.459091,0.318182,0.283538,0.443427,False,False,5,UP,LONG_USD_SHORT_COP,SHADOW,False,5,5|25,0.36908,3829.05,0.0525,3724.87,3936.14,1.0,True,usdcop/directional_replay_2025_W42.png
2025-W42,2025-10-17,False,3827.04,transition,frozen_pre_2025,20,swing,2025-11-14,False,0.70759,0.4,UP,0.007495,0.7523,3855.83,28.79,3646.6,4077.07,0.8,UP,True,False,False,0.0,-0.019723,3752.3,103.53,2.7591,False,1286,2024-12-30,2024-12-30,fe8038e81873cb0d,True,104,0.471154,0.484416,0.254545,0.321836,0.438906,False,False,6,UP,LONG_USD_SHORT_COP,SHADOW,False,5,5|25,0.36908,3829.05,0.0525,3724.87,3936.14,1.0,True,usdcop/directional_replay_2025_W42.png
2025-W42,2025-10-17,False,3827.04,transition,frozen_pre_2025,25,swing,2025-11-24,False,0.661508,0.55,UP,0.006109,0.6128,3850.49,23.45,3610.23,4106.74,0.8,UP,True,False,False,0.0,-0.006569,3801.98,48.51,1.2759,False,1281,2024-12-30,2024-12-30,10d56131505b0874,False,104,0.5,0.478788,0.340909,0.312106,0.459697,False,True,3,UP,LONG_USD_SHORT_COP,SHADOW,False,5,5|25,0.36908,3829.05,0.0525,3724.87,3936.14,1.0,True,usdcop/directional_replay_2025_W42.png
2025-W42,2025-10-17,False,3827.04,transition,frozen_pre_2025,30,swing,2025-12-01,False,0.670364,0.6,UP,0.00594,0.5957,3849.84,22.8,3601.8,4114.96,0.8,UP,True,False,False,0.0,-0.00726,3799.36,50.48,1.3288,False,1276,2024-12-30,2024-12-30,f5cc903ce6844b37,False,104,0.451923,0.447037,0.32,0.337597,0.433199,False,False,7,UP,LONG_USD_SHORT_COP,SHADOW,False,5,5|25,0.36908,3829.05,0.0525,3724.87,3936.14,1.0,True,usdcop/directional_replay_2025_W42.png
2025-W43,2025-10-24,False,3848.77,transition,frozen_pre_2025,1,execution,2025-10-27,False,0.430189,0.55,DOWN,-0.000102,-0.0102,3848.38,-0.39,3808.08,3889.1,0.8,DOWN,True,False,False,0.0,-0.001131,3844.42,3.96,0.1029,True,1305,2024-12-30,2024-12-30,783ecbdec4595223,True,104,0.605769,0.555303,0.227273,0.246818,0.48873,False,False,1,UP,LONG_USD_SHORT_COP,SHADOW,False,5,5|25,0.49701,3855.1,0.1645,3750.21,3962.93,1.0,True,usdcop/directional_replay_2025_W43.png
2025-W43,2025-10-24,False,3848.77,transition,frozen_pre_2025,5,tactical,2025-10-31,False,0.543829,0.45,UP,0.001644,0.1645,3855.1,6.33,3750.21,3962.93,0.8,UP,True,False,False,1.0,0.000631,3851.2,3.9,0.1013,True,1301,2024-12-30,2024-12-30,dbbaaeaae61164cb,False,104,0.509615,0.49063,0.326087,0.263375,0.463392,False,True,2,UP,LONG_USD_SHORT_COP,SHADOW,False,5,5|25,0.49701,3855.1,0.1645,3750.21,3962.93,1.0,True,usdcop/directional_replay_2025_W43.png
2025-W43,2025-10-24,False,3848.77,transition,frozen_pre_2025,10,tactical,2025-11-07,False,0.470112,0.45,UP,0.002535,0.2538,3858.54,9.77,3710.13,4012.89,0.8,UP,True,False,False,0.0,-0.018101,3779.73,78.81,2.085,False,1296,2024-12-30,2024-12-30,ff5277be1db3a312,False,104,0.471154,0.466605,0.387755,0.279044,0.458424,False,False,4,UP,LONG_USD_SHORT_COP,SHADOW,False,5,5|25,0.49701,3855.1,0.1645,3750.21,3962.93,1.0,True,usdcop/directional_replay_2025_W43.png
2025-W43,2025-10-24,False,3848.77,transition,frozen_pre_2025,15,tactical,2025-11-14,False,0.445482,0.45,DOWN,0.002887,0.2891,3859.9,11.13,3671.04,4058.47,0.8,UP,False,False,False,0.0,-0.025385,3752.3,107.6,2.8675,True,1291,2024-12-30,2024-12-30,15dc7ab56cb103d2,False,104,0.480769,0.459091,0.318182,0.283538,0.443427,False,False,5,UP,LONG_USD_SHORT_COP,SHADOW,False,5,5|25,0.49701,3855.1,0.1645,3750.21,3962.93,1.0,True,usdcop/directional_replay_2025_W43.png
2025-W43,2025-10-24,False,3848.77,transition,frozen_pre_2025,20,swing,2025-11-24,False,0.70282,0.4,UP,0.006869,0.6893,3875.3,26.53,3665.01,4097.65,0.8,UP,True,False,False,0.0,-0.012231,3801.98,73.32,1.9284,False,1286,2024-12-30,2024-12-30,fe8038e81873cb0d,True,104,0.471154,0.484416,0.254545,0.321836,0.438906,False,False,6,UP,LONG_USD_SHORT_COP,SHADOW,False,5,5|25,0.49701,3855.1,0.1645,3750.21,3962.93,1.0,True,usdcop/directional_replay_2025_W43.png
2025-W43,2025-10-24,False,3848.77,transition,frozen_pre_2025,25,swing,2025-12-01,False,0.654975,0.55,UP,0.005769,0.5786,3871.04,22.27,3629.49,4128.65,0.8,UP,True,False,False,0.0,-0.012922,3799.36,71.68,1.8867,False,1281,2024-12-30,2024-12-30,10d56131505b0874,False,104,0.5,0.478788,0.340909,0.312106,0.459697,False,True,3,UP,LONG_USD_SHORT_COP,SHADOW,False,5,5|25,0.49701,3855.1,0.1645,3750.21,3962.93,1.0,True,usdcop/directional_replay_2025_W43.png
2025-W43,2025-10-24,False,3848.77,transition,frozen_pre_2025,30,swing,2025-12-08,False,0.658475,0.6,UP,0.00554,0.5556,3870.15,21.38,3620.8,4136.67,0.8,UP,True,False,False,0.0,-0.003746,3834.38,35.77,0.9329,False,1276,2024-12-30,2024-12-30,f5cc903ce6844b37,False,104,0.451923,0.447037,0.32,0.337597,0.433199,False,False,7,UP,LONG_USD_SHORT_COP,SHADOW,False,5,5|25,0.49701,3855.1,0.1645,3750.21,3962.93,1.0,True,usdcop/directional_replay_2025_W43.png
2025-W44,2025-10-31,False,3851.2,transition,frozen_pre_2025,1,execution,2025-11-03,False,0.501469,0.55,DOWN,0.000277,0.0277,3852.27,1.07,3811.93,3893.03,0.8,UP,False,False,False,1.0,0.001238,3855.97,3.7,0.096,False,1305,2024-12-30,2024-12-30,783ecbdec4595223,True,104,0.605769,0.555303,0.227273,0.246818,0.48873,False,False,1,UP,LONG_USD_SHORT_COP,SHADOW,False,5,5|25,0.572405,3858.18,0.1813,3753.21,3966.09,0.0,False,usdcop/directional_replay_2025_W44.png
2025-W44,2025-10-31,False,3851.2,transition,frozen_pre_2025,5,tactical,2025-11-07,False,0.570076,0.45,UP,0.001811,0.1813,3858.18,6.98,3753.21,3966.09,0.8,UP,True,False,False,0.0,-0.018732,3779.73,78.45,2.0756,False,1301,2024-12-30,2024-12-30,dbbaaeaae61164cb,False,104,0.509615,0.49063,0.326087,0.263375,0.463392,False,True,2,UP,LONG_USD_SHORT_COP,SHADOW,False,5,5|25,0.572405,3858.18,0.1813,3753.21,3966.09,0.0,False,usdcop/directional_replay_2025_W44.png
2025-W44,2025-10-31,False,3851.2,transition,frozen_pre_2025,10,tactical,2025-11-14,False,0.522599,0.45,UP,0.003138,0.3143,3863.3,12.1,3714.71,4017.84,0.8,UP,True,False,False,0.0,-0.026016,3752.3,111.0,2.9583,False,1296,2024-12-30,2024-12-30,ff5277be1db3a312,False,104,0.471154,0.466605,0.387755,0.279044,0.458424,False,False,4,UP,LONG_USD_SHORT_COP,SHADOW,False,5,5|25,0.572405,3858.18,0.1813,3753.21,3966.09,0.0,False,usdcop/directional_replay_2025_W44.png
2025-W44,2025-10-31,False,3851.2,transition,frozen_pre_2025,15,tactical,2025-11-24,False,0.47327,0.45,UP,0.003398,0.3403,3864.31,13.11,3675.23,4063.11,0.8,UP,True,False,False,0.0,-0.012862,3801.98,62.32,1.6393,False,1291,2024-12-30,2024-12-30,15dc7ab56cb103d2,False,104,0.480769,0.459091,0.318182,0.283538,0.443427,False,False,5,UP,LONG_USD_SHORT_COP,SHADOW,False,5,5|25,0.572405,3858.18,0.1813,3753.21,3966.09,0.0,False,usdcop/directional_replay_2025_W44.png
2025-W44,2025-10-31,False,3851.2,transition,frozen_pre_2025,20,swing,2025-12-01,False,0.714584,0.4,UP,0.008296,0.8331,3883.28,32.08,3672.56,4106.09,0.8,UP,True,False,False,0.0,-0.013553,3799.36,83.93,2.209,False,1286,2024-12-30,2024-12-30,fe8038e81873cb0d,True,104,0.471154,0.484416,0.254545,0.321836,0.438906,False,False,6,UP,LONG_USD_SHORT_COP,SHADOW,False,5,5|25,0.572405,3858.18,0.1813,3753.21,3966.09,0.0,False,usdcop/directional_replay_2025_W44.png
2025-W44,2025-10-31,False,3851.2,transition,frozen_pre_2025,25,swing,2025-12-08,False,0.658886,0.55,UP,0.00594,0.5958,3874.14,22.94,3632.41,4131.97,0.8,UP,True,False,False,0.0,-0.004377,3834.38,39.76,1.0371,False,1281,2024-12-30,2024-12-30,10d56131505b0874,False,104,0.5,0.478788,0.340909,0.312106,0.459697,False,True,3,UP,LONG_USD_SHORT_COP,SHADOW,False,5,5|25,0.572405,3858.18,0.1813,3753.21,3966.09,0.0,False,usdcop/directional_replay_2025_W44.png
2025-W44,2025-10-31,False,3851.2,transition,frozen_pre_2025,30,swing,2025-12-15,False,0.657707,0.6,UP,0.005724,0.5741,3873.31,22.11,3623.76,4140.05,0.8,UP,True,False,False,0.0,-0.006242,3827.24,46.07,1.2038,False,1276,2024-12-30,2024-12-30,f5cc903ce6844b37,False,104,0.451923,0.447037,0.32,0.337597,0.433199,False,False,7,UP,LONG_USD_SHORT_COP,SHADOW,False,5,5|25,0.572405,3858.18,0.1813,3753.21,3966.09,0.0,False,usdcop/directional_replay_2025_W44.png
2025-W45,2025-11-07,False,3779.73,transition,frozen_pre_2025,1,execution,2025-11-10,False,0.422238,0.55,DOWN,0.000151,0.0151,3780.3,0.57,3740.72,3820.3,0.8,UP,False,False,False,0.0,-0.007899,3749.99,30.31,0.8083,True,1305,2024-12-30,2024-12-30,783ecbdec4595223,True,104,0.605769,0.555303,0.227273,0.246818,0.48873,False,False,1,UP,LONG_USD_SHORT_COP,SHADOW,False,5,5|25,0.57571,3786.12,0.1692,3683.11,3892.02,0.0,False,usdcop/directional_replay_2025_W45.png
2025-W45,2025-11-07,False,3779.73,transition,frozen_pre_2025,5,tactical,2025-11-14,False,0.572222,0.45,UP,0.00169,0.1692,3786.12,6.39,3683.11,3892.02,0.8,UP,True,False,False,0.0,-0.007284,3752.3,33.82,0.9014,False,1301,2024-12-30,2024-12-30,dbbaaeaae61164cb,False,104,0.509615,0.49063,0.326087,0.263375,0.463392,False,True,2,UP,LONG_USD_SHORT_COP,SHADOW,False,5,5|25,0.57571,3786.12,0.1692,3683.11,3892.02,0.0,False,usdcop/directional_replay_2025_W45.png
2025-W45,2025-11-07,False,3779.73,transition,frozen_pre_2025,10,tactical,2025-11-24,False,0.53006,0.45,UP,0.003271,0.3276,3792.11,12.38,3646.26,3943.8,0.8,UP,True,False,False,1.0,0.00587,3801.98,9.87,0.2596,True,1296,2024-12-30,2024-12-30,ff5277be1db3a312,False,104,0.471154,0.466605,0.387755,0.279044,0.458424,False,False,4,UP,LONG_USD_SHORT_COP,SHADOW,False,5,5|25,0.57571,3786.12,0.1692,3683.11,3892.02,0.0,False,usdcop/directional_replay_2025_W45.png
2025-W45,2025-11-07,False,3779.73,transition,frozen_pre_2025,15,tactical,2025-12-01,False,0.474069,0.45,UP,0.003514,0.352,3793.04,13.31,3607.45,3988.17,0.8,UP,True,False,False,1.0,0.005179,3799.36,6.32,0.1663,True,1291,2024-12-30,2024-12-30,15dc7ab56cb103d2,False,104,0.480769,0.459091,0.318182,0.283538,0.443427,False,False,5,UP,LONG_USD_SHORT_COP,SHADOW,False,5,5|25,0.57571,3786.12,0.1692,3683.11,3892.02,0.0,False,usdcop/directional_replay_2025_W45.png
2025-W45,2025-11-07,False,3779.73,transition,frozen_pre_2025,20,swing,2025-12-08,False,0.716937,0.4,UP,0.008472,0.8508,3811.89,32.16,3605.04,4030.6,0.8,UP,True,False,False,1.0,0.014355,3834.38,22.49,0.5866,True,1286,2024-12-30,2024-12-30,fe8038e81873cb0d,True,104,0.471154,0.484416,0.254545,0.321836,0.438906,False,False,6,UP,LONG_USD_SHORT_COP,SHADOW,False,5,5|25,0.57571,3786.12,0.1692,3683.11,3892.02,0.0,False,usdcop/directional_replay_2025_W45.png
2025-W45,2025-11-07,False,3779.73,transition,frozen_pre_2025,25,swing,2025-12-15,False,0.658062,0.55,UP,0.005908,0.5925,3802.13,22.4,3564.88,4055.16,0.8,UP,True,False,False,1.0,0.01249,3827.24,25.11,0.6561,True,1281,2024-12-30,2024-12-30,10d56131505b0874,False,104,0.5,0.478788,0.340909,0.312106,0.459697,False,True,3,UP,LONG_USD_SHORT_COP,SHADOW,False,5,5|25,0.57571,3786.12,0.1692,3683.11,3892.02,0.0,False,usdcop/directional_replay_2025_W45.png
2025-W45,2025-11-07,False,3779.73,transition,frozen_pre_2025,30,swing,2025-12-22,False,0.660617,0.6,UP,0.005701,0.5717,3801.34,21.61,3556.42,4063.12,0.8,UP,True,False,False,1.0,0.002812,3790.37,10.97,0.2893,True,1276,2024-12-30,2024-12-30,f5cc903ce6844b37,False,104,0.451923,0.447037,0.32,0.337597,0.433199,False,False,7,UP,LONG_USD_SHORT_COP,SHADOW,False,5,5|25,0.57571,3786.12,0.1692,3683.11,3892.02,0.0,False,usdcop/directional_replay_2025_W45.png
2025-W46,2025-11-14,False,3752.3,transition,frozen_pre_2025,1,execution,2025-11-18,False,0.464861,0.55,DOWN,8.4e-05,0.0084,3752.62,0.32,3713.32,3792.32,0.8,UP,False,False,False,0.0,-0.009339,3717.42,35.2,0.9468,True,1305,2024-12-30,2024-12-30,783ecbdec4595223,True,104,0.605769,0.555303,0.227273,0.246818,0.48873,False,False,1,UP,LONG_USD_SHORT_COP,SHADOW,False,5,5|25,0.629883,3757.88,0.1488,3655.64,3862.99,1.0,True,usdcop/directional_replay_2025_W46.png
2025-W46,2025-11-14,False,3752.3,transition,frozen_pre_2025,5,tactical,2025-11-24,False,0.594466,0.45,UP,0.001487,0.1488,3757.88,5.58,3655.64,3862.99,0.8,UP,True,False,False,1.0,0.013154,3801.98,44.1,1.1599,True,1301,2024-12-30,2024-12-30,dbbaaeaae61164cb,False,104,0.509615,0.49063,0.326087,0.263375,0.463392,False,True,2,UP,LONG_USD_SHORT_COP,SHADOW,False,5,5|25,0.629883,3757.88,0.1488,3655.64,3862.99,1.0,True,usdcop/directional_replay_2025_W46.png
2025-W46,2025-11-14,False,3752.3,transition,frozen_pre_2025,10,tactical,2025-12-01,False,0.530573,0.45,UP,0.003264,0.3269,3764.57,12.27,3619.77,3915.15,0.8,UP,True,False,False,1.0,0.012462,3799.36,34.79,0.9156,True,1296,2024-12-30,2024-12-30,ff5277be1db3a312,False,104,0.471154,0.466605,0.387755,0.279044,0.458424,False,False,4,UP,LONG_USD_SHORT_COP,SHADOW,False,5,5|25,0.629883,3757.88,0.1488,3655.64,3862.99,1.0,True,usdcop/directional_replay_2025_W46.png
2025-W46,2025-11-14,False,3752.3,transition,frozen_pre_2025,15,tactical,2025-12-08,False,0.465722,0.45,UP,0.003311,0.3316,3764.74,12.44,3580.54,3958.42,0.8,UP,True,False,False,1.0,0.021639,3834.38,69.64,1.8161,True,1291,2024-12-30,2024-12-30,15dc7ab56cb103d2,False,104,0.480769,0.459091,0.318182,0.283538,0.443427,False,False,5,UP,LONG_USD_SHORT_COP,SHADOW,False,5,5|25,0.629883,3757.88,0.1488,3655.64,3862.99,1.0,True,usdcop/directional_replay_2025_W46.png
2025-W46,2025-11-14,False,3752.3,transition,frozen_pre_2025,20,swing,2025-12-15,False,0.723045,0.4,UP,0.008418,0.8453,3784.02,31.72,3578.69,4001.13,0.8,UP,True,False,False,1.0,0.019774,3827.24,43.22,1.1292,True,1286,2024-12-30,2024-12-30,fe8038e81873cb0d,True,104,0.471154,0.484416,0.254545,0.321836,0.438906,False,False,6,UP,LONG_USD_SHORT_COP,SHADOW,False,5,5|25,0.629883,3757.88,0.1488,3655.64,3862.99,1.0,True,usdcop/directional_replay_2025_W46.png
2025-W46,2025-11-14,False,3752.3,transition,frozen_pre_2025,25,swing,2025-12-22,False,0.657487,0.55,UP,0.005874,0.5891,3774.41,22.11,3538.89,4025.59,0.8,UP,True,False,False,1.0,0.010096,3790.37,15.97,0.4212,True,1281,2024-12-30,2024-12-30,10d56131505b0874,False,104,0.5,0.478788,0.340909,0.312106,0.459697,False,True,3,UP,LONG_USD_SHORT_COP,SHADOW,False,5,5|25,0.629883,3757.88,0.1488,3655.64,3862.99,1.0,True,usdcop/directional_replay_2025_W46.png
2025-W46,2025-11-14,False,3752.3,transition,frozen_pre_2025,30,swing,2025-12-30,False,0.65343,0.6,UP,0.005618,0.5634,3773.44,21.14,3530.32,4033.3,0.8,UP,True,False,False,1.0,0.003926,3767.06,6.38,0.1694,True,1276,2024-12-30,2024-12-30,f5cc903ce6844b37,False,104,0.451923,0.447037,0.32,0.337597,0.433199,False,False,7,UP,LONG_USD_SHORT_COP,SHADOW,False,5,5|25,0.629883,3757.88,0.1488,3655.64,3862.99,1.0,True,usdcop/directional_replay_2025_W46.png
2025-W47,2025-11-21,False,3804.25,risk_off,frozen_pre_2025,1,execution,2025-11-24,False,0.514036,0.55,DOWN,0.000399,0.0399,3805.77,1.52,3765.92,3846.04,0.8,UP,False,False,False,0.0,-0.000596,3801.98,3.78,0.0995,True,1305,2024-12-30,2024-12-30,783ecbdec4595223,True,104,0.605769,0.555303,0.227273,0.246818,0.48873,False,False,1,UP,LONG_USD_SHORT_COP,SHADOW,False,5,5|25,0.529582,3809.72,0.1437,3706.06,3916.27,0.0,False,usdcop/directional_replay_2025_W47.png
2025-W47,2025-11-21,False,3804.25,risk_off,frozen_pre_2025,5,tactical,2025-11-28,False,0.537344,0.45,UP,0.001436,0.1437,3809.72,5.47,3706.06,3916.27,0.8,UP,True,False,False,0.0,-0.012738,3756.1,53.62,1.4275,False,1301,2024-12-30,2024-12-30,dbbaaeaae61164cb,False,104,0.509615,0.49063,0.326087,0.263375,0.463392,False,True,2,UP,LONG_USD_SHORT_COP,SHADOW,False,5,5|25,0.529582,3809.72,0.1437,3706.06,3916.27,0.0,False,usdcop/directional_replay_2025_W47.png
2025-W47,2025-11-21,False,3804.25,risk_off,frozen_pre_2025,10,tactical,2025-12-05,False,0.464856,0.45,UP,0.002518,0.2521,3813.84,9.59,3667.15,3966.4,0.8,UP,True,False,False,1.0,0.007833,3834.17,20.33,0.5301,True,1296,2024-12-30,2024-12-30,ff5277be1db3a312,False,104,0.471154,0.466605,0.387755,0.279044,0.458424,False,False,4,UP,LONG_USD_SHORT_COP,SHADOW,False,5,5|25,0.529582,3809.72,0.1437,3706.06,3916.27,0.0,False,usdcop/directional_replay_2025_W47.png
2025-W47,2025-11-21,False,3804.25,risk_off,frozen_pre_2025,15,tactical,2025-12-12,False,0.436954,0.45,DOWN,0.002136,0.2138,3812.38,8.13,3625.85,4008.51,0.8,UP,False,False,False,0.0,-0.000517,3802.28,10.1,0.2657,True,1291,2024-12-30,2024-12-30,15dc7ab56cb103d2,False,104,0.480769,0.459091,0.318182,0.283538,0.443427,False,False,5,UP,LONG_USD_SHORT_COP,SHADOW,False,5,5|25,0.529582,3809.72,0.1437,3706.06,3916.27,0.0,False,usdcop/directional_replay_2025_W47.png
2025-W47,2025-11-21,False,3804.25,risk_off,frozen_pre_2025,20,swing,2025-12-19,False,0.751582,0.4,UP,0.009754,0.9802,3841.54,37.29,3633.08,4061.95,0.8,UP,True,False,False,1.0,0.004249,3820.45,21.09,0.552,True,1286,2024-12-30,2024-12-30,fe8038e81873cb0d,True,104,0.471154,0.484416,0.254545,0.321836,0.438906,False,False,6,UP,LONG_USD_SHORT_COP,SHADOW,False,5,5|25,0.529582,3809.72,0.1437,3706.06,3916.27,0.0,False,usdcop/directional_replay_2025_W47.png
2025-W47,2025-11-21,False,3804.25,risk_off,frozen_pre_2025,25,swing,2025-12-29,False,0.674489,0.55,UP,0.007867,0.7898,3834.3,30.05,3595.05,4089.47,0.8,UP,True,False,False,0.0,-0.018621,3734.07,100.23,2.6842,False,1281,2024-12-30,2024-12-30,10d56131505b0874,False,104,0.5,0.478788,0.340909,0.312106,0.459697,False,True,3,UP,LONG_USD_SHORT_COP,SHADOW,False,5,5|25,0.529582,3809.72,0.1437,3706.06,3916.27,0.0,False,usdcop/directional_replay_2025_W47.png
2025-W47,2025-11-21,False,3804.25,risk_off,frozen_pre_2025,30,swing,2026-01-06,False,0.654009,0.6,UP,0.008062,0.8094,3835.04,30.79,3587.95,4099.14,0.8,UP,True,False,False,0.0,-0.022656,3719.03,116.01,3.1194,False,1276,2024-12-30,2024-12-30,f5cc903ce6844b37,False,104,0.451923,0.447037,0.32,0.337597,0.433199,False,False,7,UP,LONG_USD_SHORT_COP,SHADOW,False,5,5|25,0.529582,3809.72,0.1437,3706.06,3916.27,0.0,False,usdcop/directional_replay_2025_W47.png
2025-W48,2025-11-28,False,3756.1,transition,frozen_pre_2025,1,execution,2025-12-01,False,0.479858,0.55,DOWN,0.000233,0.0233,3756.97,0.87,3717.64,3796.73,0.8,UP,False,False,False,1.0,0.01145,3799.36,42.38,1.1155,False,1305,2024-12-30,2024-12-30,783ecbdec4595223,True,104,0.605769,0.555303,0.227273,0.246818,0.48873,False,False,1,UP,LONG_USD_SHORT_COP,SHADOW,False,5,5|25,0.405647,3759.2,0.0827,3656.92,3864.35,1.0,True,usdcop/directional_replay_2025_W48.png
2025-W48,2025-11-28,False,3756.1,transition,frozen_pre_2025,5,tactical,2025-12-05,False,0.49523,0.45,UP,0.000827,0.0827,3759.2,3.11,3656.92,3864.35,0.8,UP,True,False,False,1.0,0.020571,3834.17,74.96,1.9551,True,1301,2024-12-30,2024-12-30,dbbaaeaae61164cb,False,104,0.509615,0.49063,0.326087,0.263375,0.463392,False,True,2,UP,LONG_USD_SHORT_COP,SHADOW,False,5,5|25,0.405647,3759.2,0.0827,3656.92,3864.35,1.0,True,usdcop/directional_replay_2025_W48.png
2025-W48,2025-11-28,False,3756.1,transition,frozen_pre_2025,10,tactical,2025-12-12,False,0.406543,0.45,DOWN,0.001969,0.197,3763.5,7.4,3618.75,3914.05,0.8,UP,False,False,False,1.0,0.012221,3802.28,38.78,1.02,False,1296,2024-12-30,2024-12-30,ff5277be1db3a312,False,104,0.471154,0.466605,0.387755,0.279044,0.458424,False,False,4,UP,LONG_USD_SHORT_COP,SHADOW,False,5,5|25,0.405647,3759.2,0.0827,3656.92,3864.35,1.0,True,usdcop/directional_replay_2025_W48.png
2025-W48,2025-11-28,False,3756.1,transition,frozen_pre_2025,15,tactical,2025-12-19,False,0.390463,0.45,DOWN,0.001514,0.1515,3761.79,5.69,3577.73,3955.32,0.8,UP,False,False,False,1.0,0.016987,3820.45,58.66,1.5354,False,1291,2024-12-30,2024-12-30,15dc7ab56cb103d2,False,104,0.480769,0.459091,0.318182,0.283538,0.443427,False,False,5,UP,LONG_USD_SHORT_COP,SHADOW,False,5,5|25,0.405647,3759.2,0.0827,3656.92,3864.35,1.0,True,usdcop/directional_replay_2025_W48.png
2025-W48,2025-11-28,False,3756.1,transition,frozen_pre_2025,20,swing,2025-12-29,False,0.748301,0.4,UP,0.008647,0.8685,3788.72,32.62,3583.13,4006.1,0.8,UP,True,False,False,0.0,-0.005883,3734.07,54.65,1.4636,False,1286,2024-12-30,2024-12-30,fe8038e81873cb0d,True,104,0.471154,0.484416,0.254545,0.321836,0.438906,False,False,6,UP,LONG_USD_SHORT_COP,SHADOW,False,5,5|25,0.405647,3759.2,0.0827,3656.92,3864.35,1.0,True,usdcop/directional_replay_2025_W48.png
2025-W48,2025-11-28,False,3756.1,transition,frozen_pre_2025,25,swing,2026-01-06,False,0.667029,0.55,UP,0.007503,0.7531,3784.39,28.29,3548.25,4036.24,0.8,UP,True,False,False,0.0,-0.009918,3719.03,65.36,1.7574,False,1281,2024-12-30,2024-12-30,10d56131505b0874,False,104,0.5,0.478788,0.340909,0.312106,0.459697,False,True,3,UP,LONG_USD_SHORT_COP,SHADOW,False,5,5|25,0.405647,3759.2,0.0827,3656.92,3864.35,1.0,True,usdcop/directional_replay_2025_W48.png
2025-W48,2025-11-28,False,3756.1,transition,frozen_pre_2025,30,swing,2026-01-14,False,0.648977,0.6,UP,0.007633,0.7663,3784.88,28.78,3541.03,4045.53,0.8,UP,True,False,False,0.0,-0.019882,3682.16,102.72,2.7898,False,1276,2024-12-30,2024-12-30,f5cc903ce6844b37,False,104,0.451923,0.447037,0.32,0.337597,0.433199,False,False,7,UP,LONG_USD_SHORT_COP,SHADOW,False,5,5|25,0.405647,3759.2,0.0827,3656.92,3864.35,1.0,True,usdcop/directional_replay_2025_W48.png
2025-W49,2025-12-05,False,3834.17,transition,frozen_pre_2025,1,execution,2025-12-08,False,0.500985,0.55,DOWN,9.3e-05,0.0093,3834.52,0.35,3794.37,3875.1,0.8,UP,False,False,False,1.0,5.5e-05,3834.38,0.14,0.0037,False,1305,2024-12-30,2024-12-30,783ecbdec4595223,True,104,0.605769,0.555303,0.227273,0.246818,0.48873,False,False,1,UP,LONG_USD_SHORT_COP,SHADOW,False,5,5|25,0.38312,3837.64,0.0907,3733.23,3944.98,0.0,False,usdcop/directional_replay_2025_W49.png
2025-W49,2025-12-05,False,3834.17,transition,frozen_pre_2025,5,tactical,2025-12-12,False,0.491059,0.45,UP,0.000906,0.0907,3837.64,3.48,3733.23,3944.98,0.8,UP,True,False,False,0.0,-0.008351,3802.28,35.36,0.93,False,1301,2024-12-30,2024-12-30,dbbaaeaae61164cb,False,104,0.509615,0.49063,0.326087,0.263375,0.463392,False,True,2,UP,LONG_USD_SHORT_COP,SHADOW,False,5,5|25,0.38312,3837.64,0.0907,3733.23,3944.98,0.0,False,usdcop/directional_replay_2025_W49.png
2025-W49,2025-12-05,False,3834.17,transition,frozen_pre_2025,10,tactical,2025-12-19,False,0.450425,0.45,UP,0.002162,0.2165,3842.47,8.3,3694.67,3996.17,0.8,UP,True,False,False,0.0,-0.003584,3820.45,22.02,0.5763,False,1296,2024-12-30,2024-12-30,ff5277be1db3a312,False,104,0.471154,0.466605,0.387755,0.279044,0.458424,False,False,4,UP,LONG_USD_SHORT_COP,SHADOW,False,5,5|25,0.38312,3837.64,0.0907,3733.23,3944.98,0.0,False,usdcop/directional_replay_2025_W49.png
2025-W49,2025-12-05,False,3834.17,transition,frozen_pre_2025,15,tactical,2025-12-29,False,0.420436,0.45,DOWN,0.001547,0.1548,3840.1,5.94,3652.21,4037.66,0.8,UP,False,False,False,0.0,-0.026454,3734.07,106.04,2.8397,True,1291,2024-12-30,2024-12-30,15dc7ab56cb103d2,False,104,0.480769,0.459091,0.318182,0.283538,0.443427,False,False,5,UP,LONG_USD_SHORT_COP,SHADOW,False,5,5|25,0.38312,3837.64,0.0907,3733.23,3944.98,0.0,False,usdcop/directional_replay_2025_W49.png
2025-W49,2025-12-05,False,3834.17,transition,frozen_pre_2025,20,swing,2026-01-06,False,0.734718,0.4,UP,0.008778,0.8817,3867.97,33.8,3658.08,4089.9,0.8,UP,True,False,False,0.0,-0.030489,3719.03,148.94,4.0049,False,1286,2024-12-30,2024-12-30,fe8038e81873cb0d,True,104,0.471154,0.484416,0.254545,0.321836,0.438906,False,False,6,UP,LONG_USD_SHORT_COP,SHADOW,False,5,5|25,0.38312,3837.64,0.0907,3733.23,3944.98,0.0,False,usdcop/directional_replay_2025_W49.png
2025-W49,2025-12-05,False,3834.17,transition,frozen_pre_2025,25,swing,2026-01-14,False,0.662189,0.55,UP,0.007251,0.7278,3862.07,27.9,3621.09,4119.09,0.8,UP,True,False,False,0.0,-0.040454,3682.16,179.91,4.8861,False,1281,2024-12-30,2024-12-30,10d56131505b0874,False,104,0.5,0.478788,0.340909,0.312106,0.459697,False,True,3,UP,LONG_USD_SHORT_COP,SHADOW,False,5,5|25,0.38312,3837.64,0.0907,3733.23,3944.98,0.0,False,usdcop/directional_replay_2025_W49.png
2025-W49,2025-12-05,False,3834.17,transition,frozen_pre_2025,30,swing,2026-01-21,False,0.642213,0.6,UP,0.007412,0.7439,3862.69,28.52,3613.82,4128.7,0.8,UP,True,False,False,0.0,-0.043539,3670.81,191.88,5.2271,False,1276,2024-12-30,2024-12-30,f5cc903ce6844b37,False,104,0.451923,0.447037,0.32,0.337597,0.433199,False,False,7,UP,LONG_USD_SHORT_COP,SHADOW,False,5,5|25,0.38312,3837.64,0.0907,3733.23,3944.98,0.0,False,usdcop/directional_replay_2025_W49.png
2025-W50,2025-12-12,False,3802.28,transition,frozen_pre_2025,1,execution,2025-12-15,False,0.456904,0.55,DOWN,-2.6e-05,-0.0026,3802.18,-0.1,3762.37,3842.41,0.8,DOWN,True,False,False,1.0,0.006541,3827.24,25.05,0.6546,False,1305,2024-12-30,2024-12-30,783ecbdec4595223,True,104,0.605769,0.555303,0.227273,0.246818,0.48873,False,False,1,UP,LONG_USD_SHORT_COP,SHADOW,False,5,5|25,0.396332,3805.57,0.0864,3702.02,3912.0,1.0,True,usdcop/directional_replay_2025_W50.png
2025-W50,2025-12-12,False,3802.28,transition,frozen_pre_2025,5,tactical,2025-12-19,False,0.4925,0.45,UP,0.000863,0.0864,3805.57,3.28,3702.02,3912.0,0.8,UP,True,False,False,1.0,0.004766,3820.45,14.88,0.3895,True,1301,2024-12-30,2024-12-30,dbbaaeaae61164cb,False,104,0.509615,0.49063,0.326087,0.263375,0.463392,False,True,2,UP,LONG_USD_SHORT_COP,SHADOW,False,5,5|25,0.396332,3805.57,0.0864,3702.02,3912.0,1.0,True,usdcop/directional_replay_2025_W50.png
2025-W50,2025-12-12,False,3802.28,transition,frozen_pre_2025,10,tactical,2025-12-29,False,0.424697,0.45,DOWN,0.001922,0.1924,3809.6,7.32,3663.07,3961.99,0.8,UP,False,False,False,0.0,-0.018104,3734.07,75.53,2.0228,True,1296,2024-12-30,2024-12-30,ff5277be1db3a312,False,104,0.471154,0.466605,0.387755,0.279044,0.458424,False,False,4,UP,LONG_USD_SHORT_COP,SHADOW,False,5,5|25,0.396332,3805.57,0.0864,3702.02,3912.0,1.0,True,usdcop/directional_replay_2025_W50.png
2025-W50,2025-12-12,False,3802.28,transition,frozen_pre_2025,15,tactical,2026-01-06,False,0.406242,0.45,DOWN,0.00133,0.1331,3807.34,5.06,3621.06,4003.22,0.8,UP,False,False,False,0.0,-0.022139,3719.03,88.31,2.3747,True,1291,2024-12-30,2024-12-30,15dc7ab56cb103d2,False,104,0.480769,0.459091,0.318182,0.283538,0.443427,False,False,5,UP,LONG_USD_SHORT_COP,SHADOW,False,5,5|25,0.396332,3805.57,0.0864,3702.02,3912.0,1.0,True,usdcop/directional_replay_2025_W50.png
2025-W50,2025-12-12,False,3802.28,transition,frozen_pre_2025,20,swing,2026-01-14,False,0.739955,0.4,UP,0.008343,0.8377,3834.14,31.85,3626.08,4054.13,0.8,UP,True,False,False,0.0,-0.032103,3682.16,151.98,4.1275,False,1286,2024-12-30,2024-12-30,fe8038e81873cb0d,True,104,0.471154,0.484416,0.254545,0.321836,0.438906,False,False,6,UP,LONG_USD_SHORT_COP,SHADOW,False,5,5|25,0.396332,3805.57,0.0864,3702.02,3912.0,1.0,True,usdcop/directional_replay_2025_W50.png
2025-W50,2025-12-12,False,3802.28,transition,frozen_pre_2025,25,swing,2026-01-21,False,0.666033,0.55,UP,0.007442,0.747,3830.68,28.4,3591.66,4085.62,0.8,UP,True,False,False,0.0,-0.035188,3670.81,159.87,4.3552,False,1281,2024-12-30,2024-12-30,10d56131505b0874,False,104,0.5,0.478788,0.340909,0.312106,0.459697,False,True,3,UP,LONG_USD_SHORT_COP,SHADOW,False,5,5|25,0.396332,3805.57,0.0864,3702.02,3912.0,1.0,True,usdcop/directional_replay_2025_W50.png
2025-W50,2025-12-12,False,3802.28,transition,frozen_pre_2025,30,swing,2026-01-28,False,0.647734,0.6,UP,0.007585,0.7614,3831.23,28.95,3584.39,4095.07,0.8,UP,True,False,False,0.0,-0.034021,3675.1,156.13,4.2483,False,1276,2024-12-30,2024-12-30,f5cc903ce6844b37,False,104,0.451923,0.447037,0.32,0.337597,0.433199,False,False,7,UP,LONG_USD_SHORT_COP,SHADOW,False,5,5|25,0.396332,3805.57,0.0864,3702.02,3912.0,1.0,True,usdcop/directional_replay_2025_W50.png
2025-W51,2025-12-19,False,3820.45,transition,frozen_pre_2025,1,execution,2025-12-22,False,0.471385,0.55,DOWN,0.000141,0.0141,3820.99,0.54,3780.98,3861.42,0.8,UP,False,False,False,0.0,-0.007903,3790.37,30.61,0.8077,True,1305,2024-12-30,2024-12-30,783ecbdec4595223,True,104,0.605769,0.555303,0.227273,0.246818,0.48873,False,False,1,UP,LONG_USD_SHORT_COP,SHADOW,False,5,5|25,0.368707,3824.04,0.0941,3720.0,3931.0,0.0,False,usdcop/directional_replay_2025_W51.png
2025-W51,2025-12-19,False,3820.45,transition,frozen_pre_2025,5,tactical,2025-12-29,False,0.493721,0.45,UP,0.00094,0.0941,3824.04,3.59,3720.0,3931.0,0.8,UP,True,False,False,0.0,-0.02287,3734.07,89.98,2.4096,False,1301,2024-12-30,2024-12-30,dbbaaeaae61164cb,False,104,0.509615,0.49063,0.326087,0.263375,0.463392,False,True,2,UP,LONG_USD_SHORT_COP,SHADOW,False,5,5|25,0.368707,3824.04,0.0941,3720.0,3931.0,0.0,False,usdcop/directional_replay_2025_W51.png
2025-W51,2025-12-19,False,3820.45,transition,frozen_pre_2025,10,tactical,2026-01-06,False,0.48325,0.45,UP,0.002316,0.2319,3829.31,8.86,3682.02,3982.49,0.8,UP,True,False,False,0.0,-0.026905,3719.03,110.28,2.9653,False,1296,2024-12-30,2024-12-30,ff5277be1db3a312,False,104,0.471154,0.466605,0.387755,0.279044,0.458424,False,False,4,UP,LONG_USD_SHORT_COP,SHADOW,False,5,5|25,0.368707,3824.04,0.0941,3720.0,3931.0,0.0,False,usdcop/directional_replay_2025_W51.png
2025-W51,2025-12-19,False,3820.45,transition,frozen_pre_2025,15,tactical,2026-01-14,False,0.458486,0.45,UP,0.002439,0.2442,3829.78,9.33,3642.39,4026.81,0.8,UP,True,False,False,0.0,-0.036869,3682.16,147.62,4.0092,False,1291,2024-12-30,2024-12-30,15dc7ab56cb103d2,False,104,0.480769,0.459091,0.318182,0.283538,0.443427,False,False,5,UP,LONG_USD_SHORT_COP,SHADOW,False,5,5|25,0.368707,3824.04,0.0941,3720.0,3931.0,0.0,False,usdcop/directional_replay_2025_W51.png
2025-W51,2025-12-19,False,3820.45,transition,frozen_pre_2025,20,swing,2026-01-21,False,0.706922,0.4,UP,0.005864,0.5881,3842.92,22.47,3634.39,4063.41,0.8,UP,True,False,False,0.0,-0.039954,3670.81,172.1,4.6884,False,1286,2024-12-30,2024-12-30,fe8038e81873cb0d,True,104,0.471154,0.484416,0.254545,0.321836,0.438906,False,False,6,UP,LONG_USD_SHORT_COP,SHADOW,False,5,5|25,0.368707,3824.04,0.0941,3720.0,3931.0,0.0,False,usdcop/directional_replay_2025_W51.png
2025-W51,2025-12-19,False,3820.45,transition,frozen_pre_2025,25,swing,2026-01-28,False,0.653762,0.55,UP,0.004527,0.4538,3837.78,17.34,3598.32,4093.19,0.8,UP,True,False,False,0.0,-0.038787,3675.1,162.68,4.4266,False,1281,2024-12-30,2024-12-30,10d56131505b0874,False,104,0.5,0.478788,0.340909,0.312106,0.459697,False,True,3,UP,LONG_USD_SHORT_COP,SHADOW,False,5,5|25,0.368707,3824.04,0.0941,3720.0,3931.0,0.0,False,usdcop/directional_replay_2025_W51.png
2025-W51,2025-12-19,False,3820.45,transition,frozen_pre_2025,30,swing,2026-02-04,False,0.660843,0.6,UP,0.003444,0.3449,3833.63,13.18,3586.63,4097.63,0.8,UP,True,False,False,0.0,-0.04694,3645.26,188.37,5.1675,False,1276,2024-12-30,2024-12-30,f5cc903ce6844b37,False,104,0.451923,0.447037,0.32,0.337597,0.433199,False,False,7,UP,LONG_USD_SHORT_COP,SHADOW,False,5,5|25,0.368707,3824.04,0.0941,3720.0,3931.0,0.0,False,usdcop/directional_replay_2025_W51.png
2025-W52,2025-12-26,False,3709.38,transition,frozen_pre_2025,1,execution,2025-12-29,False,0.620073,0.55,UP,0.001173,0.1174,3713.73,4.35,3674.85,3753.03,0.8,UP,True,False,False,1.0,0.006633,3734.07,20.33,0.5445,True,1305,2024-12-30,2024-12-30,783ecbdec4595223,True,104,0.605769,0.555303,0.227273,0.246818,0.48873,False,False,1,UP,LONG_USD_SHORT_COP,SHADOW,False,5,5|25,0.570562,3714.46,0.1369,3613.39,3818.35,1.0,True,usdcop/directional_replay_2025_W52.png
2025-W52,2025-12-26,False,3709.38,transition,frozen_pre_2025,5,tactical,2026-01-05,False,0.566399,0.45,UP,0.001368,0.1369,3714.46,5.08,3613.39,3818.35,0.8,UP,True,False,False,1.0,0.009034,3743.04,28.59,0.7637,True,1301,2024-12-30,2024-12-30,dbbaaeaae61164cb,False,104,0.509615,0.49063,0.326087,0.263375,0.463392,False,True,2,UP,LONG_USD_SHORT_COP,SHADOW,False,5,5|25,0.570562,3714.46,0.1369,3613.39,3818.35,1.0,True,usdcop/directional_replay_2025_W52.png
2025-W52,2025-12-26,False,3709.38,transition,frozen_pre_2025,10,tactical,2026-01-13,False,0.536569,0.45,UP,0.002785,0.2789,3719.73,10.35,3576.65,3868.52,0.8,UP,True,False,False,0.0,-0.01732,3645.69,74.04,2.0308,False,1296,2024-12-30,2024-12-30,ff5277be1db3a312,False,104,0.471154,0.466605,0.387755,0.279044,0.458424,False,False,4,UP,LONG_USD_SHORT_COP,SHADOW,False,5,5|25,0.570562,3714.46,0.1369,3613.39,3818.35,1.0,True,usdcop/directional_replay_2025_W52.png
2025-W52,2025-12-26,False,3709.38,transition,frozen_pre_2025,15,tactical,2026-01-20,False,0.49739,0.45,UP,0.002968,0.2973,3720.41,11.03,3538.37,3911.81,0.8,UP,True,False,False,0.0,-0.008365,3678.48,41.93,1.1398,False,1291,2024-12-30,2024-12-30,15dc7ab56cb103d2,False,104,0.480769,0.459091,0.318182,0.283538,0.443427,False,False,5,UP,LONG_USD_SHORT_COP,SHADOW,False,5,5|25,0.570562,3714.46,0.1369,3613.39,3818.35,1.0,True,usdcop/directional_replay_2025_W52.png
2025-W52,2025-12-26,False,3709.38,transition,frozen_pre_2025,20,swing,2026-01-27,False,0.694267,0.4,UP,0.006168,0.6187,3732.33,22.95,3529.8,3946.48,0.8,UP,True,False,False,0.0,-0.019483,3637.81,94.52,2.5982,False,1286,2024-12-30,2024-12-30,fe8038e81873cb0d,True,104,0.471154,0.484416,0.254545,0.321836,0.438906,False,False,6,UP,LONG_USD_SHORT_COP,SHADOW,False,5,5|25,0.570562,3714.46,0.1369,3613.39,3818.35,1.0,True,usdcop/directional_replay_2025_W52.png
2025-W52,2025-12-26,False,3709.38,transition,frozen_pre_2025,25,swing,2026-02-03,False,0.661826,0.55,UP,0.004923,0.4936,3727.69,18.31,3495.09,3975.76,0.8,UP,True,False,False,0.0,-0.018339,3641.97,85.71,2.3535,False,1281,2024-12-30,2024-12-30,10d56131505b0874,False,104,0.5,0.478788,0.340909,0.312106,0.459697,False,True,3,UP,LONG_USD_SHORT_COP,SHADOW,False,5,5|25,0.570562,3714.46,0.1369,3613.39,3818.35,1.0,True,usdcop/directional_replay_2025_W52.png
2025-W52,2025-12-26,False,3709.38,transition,frozen_pre_2025,30,swing,2026-02-10,False,0.665354,0.6,UP,0.003933,0.3941,3724.0,14.62,3484.06,3980.45,0.8,UP,True,False,False,0.0,-0.011079,3668.51,55.49,1.5125,False,1276,2024-12-30,2024-12-30,f5cc903ce6844b37,False,104,0.451923,0.447037,0.32,0.337597,0.433199,False,False,7,UP,LONG_USD_SHORT_COP,SHADOW,False,5,5|25,0.570562,3714.46,0.1369,3613.39,3818.35,1.0,True,usdcop/directional_replay_2025_W52.png
2026-W01,2026-01-02,False,3774.55,transition,weekly_expanding_matured_labels,1,execution,2026-01-05,False,0.462936,0.55,DOWN,-0.000195,-0.0195,3773.82,-0.74,3734.3,3813.75,0.8,DOWN,True,False,False,0.0,-0.008384,3743.04,30.77,0.8222,True,1565,2026-01-02,2026-01-02,783ecbdec4595223,True,104,0.480769,0.498519,0.037037,0.256253,0.402969,False,False,6,DOWN,SHORT_USD_LONG_COP,SHADOW,False,30,15|30,0.613105,3760.46,-0.3735,3518.17,4019.42,0.0,True,usdcop/directional_replay_2026_W01.png
2026-W01,2026-01-02,False,3774.55,transition,weekly_expanding_matured_labels,5,tactical,2026-01-09,False,0.383356,0.45,DOWN,-0.001345,-0.1344,3769.48,-5.07,3666.92,3874.91,0.8,DOWN,True,False,False,0.0,-0.016143,3714.11,55.37,1.4908,True,1561,2026-01-02,2026-01-02,dbbaaeaae61164cb,False,104,0.451923,0.457407,0.314815,0.265653,0.436311,False,False,4,DOWN,SHORT_USD_LONG_COP,SHADOW,False,30,15|30,0.613105,3760.46,-0.3735,3518.17,4019.42,0.0,True,usdcop/directional_replay_2026_W01.png
2026-W01,2026-01-02,False,3774.55,transition,weekly_expanding_matured_labels,10,tactical,2026-01-19,False,0.413491,0.45,DOWN,-0.002719,-0.2715,3764.31,-10.25,3619.52,3914.88,0.8,DOWN,True,False,False,0.0,-0.027251,3673.08,91.22,2.4835,True,1556,2026-01-02,2026-01-02,ff5277be1db3a312,False,104,0.413462,0.414444,0.388889,0.270512,0.426248,False,False,5,DOWN,SHORT_USD_LONG_COP,SHADOW,False,30,15|30,0.613105,3760.46,-0.3735,3518.17,4019.42,0.0,True,usdcop/directional_replay_2026_W01.png
2026-W01,2026-01-02,False,3774.55,transition,weekly_expanding_matured_labels,15,tactical,2026-01-26,False,0.332018,0.45,DOWN,-0.002952,-0.2948,3763.43,-11.13,3579.29,3957.04,0.8,DOWN,True,False,False,0.0,-0.02476,3682.24,81.18,2.2048,True,1551,2026-01-02,2026-01-02,15dc7ab56cb103d2,False,104,0.442308,0.435379,0.395349,0.263258,0.441683,False,True,3,DOWN,SHORT_USD_LONG_COP,SHADOW,False,30,15|30,0.613105,3760.46,-0.3735,3518.17,4019.42,0.0,True,usdcop/directional_replay_2026_W01.png
2026-W01,2026-01-02,False,3774.55,transition,weekly_expanding_matured_labels,20,swing,2026-02-02,False,0.403878,0.4,UP,-0.001395,-0.1394,3769.29,-5.26,3564.76,3985.56,0.8,DOWN,False,False,False,0.0,-0.043642,3613.37,155.92,4.3152,False,1546,2026-01-02,2026-01-02,fe8038e81873cb0d,True,104,0.413462,0.460645,0.051724,0.301246,0.377295,False,False,7,DOWN,SHORT_USD_LONG_COP,SHADOW,False,30,15|30,0.613105,3760.46,-0.3735,3518.17,4019.42,0.0,True,usdcop/directional_replay_2026_W01.png
2026-W01,2026-01-02,False,3774.55,transition,weekly_expanding_matured_labels,25,swing,2026-02-09,False,0.379908,0.55,DOWN,-0.003045,-0.304,3763.08,-11.47,3528.27,4013.51,0.8,DOWN,True,False,False,0.0,-0.029004,3666.65,96.43,2.6299,True,1541,2026-01-02,2026-01-02,10d56131505b0874,False,104,0.509615,0.505303,0.477273,0.286304,0.499499,False,False,2,DOWN,SHORT_USD_LONG_COP,SHADOW,False,30,15|30,0.613105,3760.46,-0.3735,3518.17,4019.42,0.0,True,usdcop/directional_replay_2026_W01.png
2026-W01,2026-01-02,False,3774.55,transition,weekly_expanding_matured_labels,30,swing,2026-02-16,False,0.47274,0.6,DOWN,-0.003742,-0.3735,3760.46,-14.1,3518.17,4019.42,0.8,DOWN,True,False,False,0.0,-0.029698,3664.11,96.35,2.6296,True,1536,2026-01-02,2026-01-02,f5cc903ce6844b37,False,104,0.557692,0.54731,0.367347,0.28391,0.503932,False,True,1,DOWN,SHORT_USD_LONG_COP,SHADOW,False,30,15|30,0.613105,3760.46,-0.3735,3518.17,4019.42,0.0,True,usdcop/directional_replay_2026_W01.png
2026-W02,2026-01-09,False,3714.11,transition,weekly_expanding_matured_labels,1,execution,2026-01-13,False,0.454152,0.55,DOWN,-0.000288,-0.0288,3713.04,-1.07,3674.16,3752.33,0.8,DOWN,True,False,False,0.0,-0.018595,3645.69,67.36,1.8475,True,1570,2026-01-09,2026-01-09,783ecbdec4595223,True,104,0.480769,0.498519,0.037037,0.257079,0.402969,False,False,6,DOWN,SHORT_USD_LONG_COP,SHADOW,False,30,5|30,0.383522,3699.84,-0.3843,3461.46,3954.63,0.0,True,usdcop/directional_replay_2026_W02.png
2026-W02,2026-01-09,False,3714.11,transition,weekly_expanding_matured_labels,5,tactical,2026-01-19,False,0.436121,0.45,DOWN,-0.001148,-0.1148,3709.85,-4.26,3608.91,3813.61,0.8,DOWN,True,False,False,0.0,-0.011107,3673.08,36.76,1.0009,True,1566,2026-01-09,2026-01-09,dbbaaeaae61164cb,False,104,0.471154,0.479963,0.327273,0.259877,0.45167,False,True,3,DOWN,SHORT_USD_LONG_COP,SHADOW,False,30,5|30,0.383522,3699.84,-0.3843,3461.46,3954.63,0.0,True,usdcop/directional_replay_2026_W02.png
2026-W02,2026-01-09,False,3714.11,transition,weekly_expanding_matured_labels,10,tactical,2026-01-26,False,0.44032,0.45,DOWN,-0.00258,-0.2576,3704.54,-9.57,3562.06,3852.73,0.8,DOWN,True,False,False,0.0,-0.008617,3682.24,22.3,0.6056,True,1561,2026-01-09,2026-01-09,ff5277be1db3a312,False,104,0.403846,0.405185,0.37037,0.271667,0.416917,False,False,5,DOWN,SHORT_USD_LONG_COP,SHADOW,False,30,5|30,0.383522,3699.84,-0.3843,3461.46,3954.63,0.0,True,usdcop/directional_replay_2026_W02.png
2026-W02,2026-01-09,False,3714.11,transition,weekly_expanding_matured_labels,15,tactical,2026-02-02,False,0.328386,0.45,DOWN,-0.003557,-0.3551,3700.92,-13.19,3519.84,3891.32,0.8,DOWN,True,False,False,0.0,-0.027499,3613.37,87.55,2.4231,True,1556,2026-01-09,2026-01-09,15dc7ab56cb103d2,False,104,0.442308,0.435379,0.395349,0.263677,0.441683,False,False,4,DOWN,SHORT_USD_LONG_COP,SHADOW,False,30,5|30,0.383522,3699.84,-0.3843,3461.46,3954.63,0.0,True,usdcop/directional_replay_2026_W02.png
2026-W02,2026-01-09,False,3714.11,transition,weekly_expanding_matured_labels,20,swing,2026-02-09,False,0.397082,0.4,DOWN,-0.000974,-0.0973,3710.5,-3.62,3509.15,3923.39,0.8,DOWN,True,False,False,0.0,-0.012861,3666.65,43.85,1.1958,True,1551,2026-01-09,2026-01-09,fe8038e81873cb0d,True,104,0.413462,0.460645,0.051724,0.304115,0.377295,False,False,7,DOWN,SHORT_USD_LONG_COP,SHADOW,False,30,5|30,0.383522,3699.84,-0.3843,3461.46,3954.63,0.0,True,usdcop/directional_replay_2026_W02.png
2026-W02,2026-01-09,False,3714.11,transition,weekly_expanding_matured_labels,25,swing,2026-02-16,False,0.368824,0.55,DOWN,-0.003289,-0.3284,3701.91,-12.2,3470.93,3948.28,0.8,DOWN,True,False,False,0.0,-0.013555,3664.11,37.81,1.0319,True,1546,2026-01-09,2026-01-09,10d56131505b0874,False,104,0.5,0.49697,0.477273,0.289237,0.494242,False,False,2,DOWN,SHORT_USD_LONG_COP,SHADOW,False,30,5|30,0.383522,3699.84,-0.3843,3461.46,3954.63,0.0,True,usdcop/directional_replay_2026_W02.png
2026-W02,2026-01-09,False,3714.11,transition,weekly_expanding_matured_labels,30,swing,2026-02-23,False,0.46047,0.6,DOWN,-0.003851,-0.3843,3699.84,-14.27,3461.46,3954.63,0.8,DOWN,True,False,False,0.0,-0.006747,3689.14,10.7,0.29,True,1541,2026-01-09,2026-01-09,f5cc903ce6844b37,False,104,0.548077,0.538219,0.367347,0.286308,0.498372,False,True,1,DOWN,SHORT_USD_LONG_COP,SHADOW,False,30,5|30,0.383522,3699.84,-0.3843,3461.46,3954.63,0.0,True,usdcop/directional_replay_2026_W02.png
2026-W03,2026-01-16,False,3695.82,transition,weekly_expanding_matured_labels,1,execution,2026-01-19,False,0.531042,0.55,DOWN,-0.000143,-0.0143,3695.28,-0.53,3656.59,3734.39,0.8,DOWN,True,False,False,0.0,-0.006169,3673.08,22.2,0.6044,True,1574,2026-01-16,2026-01-16,783ecbdec4595223,True,104,0.490385,0.49926,0.037736,0.256143,0.405328,False,False,6,FLAT,FLAT,ABSTAIN,False,30,5|30,0.0,3685.03,-0.2917,3447.61,3938.81,1.0,,usdcop/directional_replay_2026_W03.png
2026-W03,2026-01-16,False,3695.82,transition,weekly_expanding_matured_labels,5,tactical,2026-01-23,False,0.468955,0.45,UP,-0.001057,-0.1057,3691.91,-3.9,3591.46,3795.17,0.8,DOWN,False,False,False,0.0,-0.012924,3648.36,43.55,1.1938,False,1570,2026-01-16,2026-01-16,dbbaaeaae61164cb,False,104,0.471154,0.479963,0.327273,0.259877,0.45167,False,True,3,FLAT,FLAT,ABSTAIN,False,30,5|30,0.0,3685.03,-0.2917,3447.61,3938.81,1.0,,usdcop/directional_replay_2026_W03.png
2026-W03,2026-01-16,False,3695.82,transition,weekly_expanding_matured_labels,10,tactical,2026-01-30,False,0.457744,0.45,UP,-0.002643,-0.2639,3686.06,-9.75,3544.29,3833.51,0.8,DOWN,False,False,False,0.0,-0.002932,3685.0,1.06,0.0289,False,1565,2026-01-16,2026-01-16,ff5277be1db3a312,False,104,0.403846,0.406308,0.363636,0.268873,0.41602,False,False,5,FLAT,FLAT,ABSTAIN,False,30,5|30,0.0,3685.03,-0.2917,3447.61,3938.81,1.0,,usdcop/directional_replay_2026_W03.png
2026-W03,2026-01-16,False,3695.82,transition,weekly_expanding_matured_labels,15,tactical,2026-02-06,False,0.321009,0.45,DOWN,-0.004306,-0.4296,3679.94,-15.88,3499.88,3869.25,0.8,DOWN,True,False,False,0.0,-0.003519,3682.83,2.89,0.0786,True,1560,2026-01-16,2026-01-16,15dc7ab56cb103d2,False,104,0.432692,0.427183,0.395349,0.264589,0.436481,False,False,4,FLAT,FLAT,ABSTAIN,False,30,5|30,0.0,3685.03,-0.2917,3447.61,3938.81,1.0,,usdcop/directional_replay_2026_W03.png
2026-W03,2026-01-16,False,3695.82,transition,weekly_expanding_matured_labels,20,swing,2026-02-13,False,0.414723,0.4,UP,0.001937,0.1939,3702.98,7.17,3502.04,3915.45,0.8,UP,True,False,False,0.0,-0.008859,3663.22,39.76,1.0855,False,1555,2026-01-16,2026-01-16,fe8038e81873cb0d,True,104,0.413462,0.460645,0.051724,0.307406,0.377295,False,False,7,FLAT,FLAT,ABSTAIN,False,30,5|30,0.0,3685.03,-0.2917,3447.61,3938.81,1.0,,usdcop/directional_replay_2026_W03.png
2026-W03,2026-01-16,False,3695.82,transition,weekly_expanding_matured_labels,25,swing,2026-02-20,False,0.373976,0.55,DOWN,-0.002074,-0.2072,3688.16,-7.66,3458.03,3933.61,0.8,DOWN,True,False,False,1.0,0.001357,3700.83,12.67,0.3424,False,1550,2026-01-16,2026-01-16,10d56131505b0874,False,104,0.490385,0.488636,0.477273,0.292174,0.488986,False,False,2,FLAT,FLAT,ABSTAIN,False,30,5|30,0.0,3685.03,-0.2917,3447.61,3938.81,1.0,,usdcop/directional_replay_2026_W03.png
2026-W03,2026-01-16,False,3695.82,transition,weekly_expanding_matured_labels,30,swing,2026-02-27,False,0.442281,0.6,DOWN,-0.002922,-0.2917,3685.03,-10.78,3447.61,3938.81,0.8,DOWN,True,False,False,1.0,0.017362,3760.54,75.51,2.0079,False,1545,2026-01-16,2026-01-16,f5cc903ce6844b37,False,104,0.538462,0.529128,0.367347,0.288802,0.492813,False,True,1,FLAT,FLAT,ABSTAIN,False,30,5|30,0.0,3685.03,-0.2917,3447.61,3938.81,1.0,,usdcop/directional_replay_2026_W03.png
2026-W04,2026-01-23,False,3648.36,transition,weekly_expanding_matured_labels,1,execution,2026-01-26,False,0.506299,0.55,DOWN,-0.00026,-0.026,3647.41,-0.95,3609.22,3686.0,0.8,DOWN,True,False,False,1.0,0.009245,3682.24,34.83,0.946,False,1579,2026-01-23,2026-01-23,783ecbdec4595223,True,104,0.490385,0.49926,0.037736,0.256383,0.405328,False,False,6,FLAT,FLAT,ABSTAIN,False,30,5|30,0.0,3651.06,0.0741,3415.83,3902.49,1.0,,usdcop/directional_replay_2026_W04.png
2026-W04,2026-01-23,False,3648.36,transition,weekly_expanding_matured_labels,5,tactical,2026-01-30,False,0.453295,0.45,UP,-0.001454,-0.1453,3643.05,-5.3,3543.93,3744.95,0.8,DOWN,False,False,False,1.0,0.009993,3685.0,41.94,1.1382,True,1575,2026-01-23,2026-01-23,dbbaaeaae61164cb,False,104,0.471154,0.483631,0.321429,0.258013,0.451969,False,True,3,FLAT,FLAT,ABSTAIN,False,30,5|30,0.0,3651.06,0.0741,3415.83,3902.49,1.0,,usdcop/directional_replay_2026_W04.png
2026-W04,2026-01-23,False,3648.36,transition,weekly_expanding_matured_labels,10,tactical,2026-02-06,False,0.569429,0.45,UP,-0.002783,-0.2779,3638.22,-10.14,3498.28,3783.75,0.8,DOWN,False,False,False,1.0,0.009405,3682.83,44.61,1.2114,True,1570,2026-01-23,2026-01-23,ff5277be1db3a312,False,104,0.413462,0.416667,0.375,0.266444,0.424359,False,False,5,FLAT,FLAT,ABSTAIN,False,30,5|30,0.0,3651.06,0.0741,3415.83,3902.49,1.0,,usdcop/directional_replay_2026_W04.png
2026-W04,2026-01-23,False,3648.36,transition,weekly_expanding_matured_labels,15,tactical,2026-02-13,False,0.349591,0.45,DOWN,-0.005254,-0.5241,3629.24,-19.12,3451.66,3815.94,0.8,DOWN,True,False,False,1.0,0.004065,3663.22,33.98,0.9276,False,1565,2026-01-23,2026-01-23,15dc7ab56cb103d2,False,104,0.432692,0.428187,0.404762,0.262343,0.438766,False,False,4,FLAT,FLAT,ABSTAIN,False,30,5|30,0.0,3651.06,0.0741,3415.83,3902.49,1.0,,usdcop/directional_replay_2026_W04.png
2026-W04,2026-01-23,False,3648.36,transition,weekly_expanding_matured_labels,20,swing,2026-02-20,False,0.479561,0.4,UP,0.005931,0.5948,3670.06,21.7,3470.91,3880.63,0.8,UP,True,False,False,1.0,0.014281,3700.83,30.77,0.8315,True,1560,2026-01-23,2026-01-23,fe8038e81873cb0d,True,104,0.413462,0.460645,0.051724,0.310565,0.377295,False,False,7,FLAT,FLAT,ABSTAIN,False,30,5|30,0.0,3651.06,0.0741,3415.83,3902.49,1.0,,usdcop/directional_replay_2026_W04.png
2026-W04,2026-01-23,False,3648.36,transition,weekly_expanding_matured_labels,25,swing,2026-02-27,False,0.433957,0.55,DOWN,0.000162,0.0162,3648.95,0.59,3421.26,3891.78,0.8,UP,False,False,False,1.0,0.030286,3760.54,111.59,2.9675,False,1555,2026-01-23,2026-01-23,10d56131505b0874,False,104,0.480769,0.480303,0.477273,0.295506,0.48373,False,False,2,FLAT,FLAT,ABSTAIN,False,30,5|30,0.0,3651.06,0.0741,3415.83,3902.49,1.0,,usdcop/directional_replay_2026_W04.png
2026-W04,2026-01-23,False,3648.36,transition,weekly_expanding_matured_labels,30,swing,2026-03-06,False,0.521246,0.6,DOWN,0.000741,0.0741,3651.06,2.7,3415.83,3902.49,0.8,UP,False,False,False,1.0,0.036481,3783.91,132.85,3.5109,False,1550,2026-01-23,2026-01-23,f5cc903ce6844b37,False,104,0.528846,0.520037,0.367347,0.291293,0.487253,False,True,1,FLAT,FLAT,ABSTAIN,False,30,5|30,0.0,3651.06,0.0741,3415.83,3902.49,1.0,,usdcop/directional_replay_2026_W04.png
2026-W05,2026-01-30,False,3685.0,transition,weekly_expanding_matured_labels,1,execution,2026-02-02,False,0.482105,0.55,DOWN,-0.000203,-0.0203,3684.25,-0.75,3645.67,3723.23,0.8,DOWN,True,False,False,0.0,-0.019629,3613.37,70.88,1.9616,True,1584,2026-01-30,2026-01-30,783ecbdec4595223,True,104,0.490385,0.49926,0.037736,0.25572,0.405328,False,False,6,FLAT,FLAT,ABSTAIN,False,30,5|30,0.0,3684.83,-0.0045,3447.42,3938.59,1.0,,usdcop/directional_replay_2026_W05.png
2026-W05,2026-01-30,False,3685.0,transition,weekly_expanding_matured_labels,5,tactical,2026-02-06,False,0.581132,0.45,UP,-0.000866,-0.0865,3681.81,-3.19,3581.63,3784.78,0.8,DOWN,False,False,False,0.0,-0.000588,3682.83,1.02,0.0278,False,1580,2026-01-30,2026-01-30,dbbaaeaae61164cb,False,104,0.480769,0.494048,0.321429,0.257574,0.458059,False,True,3,FLAT,FLAT,ABSTAIN,False,30,5|30,0.0,3684.83,-0.0045,3447.42,3938.59,1.0,,usdcop/directional_replay_2026_W05.png
2026-W05,2026-01-30,False,3685.0,transition,weekly_expanding_matured_labels,10,tactical,2026-02-13,False,0.565492,0.45,UP,-0.002257,-0.2254,3676.69,-8.31,3535.27,3823.76,0.8,DOWN,False,False,False,0.0,-0.005928,3663.22,13.47,0.3678,False,1575,2026-01-30,2026-01-30,ff5277be1db3a312,False,104,0.423077,0.428786,0.37931,0.263138,0.431992,False,False,5,FLAT,FLAT,ABSTAIN,False,30,5|30,0.0,3684.83,-0.0045,3447.42,3938.59,1.0,,usdcop/directional_replay_2026_W05.png
2026-W05,2026-01-30,False,3685.0,transition,weekly_expanding_matured_labels,15,tactical,2026-02-20,False,0.322994,0.45,DOWN,-0.005963,-0.5945,3663.09,-21.91,3483.86,3851.54,0.8,DOWN,True,False,False,1.0,0.004288,3700.83,37.74,1.0199,False,1570,2026-01-30,2026-01-30,15dc7ab56cb103d2,False,104,0.442308,0.437476,0.414634,0.259021,0.446379,False,False,4,FLAT,FLAT,ABSTAIN,False,30,5|30,0.0,3684.83,-0.0045,3447.42,3938.59,1.0,,usdcop/directional_replay_2026_W05.png
2026-W05,2026-01-30,False,3685.0,transition,weekly_expanding_matured_labels,20,swing,2026-02-27,False,0.466065,0.4,UP,0.005444,0.5458,3705.11,20.11,3504.06,3917.7,0.8,UP,True,False,False,1.0,0.020294,3760.54,55.43,1.474,True,1565,2026-01-30,2026-01-30,fe8038e81873cb0d,True,104,0.403846,0.458757,0.050847,0.312029,0.374442,False,False,7,FLAT,FLAT,ABSTAIN,False,30,5|30,0.0,3684.83,-0.0045,3447.42,3938.59,1.0,,usdcop/directional_replay_2026_W05.png
2026-W05,2026-01-30,False,3685.0,transition,weekly_expanding_matured_labels,25,swing,2026-03-06,False,0.413357,0.55,DOWN,-0.000741,-0.0741,3682.27,-2.73,3452.5,3927.32,0.8,DOWN,True,False,False,1.0,0.026488,3783.91,101.64,2.6862,False,1560,2026-01-30,2026-01-30,10d56131505b0874,False,104,0.471154,0.47197,0.466667,0.298743,0.476352,False,False,2,FLAT,FLAT,ABSTAIN,False,30,5|30,0.0,3684.83,-0.0045,3447.42,3938.59,1.0,,usdcop/directional_replay_2026_W05.png
2026-W05,2026-01-30,False,3685.0,transition,weekly_expanding_matured_labels,30,swing,2026-03-13,False,0.490656,0.6,DOWN,-4.5e-05,-0.0045,3684.83,-0.16,3447.42,3938.59,0.8,DOWN,True,False,False,1.0,0.004816,3702.79,17.95,0.4849,False,1555,2026-01-30,2026-01-30,f5cc903ce6844b37,False,104,0.519231,0.510946,0.367347,0.294393,0.481694,False,True,1,FLAT,FLAT,ABSTAIN,False,30,5|30,0.0,3684.83,-0.0045,3447.42,3938.59,1.0,,usdcop/directional_replay_2026_W05.png
2026-W06,2026-02-06,False,3682.83,transition,weekly_expanding_matured_labels,1,execution,2026-02-09,False,0.487737,0.55,DOWN,-0.000199,-0.0199,3682.1,-0.73,3643.54,3721.06,0.8,DOWN,True,False,False,0.0,-0.004403,3666.65,15.45,0.4213,True,1589,2026-02-06,2026-02-06,783ecbdec4595223,True,104,0.5,0.5,0.038462,0.255296,0.407692,False,False,6,DOWN,SHORT_USD_LONG_COP,SHADOW,False,30,15|30,0.8186,3679.28,-0.0964,3442.23,3932.66,1.0,False,usdcop/directional_replay_2026_W06.png
2026-W06,2026-02-06,False,3682.83,transition,weekly_expanding_matured_labels,5,tactical,2026-02-13,False,0.31459,0.45,DOWN,-0.002109,-0.2107,3675.07,-7.76,3575.08,3777.86,0.8,DOWN,True,False,False,0.0,-0.00534,3663.22,11.85,0.3236,True,1585,2026-02-06,2026-02-06,dbbaaeaae61164cb,False,104,0.471154,0.485119,0.303571,0.259654,0.448993,False,False,4,DOWN,SHORT_USD_LONG_COP,SHADOW,False,30,15|30,0.8186,3679.28,-0.0964,3442.23,3932.66,1.0,False,usdcop/directional_replay_2026_W06.png
2026-W06,2026-02-06,False,3682.83,transition,weekly_expanding_matured_labels,10,tactical,2026-02-20,False,0.33694,0.45,DOWN,-0.004947,-0.4935,3664.66,-18.17,3523.7,3811.25,0.8,DOWN,True,False,False,1.0,0.004876,3700.83,36.18,0.9775,False,1580,2026-02-06,2026-02-06,ff5277be1db3a312,False,104,0.432692,0.439655,0.37931,0.261739,0.438263,False,False,5,DOWN,SHORT_USD_LONG_COP,SHADOW,False,30,15|30,0.8186,3679.28,-0.0964,3442.23,3932.66,1.0,False,usdcop/directional_replay_2026_W06.png
2026-W06,2026-02-06,False,3682.83,transition,weekly_expanding_matured_labels,15,tactical,2026-02-27,False,0.253566,0.45,DOWN,-0.00667,-0.6648,3658.35,-24.48,3479.35,3846.55,0.8,DOWN,True,False,False,1.0,0.020881,3760.54,102.19,2.7175,False,1575,2026-02-06,2026-02-06,15dc7ab56cb103d2,False,104,0.461538,0.45641,0.435897,0.25333,0.462051,False,True,3,DOWN,SHORT_USD_LONG_COP,SHADOW,False,30,15|30,0.8186,3679.28,-0.0964,3442.23,3932.66,1.0,False,usdcop/directional_replay_2026_W06.png
2026-W06,2026-02-06,False,3682.83,transition,weekly_expanding_matured_labels,20,swing,2026-03-06,False,0.421358,0.4,UP,0.002015,0.2017,3690.26,7.43,3490.02,3902.0,0.8,UP,True,False,False,1.0,0.027076,3783.91,93.65,2.4749,True,1570,2026-02-06,2026-02-06,fe8038e81873cb0d,True,104,0.394231,0.456818,0.05,0.310381,0.371573,False,False,7,DOWN,SHORT_USD_LONG_COP,SHADOW,False,30,15|30,0.8186,3679.28,-0.0964,3442.23,3932.66,1.0,False,usdcop/directional_replay_2026_W06.png
2026-W06,2026-02-06,False,3682.83,transition,weekly_expanding_matured_labels,25,swing,2026-03-13,False,0.383849,0.55,DOWN,-0.001782,-0.1781,3676.27,-6.56,3446.88,3920.93,0.8,DOWN,True,False,False,1.0,0.005404,3702.79,26.51,0.716,False,1565,2026-02-06,2026-02-06,10d56131505b0874,False,104,0.471154,0.473694,0.459016,0.297994,0.475512,False,False,2,DOWN,SHORT_USD_LONG_COP,SHADOW,False,30,15|30,0.8186,3679.28,-0.0964,3442.23,3932.66,1.0,False,usdcop/directional_replay_2026_W06.png
2026-W06,2026-02-06,False,3682.83,transition,weekly_expanding_matured_labels,30,swing,2026-03-20,False,0.468994,0.6,DOWN,-0.000965,-0.0964,3679.28,-3.55,3442.23,3932.66,0.8,DOWN,True,False,False,1.0,0.007542,3710.71,31.43,0.8471,False,1560,2026-02-06,2026-02-06,f5cc903ce6844b37,False,104,0.519231,0.508929,0.375,0.293924,0.482418,False,True,1,DOWN,SHORT_USD_LONG_COP,SHADOW,False,30,15|30,0.8186,3679.28,-0.0964,3442.23,3932.66,1.0,False,usdcop/directional_replay_2026_W06.png
2026-W07,2026-02-13,False,3663.22,transition,weekly_expanding_matured_labels,1,execution,2026-02-16,False,0.473676,0.55,DOWN,-0.000286,-0.0286,3662.17,-1.05,3623.82,3700.92,0.8,DOWN,True,False,False,1.0,0.000242,3664.11,1.94,0.0529,False,1594,2026-02-13,2026-02-13,783ecbdec4595223,True,104,0.5,0.5,0.038462,0.255668,0.407692,False,False,6,DOWN,SHORT_USD_LONG_COP,SHADOW,False,30,15|30,0.97298,3656.38,-0.1867,3420.8,3908.18,1.0,False,usdcop/directional_replay_2026_W07.png
2026-W07,2026-02-13,False,3663.22,transition,weekly_expanding_matured_labels,5,tactical,2026-02-20,False,0.388424,0.45,DOWN,-0.001462,-0.1461,3657.87,-5.35,3558.34,3760.17,0.8,DOWN,True,False,False,1.0,0.010216,3700.83,42.97,1.161,False,1590,2026-02-13,2026-02-13,dbbaaeaae61164cb,False,104,0.480769,0.494048,0.321429,0.258442,0.458059,False,False,4,DOWN,SHORT_USD_LONG_COP,SHADOW,False,30,15|30,0.97298,3656.38,-0.1867,3420.8,3908.18,1.0,False,usdcop/directional_replay_2026_W07.png
2026-W07,2026-02-13,False,3663.22,transition,weekly_expanding_matured_labels,10,tactical,2026-02-27,False,0.312773,0.45,DOWN,-0.003862,-0.3855,3649.1,-14.12,3508.74,3795.07,0.8,DOWN,True,False,False,1.0,0.026221,3760.54,111.44,2.9635,False,1585,2026-02-13,2026-02-13,ff5277be1db3a312,False,104,0.423077,0.431034,0.362069,0.263947,0.429443,False,False,5,DOWN,SHORT_USD_LONG_COP,SHADOW,False,30,15|30,0.97298,3656.38,-0.1867,3420.8,3908.18,1.0,False,usdcop/directional_replay_2026_W07.png
2026-W07,2026-02-13,False,3663.22,transition,weekly_expanding_matured_labels,15,tactical,2026-03-06,False,0.210453,0.45,DOWN,-0.006193,-0.6174,3640.6,-22.62,3462.47,3827.89,0.8,DOWN,True,False,False,1.0,0.032415,3783.91,143.31,3.7873,False,1580,2026-02-13,2026-02-13,15dc7ab56cb103d2,False,104,0.461538,0.454688,0.425,0.255314,0.459183,False,True,3,DOWN,SHORT_USD_LONG_COP,SHADOW,False,30,15|30,0.97298,3656.38,-0.1867,3420.8,3908.18,1.0,False,usdcop/directional_replay_2026_W07.png
2026-W07,2026-02-13,False,3663.22,transition,weekly_expanding_matured_labels,20,swing,2026-03-13,False,0.350106,0.4,DOWN,-0.000381,-0.0381,3661.82,-1.4,3463.12,3871.92,0.8,DOWN,True,False,False,1.0,0.010744,3702.79,40.97,1.1064,False,1575,2026-02-13,2026-02-13,fe8038e81873cb0d,True,104,0.394231,0.472734,0.064516,0.30669,0.380843,False,False,7,DOWN,SHORT_USD_LONG_COP,SHADOW,False,30,15|30,0.97298,3656.38,-0.1867,3420.8,3908.18,1.0,False,usdcop/directional_replay_2026_W07.png
2026-W07,2026-02-13,False,3663.22,transition,weekly_expanding_matured_labels,25,swing,2026-03-20,False,0.306745,0.55,DOWN,-0.002986,-0.2981,3652.3,-10.92,3424.4,3895.36,0.8,DOWN,True,False,False,1.0,0.012882,3710.71,58.42,1.5742,False,1570,2026-02-13,2026-02-13,10d56131505b0874,False,104,0.480769,0.483871,0.467742,0.294352,0.483251,False,False,2,DOWN,SHORT_USD_LONG_COP,SHADOW,False,30,15|30,0.97298,3656.38,-0.1867,3420.8,3908.18,1.0,False,usdcop/directional_replay_2026_W07.png
2026-W07,2026-02-13,False,3663.22,transition,weekly_expanding_matured_labels,30,swing,2026-03-30,False,0.410808,0.6,DOWN,-0.001869,-0.1867,3656.38,-6.84,3420.8,3908.18,0.8,DOWN,True,False,False,1.0,0.004108,3678.3,21.92,0.5959,False,1565,2026-02-13,2026-02-13,f5cc903ce6844b37,False,104,0.519231,0.507279,0.382979,0.29336,0.483353,False,True,1,DOWN,SHORT_USD_LONG_COP,SHADOW,False,30,15|30,0.97298,3656.38,-0.1867,3420.8,3908.18,1.0,False,usdcop/directional_replay_2026_W07.png
2026-W08,2026-02-20,False,3700.83,transition,weekly_expanding_matured_labels,1,execution,2026-02-23,False,0.429137,0.55,DOWN,-0.000339,-0.0339,3699.58,-1.25,3660.84,3738.72,0.8,DOWN,True,False,False,0.0,-0.003165,3689.14,10.44,0.283,True,1599,2026-02-20,2026-02-20,783ecbdec4595223,True,104,0.5,0.5,0.038462,0.255095,0.407692,False,False,6,DOWN,SHORT_USD_LONG_COP,SHADOW,False,25,15|25,1.0,3679.75,-0.5697,3450.14,3924.64,0.0,True,usdcop/directional_replay_2026_W08.png
2026-W08,2026-02-20,False,3700.83,transition,weekly_expanding_matured_labels,5,tactical,2026-02-27,False,0.38664,0.45,DOWN,-0.001435,-0.1433,3695.53,-5.31,3594.98,3798.89,0.8,DOWN,True,False,False,1.0,0.016005,3760.54,65.02,1.7289,False,1595,2026-02-20,2026-02-20,dbbaaeaae61164cb,False,104,0.480769,0.494048,0.321429,0.258582,0.458059,False,False,4,DOWN,SHORT_USD_LONG_COP,SHADOW,False,25,15|25,1.0,3679.75,-0.5697,3450.14,3924.64,0.0,True,usdcop/directional_replay_2026_W08.png
2026-W08,2026-02-20,False,3700.83,transition,weekly_expanding_matured_labels,10,tactical,2026-03-06,False,0.320504,0.45,DOWN,-0.00363,-0.3624,3687.42,-13.41,3545.59,3834.92,0.8,DOWN,True,False,False,1.0,0.0222,3783.91,96.49,2.5499,False,1590,2026-02-20,2026-02-20,ff5277be1db3a312,False,104,0.423077,0.431034,0.362069,0.264739,0.429443,False,False,5,DOWN,SHORT_USD_LONG_COP,SHADOW,False,25,15|25,1.0,3679.75,-0.5697,3450.14,3924.64,0.0,True,usdcop/directional_replay_2026_W08.png
2026-W08,2026-02-20,False,3700.83,transition,weekly_expanding_matured_labels,15,tactical,2026-03-13,False,0.218546,0.45,DOWN,-0.006109,-0.609,3678.29,-22.54,3498.32,3867.52,0.8,DOWN,True,False,False,1.0,0.000528,3702.79,24.49,0.6615,False,1585,2026-02-20,2026-02-20,15dc7ab56cb103d2,False,104,0.461538,0.454688,0.425,0.256638,0.459183,False,True,3,DOWN,SHORT_USD_LONG_COP,SHADOW,False,25,15|25,1.0,3679.75,-0.5697,3450.14,3924.64,0.0,True,usdcop/directional_replay_2026_W08.png
2026-W08,2026-02-20,False,3700.83,transition,weekly_expanding_matured_labels,20,swing,2026-03-20,False,0.333208,0.4,DOWN,-0.004486,-0.4476,3684.27,-16.57,3484.35,3895.66,0.8,DOWN,True,False,False,1.0,0.002666,3710.71,26.45,0.7127,False,1580,2026-02-20,2026-02-20,fe8038e81873cb0d,True,104,0.394231,0.472734,0.064516,0.306172,0.380843,False,False,7,DOWN,SHORT_USD_LONG_COP,SHADOW,False,25,15|25,1.0,3679.75,-0.5697,3450.14,3924.64,0.0,True,usdcop/directional_replay_2026_W08.png
2026-W08,2026-02-20,False,3700.83,transition,weekly_expanding_matured_labels,25,swing,2026-03-30,False,0.325424,0.55,DOWN,-0.005713,-0.5697,3679.75,-21.08,3450.14,3924.64,0.8,DOWN,True,False,False,0.0,-0.006108,3678.3,1.45,0.0395,True,1575,2026-02-20,2026-02-20,10d56131505b0874,False,104,0.490385,0.494193,0.47619,0.289603,0.490992,False,True,1,DOWN,SHORT_USD_LONG_COP,SHADOW,False,25,15|25,1.0,3679.75,-0.5697,3450.14,3924.64,0.0,True,usdcop/directional_replay_2026_W08.png
2026-W08,2026-02-20,False,3700.83,transition,weekly_expanding_matured_labels,30,swing,2026-04-08,False,0.417099,0.6,DOWN,-0.00425,-0.4241,3685.14,-15.7,3447.71,3938.92,0.8,DOWN,True,False,False,0.0,-0.016096,3641.74,43.4,1.1917,True,1570,2026-02-20,2026-02-20,f5cc903ce6844b37,False,104,0.528846,0.514618,0.391304,0.290547,0.489877,False,False,2,DOWN,SHORT_USD_LONG_COP,SHADOW,False,25,15|25,1.0,3679.75,-0.5697,3450.14,3924.64,0.0,True,usdcop/directional_replay_2026_W08.png
2026-W09,2026-02-27,False,3760.54,transition,weekly_expanding_matured_labels,1,execution,2026-03-02,False,0.443423,0.55,DOWN,-0.00025,-0.0249,3759.6,-0.94,3720.24,3799.39,0.8,DOWN,True,False,False,0.0,-0.001334,3755.53,4.08,0.1086,True,1604,2026-02-27,2026-02-27,783ecbdec4595223,True,104,0.5,0.5,0.038462,0.255263,0.407692,False,False,6,DOWN,SHORT_USD_LONG_COP,SHADOW,False,30,5|30,0.493972,3744.89,-0.4162,3503.61,4002.79,0.0,True,usdcop/directional_replay_2026_W09.png
2026-W09,2026-02-27,False,3760.54,transition,weekly_expanding_matured_labels,5,tactical,2026-03-06,False,0.411797,0.45,DOWN,-0.001337,-0.1336,3755.52,-5.02,3653.34,3860.56,0.8,DOWN,True,False,False,1.0,0.006194,3783.91,28.39,0.7503,False,1600,2026-02-27,2026-02-27,dbbaaeaae61164cb,False,104,0.471154,0.481076,0.309091,0.260938,0.448479,False,True,3,DOWN,SHORT_USD_LONG_COP,SHADOW,False,30,5|30,0.493972,3744.89,-0.4162,3503.61,4002.79,0.0,True,usdcop/directional_replay_2026_W09.png
2026-W09,2026-02-27,False,3760.54,transition,weekly_expanding_matured_labels,10,tactical,2026-03-13,False,0.333863,0.45,DOWN,-0.00317,-0.3165,3748.64,-11.9,3604.46,3898.59,0.8,DOWN,True,False,False,0.0,-0.015477,3702.79,45.85,1.2383,True,1595,2026-02-27,2026-02-27,ff5277be1db3a312,False,104,0.423077,0.431034,0.362069,0.26494,0.429443,False,False,5,DOWN,SHORT_USD_LONG_COP,SHADOW,False,30,5|30,0.493972,3744.89,-0.4162,3503.61,4002.79,0.0,True,usdcop/directional_replay_2026_W09.png
2026-W09,2026-02-27,False,3760.54,transition,weekly_expanding_matured_labels,15,tactical,2026-03-20,False,0.198171,0.45,DOWN,-0.006035,-0.6017,3737.91,-22.63,3555.02,3930.21,0.8,DOWN,True,False,False,0.0,-0.013339,3710.71,27.2,0.7331,True,1590,2026-02-27,2026-02-27,15dc7ab56cb103d2,False,104,0.451923,0.442188,0.4,0.259127,0.44726,False,False,4,DOWN,SHORT_USD_LONG_COP,SHADOW,False,30,5|30,0.493972,3744.89,-0.4162,3503.61,4002.79,0.0,True,usdcop/directional_replay_2026_W09.png
2026-W09,2026-02-27,False,3760.54,transition,weekly_expanding_matured_labels,20,swing,2026-03-30,False,0.313399,0.4,DOWN,-0.006367,-0.6347,3736.68,-23.87,3533.91,3951.07,0.8,DOWN,True,False,False,0.0,-0.022113,3678.3,58.38,1.5871,True,1585,2026-02-27,2026-02-27,fe8038e81873cb0d,True,104,0.394231,0.472734,0.064516,0.306222,0.380843,False,False,7,DOWN,SHORT_USD_LONG_COP,SHADOW,False,30,5|30,0.493972,3744.89,-0.4162,3503.61,4002.79,0.0,True,usdcop/directional_replay_2026_W09.png
2026-W09,2026-02-27,False,3760.54,transition,weekly_expanding_matured_labels,25,swing,2026-04-08,False,0.324543,0.55,DOWN,-0.00592,-0.5903,3738.35,-22.2,3505.08,3987.13,0.8,DOWN,True,False,False,0.0,-0.032102,3641.74,96.61,2.6527,True,1580,2026-02-27,2026-02-27,10d56131505b0874,False,104,0.490385,0.494193,0.47619,0.288444,0.490992,False,False,2,DOWN,SHORT_USD_LONG_COP,SHADOW,False,30,5|30,0.493972,3744.89,-0.4162,3503.61,4002.79,0.0,True,usdcop/directional_replay_2026_W09.png
2026-W09,2026-02-27,False,3760.54,transition,weekly_expanding_matured_labels,30,swing,2026-04-15,False,0.440614,0.6,DOWN,-0.004171,-0.4162,3744.89,-15.65,3503.61,4002.79,0.8,DOWN,True,False,False,0.0,-0.041322,3608.32,136.58,3.785,True,1575,2026-02-27,2026-02-27,f5cc903ce6844b37,False,104,0.538462,0.522034,0.4,0.28657,0.496506,False,True,1,DOWN,SHORT_USD_LONG_COP,SHADOW,False,30,5|30,0.493972,3744.89,-0.4162,3503.61,4002.79,0.0,True,usdcop/directional_replay_2026_W09.png
2026-W10,2026-03-06,False,3783.91,transition,weekly_expanding_matured_labels,1,execution,2026-03-09,False,0.492331,0.55,DOWN,-0.000291,-0.0291,3782.81,-1.1,3743.2,3822.84,0.8,DOWN,True,False,False,0.0,-0.004526,3766.82,15.99,0.4244,True,1609,2026-03-06,2026-03-06,783ecbdec4595223,True,104,0.5,0.490936,0.019608,0.255258,0.400296,False,False,6,DOWN,SHORT_USD_LONG_COP,SHADOW,False,30,15|30,0.776775,3773.89,-0.2648,3530.74,4033.78,0.0,True,usdcop/directional_replay_2026_W10.png
2026-W10,2026-03-06,False,3783.91,transition,weekly_expanding_matured_labels,5,tactical,2026-03-13,False,0.511417,0.45,UP,-0.000809,-0.0809,3780.85,-3.06,3677.98,3886.59,0.8,DOWN,False,False,False,0.0,-0.021672,3702.79,78.06,2.1082,False,1605,2026-03-06,2026-03-06,dbbaaeaae61164cb,False,104,0.461538,0.468148,0.296296,0.263004,0.438826,False,False,4,DOWN,SHORT_USD_LONG_COP,SHADOW,False,30,15|30,0.776775,3773.89,-0.2648,3530.74,4033.78,0.0,True,usdcop/directional_replay_2026_W10.png
2026-W10,2026-03-06,False,3783.91,transition,weekly_expanding_matured_labels,10,tactical,2026-03-20,False,0.454977,0.45,UP,-0.002075,-0.2072,3776.07,-7.84,3630.83,3927.11,0.8,DOWN,False,False,False,0.0,-0.019534,3710.71,65.35,1.7612,False,1600,2026-03-06,2026-03-06,ff5277be1db3a312,False,104,0.413462,0.420119,0.350877,0.268349,0.420916,False,False,5,DOWN,SHORT_USD_LONG_COP,SHADOW,False,30,15|30,0.776775,3773.89,-0.2648,3530.74,4033.78,0.0,True,usdcop/directional_replay_2026_W10.png
2026-W10,2026-03-06,False,3783.91,transition,weekly_expanding_matured_labels,15,tactical,2026-03-30,False,0.291398,0.45,DOWN,-0.004074,-0.4066,3768.52,-15.38,3584.14,3962.4,0.8,DOWN,True,False,False,0.0,-0.028308,3678.3,90.23,2.453,True,1595,2026-03-06,2026-03-06,15dc7ab56cb103d2,False,104,0.442308,0.433217,0.390244,0.264364,0.439797,False,True,3,DOWN,SHORT_USD_LONG_COP,SHADOW,False,30,15|30,0.776775,3773.89,-0.2648,3530.74,4033.78,0.0,True,usdcop/directional_replay_2026_W10.png
2026-W10,2026-03-06,False,3783.91,transition,weekly_expanding_matured_labels,20,swing,2026-04-08,False,0.338773,0.4,DOWN,-0.00489,-0.4878,3765.45,-18.46,3561.12,3981.5,0.8,DOWN,True,False,False,0.0,-0.038296,3641.74,123.71,3.397,True,1590,2026-03-06,2026-03-06,fe8038e81873cb0d,True,104,0.403846,0.474647,0.065574,0.307312,0.383743,False,False,7,DOWN,SHORT_USD_LONG_COP,SHADOW,False,30,15|30,0.776775,3773.89,-0.2648,3530.74,4033.78,0.0,True,usdcop/directional_replay_2026_W10.png
2026-W10,2026-03-06,False,3783.91,transition,weekly_expanding_matured_labels,25,swing,2026-04-15,False,0.363699,0.55,DOWN,-0.0045,-0.449,3766.92,-16.99,3531.87,4017.61,0.8,DOWN,True,False,False,0.0,-0.047516,3608.32,158.6,4.3955,True,1585,2026-03-06,2026-03-06,10d56131505b0874,False,104,0.480769,0.483871,0.467742,0.290453,0.483251,False,False,2,DOWN,SHORT_USD_LONG_COP,SHADOW,False,30,15|30,0.776775,3773.89,-0.2648,3530.74,4033.78,0.0,True,usdcop/directional_replay_2026_W10.png
2026-W10,2026-03-06,False,3783.91,transition,weekly_expanding_matured_labels,30,swing,2026-04-22,False,0.447892,0.6,DOWN,-0.002652,-0.2648,3773.89,-10.02,3530.74,4033.78,0.8,DOWN,True,False,False,0.0,-0.060059,3563.34,210.55,5.9087,True,1580,2026-03-06,2026-03-06,f5cc903ce6844b37,False,104,0.528846,0.514618,0.391304,0.287533,0.489877,False,True,1,DOWN,SHORT_USD_LONG_COP,SHADOW,False,30,15|30,0.776775,3773.89,-0.2648,3530.74,4033.78,0.0,True,usdcop/directional_replay_2026_W10.png
2026-W11,2026-03-13,False,3702.79,transition,weekly_expanding_matured_labels,1,execution,2026-03-16,False,0.413209,0.55,DOWN,-0.000847,-0.0846,3699.65,-3.13,3660.91,3738.8,0.8,DOWN,True,False,False,0.0,-0.000985,3699.14,0.51,0.0138,True,1614,2026-03-13,2026-03-13,783ecbdec4595223,True,104,0.509615,0.491481,0.02,0.25499,0.402516,False,False,6,DOWN,SHORT_USD_LONG_COP,SHADOW,False,30,15|30,0.721487,3688.81,-0.3775,3451.14,3942.84,0.0,True,usdcop/directional_replay_2026_W11.png
2026-W11,2026-03-13,False,3702.79,transition,weekly_expanding_matured_labels,5,tactical,2026-03-20,False,0.54825,0.45,UP,-0.000722,-0.0722,3700.11,-2.67,3599.44,3803.6,0.8,DOWN,False,False,False,1.0,0.002138,3710.71,10.6,0.2856,True,1610,2026-03-13,2026-03-13,dbbaaeaae61164cb,False,104,0.451923,0.458889,0.277778,0.264686,0.429496,False,False,4,DOWN,SHORT_USD_LONG_COP,SHADOW,False,30,15|30,0.721487,3688.81,-0.3775,3451.14,3942.84,0.0,True,usdcop/directional_replay_2026_W11.png
2026-W11,2026-03-13,False,3702.79,transition,weekly_expanding_matured_labels,10,tactical,2026-03-30,False,0.428475,0.45,DOWN,-0.002196,-0.2193,3694.67,-8.12,3552.56,3842.46,0.8,DOWN,True,False,False,0.0,-0.006636,3678.3,16.37,0.445,True,1605,2026-03-13,2026-03-13,ff5277be1db3a312,False,104,0.413462,0.420119,0.350877,0.268421,0.420916,False,False,5,DOWN,SHORT_USD_LONG_COP,SHADOW,False,30,15|30,0.721487,3688.81,-0.3775,3451.14,3942.84,0.0,True,usdcop/directional_replay_2026_W11.png
2026-W11,2026-03-13,False,3702.79,transition,weekly_expanding_matured_labels,15,tactical,2026-04-08,False,0.356095,0.45,DOWN,-0.003566,-0.3559,3689.61,-13.18,3509.08,3879.42,0.8,DOWN,True,False,False,0.0,-0.016624,3641.74,47.87,1.3144,True,1600,2026-03-13,2026-03-13,15dc7ab56cb103d2,False,104,0.432692,0.424347,0.380952,0.269128,0.432468,False,True,3,DOWN,SHORT_USD_LONG_COP,SHADOW,False,30,15|30,0.721487,3688.81,-0.3775,3451.14,3942.84,0.0,True,usdcop/directional_replay_2026_W11.png
2026-W11,2026-03-13,False,3702.79,transition,weekly_expanding_matured_labels,20,swing,2026-04-15,False,0.326209,0.4,DOWN,-0.006044,-0.6025,3680.48,-22.31,3480.76,3891.65,0.8,DOWN,True,False,False,0.0,-0.025845,3608.32,72.16,1.9998,True,1595,2026-03-13,2026-03-13,fe8038e81873cb0d,True,104,0.394231,0.456818,0.05,0.310169,0.371573,False,False,7,DOWN,SHORT_USD_LONG_COP,SHADOW,False,30,15|30,0.721487,3688.81,-0.3775,3451.14,3942.84,0.0,True,usdcop/directional_replay_2026_W11.png
2026-W11,2026-03-13,False,3702.79,transition,weekly_expanding_matured_labels,25,swing,2026-04-22,False,0.338348,0.55,DOWN,-0.005694,-0.5677,3681.76,-21.02,3452.03,3926.79,0.8,DOWN,True,False,False,0.0,-0.038388,3563.34,118.43,3.3234,True,1590,2026-03-13,2026-03-13,10d56131505b0874,False,104,0.471154,0.473694,0.459016,0.29249,0.475512,False,False,2,DOWN,SHORT_USD_LONG_COP,SHADOW,False,30,15|30,0.721487,3688.81,-0.3775,3451.14,3942.84,0.0,True,usdcop/directional_replay_2026_W11.png
2026-W11,2026-03-13,False,3702.79,transition,weekly_expanding_matured_labels,30,swing,2026-04-29,False,0.40531,0.6,DOWN,-0.003782,-0.3775,3688.81,-13.98,3451.14,3942.84,0.8,DOWN,True,False,False,0.0,-0.020705,3626.91,61.9,1.7067,True,1585,2026-03-13,2026-03-13,f5cc903ce6844b37,False,104,0.519231,0.507279,0.382979,0.288705,0.483353,False,True,1,DOWN,SHORT_USD_LONG_COP,SHADOW,False,30,15|30,0.721487,3688.81,-0.3775,3451.14,3942.84,0.0,True,usdcop/directional_replay_2026_W11.png
2026-W12,2026-03-20,False,3710.71,transition,weekly_expanding_matured_labels,1,execution,2026-03-24,False,0.485053,0.55,DOWN,-0.00015,-0.015,3710.16,-0.56,3671.31,3749.42,0.8,DOWN,True,False,False,0.0,-0.002006,3703.27,6.88,0.1858,True,1619,2026-03-20,2026-03-20,783ecbdec4595223,True,104,0.519231,0.492022,0.020408,0.254281,0.404737,False,False,6,DOWN,SHORT_USD_LONG_COP,SHADOW,False,30,5|30,0.457425,3702.4,-0.2239,3463.86,3957.37,1.0,False,usdcop/directional_replay_2026_W12.png
2026-W12,2026-03-20,False,3710.71,transition,weekly_expanding_matured_labels,5,tactical,2026-03-30,False,0.439731,0.45,DOWN,-0.001086,-0.1086,3706.68,-4.03,3605.83,3810.36,0.8,DOWN,True,False,False,0.0,-0.008774,3678.3,28.39,0.7718,True,1615,2026-03-20,2026-03-20,dbbaaeaae61164cb,False,104,0.461538,0.468889,0.277778,0.26289,0.435419,False,True,3,DOWN,SHORT_USD_LONG_COP,SHADOW,False,30,5|30,0.457425,3702.4,-0.2239,3463.86,3957.37,1.0,False,usdcop/directional_replay_2026_W12.png
2026-W12,2026-03-20,False,3710.71,transition,weekly_expanding_matured_labels,10,tactical,2026-04-08,False,0.330344,0.45,DOWN,-0.003542,-0.3536,3697.59,-13.12,3555.37,3845.5,0.8,DOWN,True,False,False,0.0,-0.018762,3641.74,55.85,1.5337,True,1610,2026-03-20,2026-03-20,ff5277be1db3a312,False,104,0.403846,0.411348,0.333333,0.269699,0.411975,False,False,5,DOWN,SHORT_USD_LONG_COP,SHADOW,False,30,5|30,0.457425,3702.4,-0.2239,3463.86,3957.37,1.0,False,usdcop/directional_replay_2026_W12.png
2026-W12,2026-03-20,False,3710.71,transition,weekly_expanding_matured_labels,15,tactical,2026-04-15,False,0.348236,0.45,DOWN,-0.003705,-0.3699,3696.99,-13.72,3516.1,3887.18,0.8,DOWN,True,False,False,0.0,-0.027983,3608.32,88.67,2.4574,True,1605,2026-03-20,2026-03-20,15dc7ab56cb103d2,False,104,0.432692,0.424347,0.380952,0.26858,0.432468,False,False,4,DOWN,SHORT_USD_LONG_COP,SHADOW,False,30,5|30,0.457425,3702.4,-0.2239,3463.86,3957.37,1.0,False,usdcop/directional_replay_2026_W12.png
2026-W12,2026-03-20,False,3710.71,transition,weekly_expanding_matured_labels,20,swing,2026-04-22,False,0.336097,0.4,DOWN,-0.004335,-0.4325,3694.66,-16.05,3494.18,3906.65,0.8,DOWN,True,False,False,0.0,-0.040526,3563.34,131.32,3.6854,True,1600,2026-03-20,2026-03-20,fe8038e81873cb0d,True,104,0.394231,0.447646,0.050847,0.312137,0.368074,False,False,7,DOWN,SHORT_USD_LONG_COP,SHADOW,False,30,5|30,0.457425,3702.4,-0.2239,3463.86,3957.37,1.0,False,usdcop/directional_replay_2026_W12.png
2026-W12,2026-03-20,False,3710.71,transition,weekly_expanding_matured_labels,25,swing,2026-04-29,False,0.352457,0.55,DOWN,-0.003836,-0.3829,3696.5,-14.21,3465.85,3942.51,0.8,DOWN,True,False,False,0.0,-0.022843,3626.91,69.59,1.9188,True,1595,2026-03-20,2026-03-20,10d56131505b0874,False,104,0.461538,0.463636,0.45,0.296441,0.467762,False,False,2,DOWN,SHORT_USD_LONG_COP,SHADOW,False,30,5|30,0.457425,3702.4,-0.2239,3463.86,3957.37,1.0,False,usdcop/directional_replay_2026_W12.png
2026-W12,2026-03-20,False,3710.71,transition,weekly_expanding_matured_labels,30,swing,2026-05-07,False,0.427299,0.6,DOWN,-0.002242,-0.2239,3702.4,-8.31,3463.86,3957.37,0.8,DOWN,True,False,False,1.0,0.006957,3736.62,34.22,0.9157,False,1590,2026-03-20,2026-03-20,f5cc903ce6844b37,False,104,0.509615,0.5,0.375,0.28981,0.476923,False,True,1,DOWN,SHORT_USD_LONG_COP,SHADOW,False,30,5|30,0.457425,3702.4,-0.2239,3463.86,3957.37,1.0,False,usdcop/directional_replay_2026_W12.png
2026-W13,2026-03-27,False,3675.81,transition,weekly_expanding_matured_labels,1,execution,2026-03-30,False,0.389051,0.55,DOWN,-0.000419,-0.0419,3674.27,-1.54,3635.8,3713.15,0.8,DOWN,True,False,False,1.0,0.000675,3678.3,4.02,0.1093,False,1623,2026-03-27,2026-03-27,783ecbdec4595223,True,104,0.528846,0.49256,0.020833,0.252859,0.40696,False,False,6,FLAT,FLAT,ABSTAIN,False,30,5|30,0.0,3669.24,-0.1788,3432.84,3921.93,1.0,,usdcop/directional_replay_2026_W13.png
2026-W13,2026-03-27,False,3675.81,transition,weekly_expanding_matured_labels,5,tactical,2026-04-07,False,0.467398,0.45,UP,-0.000976,-0.0975,3672.23,-3.58,3572.31,3774.94,0.8,DOWN,False,False,False,1.0,0.001654,3681.9,9.67,0.2626,True,1619,2026-03-27,2026-03-27,dbbaaeaae61164cb,False,104,0.461538,0.468889,0.277778,0.26289,0.435419,False,True,3,FLAT,FLAT,ABSTAIN,False,30,5|30,0.0,3669.24,-0.1788,3432.84,3921.93,1.0,,usdcop/directional_replay_2026_W13.png
2026-W13,2026-03-27,False,3675.81,transition,weekly_expanding_matured_labels,10,tactical,2026-04-14,False,0.267562,0.45,DOWN,-0.003772,-0.3765,3661.97,-13.84,3521.12,3808.46,0.8,DOWN,True,False,False,0.0,-0.023578,3590.16,71.82,2.0004,True,1614,2026-03-27,2026-03-27,ff5277be1db3a312,False,104,0.403846,0.411348,0.333333,0.269699,0.411975,False,False,5,FLAT,FLAT,ABSTAIN,False,30,5|30,0.0,3669.24,-0.1788,3432.84,3921.93,1.0,,usdcop/directional_replay_2026_W13.png
2026-W13,2026-03-27,False,3675.81,transition,weekly_expanding_matured_labels,15,tactical,2026-04-21,False,0.285617,0.45,DOWN,-0.004625,-0.4614,3658.85,-16.96,3479.83,3847.08,0.8,DOWN,True,False,False,0.0,-0.026624,3579.24,79.61,2.2243,True,1609,2026-03-27,2026-03-27,15dc7ab56cb103d2,False,104,0.432692,0.424347,0.380952,0.26858,0.432468,False,False,4,FLAT,FLAT,ABSTAIN,False,30,5|30,0.0,3669.24,-0.1788,3432.84,3921.93,1.0,,usdcop/directional_replay_2026_W13.png
2026-W13,2026-03-27,False,3675.81,transition,weekly_expanding_matured_labels,20,swing,2026-04-28,False,0.324918,0.4,DOWN,-0.004287,-0.4278,3660.09,-15.72,3461.48,3870.09,0.8,DOWN,True,False,False,0.0,-0.01938,3605.26,54.83,1.5208,True,1604,2026-03-27,2026-03-27,fe8038e81873cb0d,True,104,0.394231,0.447646,0.050847,0.312137,0.368074,False,False,7,FLAT,FLAT,ABSTAIN,False,30,5|30,0.0,3669.24,-0.1788,3432.84,3921.93,1.0,,usdcop/directional_replay_2026_W13.png
2026-W13,2026-03-27,False,3675.81,transition,weekly_expanding_matured_labels,25,swing,2026-05-06,False,0.358769,0.55,DOWN,-0.003504,-0.3498,3662.96,-12.86,3434.4,3906.72,0.8,DOWN,True,False,False,1.0,0.011336,3717.72,54.76,1.473,False,1599,2026-03-27,2026-03-27,10d56131505b0874,False,104,0.461538,0.463636,0.45,0.296441,0.467762,False,False,2,FLAT,FLAT,ABSTAIN,False,30,5|30,0.0,3669.24,-0.1788,3432.84,3921.93,1.0,,usdcop/directional_replay_2026_W13.png
2026-W13,2026-03-27,False,3675.81,transition,weekly_expanding_matured_labels,30,swing,2026-05-13,False,0.443222,0.6,DOWN,-0.001789,-0.1788,3669.24,-6.57,3432.84,3921.93,0.8,DOWN,True,False,False,1.0,0.028277,3781.24,112.0,2.9619,False,1594,2026-03-27,2026-03-27,f5cc903ce6844b37,False,104,0.509615,0.5,0.375,0.28981,0.476923,False,True,1,FLAT,FLAT,ABSTAIN,False,30,5|30,0.0,3669.24,-0.1788,3432.84,3921.93,1.0,,usdcop/directional_replay_2026_W13.png
2026-W14,2026-04-01,False,3658.43,transition,weekly_expanding_matured_labels,1,execution,2026-04-06,False,0.461683,0.55,DOWN,-0.000108,-0.0108,3658.04,-0.39,3619.74,3696.75,0.8,DOWN,True,False,False,1.0,0.005997,3680.44,22.4,0.6086,False,1626,2026-04-01,2026-04-01,783ecbdec4595223,True,104,0.519231,0.492022,0.020408,0.254335,0.404737,False,False,6,DOWN,SHORT_USD_LONG_COP,SHADOW,False,30,5|30,0.456442,3651.97,-0.1765,3416.68,3903.47,1.0,False,usdcop/directional_replay_2026_W14.png
2026-W14,2026-04-01,False,3658.43,transition,weekly_expanding_matured_labels,5,tactical,2026-04-10,False,0.409654,0.45,DOWN,-0.001264,-0.1263,3653.81,-4.62,3554.4,3756.0,0.8,DOWN,True,False,False,0.0,-0.003846,3644.39,9.42,0.2586,True,1622,2026-04-01,2026-04-01,dbbaaeaae61164cb,False,104,0.461538,0.468889,0.277778,0.263595,0.435419,False,True,3,DOWN,SHORT_USD_LONG_COP,SHADOW,False,30,5|30,0.456442,3651.97,-0.1765,3416.68,3903.47,1.0,False,usdcop/directional_replay_2026_W14.png
2026-W14,2026-04-01,False,3658.43,transition,weekly_expanding_matured_labels,10,tactical,2026-04-17,False,0.305499,0.45,DOWN,-0.003266,-0.3261,3646.5,-11.93,3506.25,3792.37,0.8,DOWN,True,False,False,0.0,-0.014844,3604.52,41.98,1.1646,True,1617,2026-04-01,2026-04-01,ff5277be1db3a312,False,104,0.403846,0.411348,0.333333,0.269939,0.411975,False,False,5,DOWN,SHORT_USD_LONG_COP,SHADOW,False,30,5|30,0.456442,3651.97,-0.1765,3416.68,3903.47,1.0,False,usdcop/directional_replay_2026_W14.png
2026-W14,2026-04-01,False,3658.43,transition,weekly_expanding_matured_labels,15,tactical,2026-04-24,False,0.343036,0.45,DOWN,-0.004294,-0.4285,3642.76,-15.67,3464.52,3830.16,0.8,DOWN,True,False,False,0.0,-0.027317,3559.85,82.91,2.3291,True,1612,2026-04-01,2026-04-01,15dc7ab56cb103d2,False,104,0.432692,0.424347,0.380952,0.268158,0.432468,False,False,4,DOWN,SHORT_USD_LONG_COP,SHADOW,False,30,5|30,0.456442,3651.97,-0.1765,3416.68,3903.47,1.0,False,usdcop/directional_replay_2026_W14.png
2026-W14,2026-04-01,False,3658.43,transition,weekly_expanding_matured_labels,20,swing,2026-05-04,False,0.349683,0.4,DOWN,-0.001857,-0.1855,3651.64,-6.79,3453.49,3861.16,0.8,DOWN,True,False,False,1.0,0.019197,3729.34,77.69,2.0833,False,1607,2026-04-01,2026-04-01,fe8038e81873cb0d,True,104,0.403846,0.456121,0.067797,0.310413,0.376777,False,False,7,DOWN,SHORT_USD_LONG_COP,SHADOW,False,30,5|30,0.456442,3651.97,-0.1765,3416.68,3903.47,1.0,False,usdcop/directional_replay_2026_W14.png
2026-W14,2026-04-01,False,3658.43,transition,weekly_expanding_matured_labels,25,swing,2026-05-11,False,0.349621,0.55,DOWN,-0.00337,-0.3365,3646.12,-12.31,3418.61,3888.77,0.8,DOWN,True,False,False,1.0,0.026643,3757.21,111.09,2.9567,False,1602,2026-04-01,2026-04-01,10d56131505b0874,False,104,0.461538,0.463636,0.45,0.295447,0.467762,False,False,2,DOWN,SHORT_USD_LONG_COP,SHADOW,False,30,5|30,0.456442,3651.97,-0.1765,3416.68,3903.47,1.0,False,usdcop/directional_replay_2026_W14.png
2026-W14,2026-04-01,False,3658.43,transition,weekly_expanding_matured_labels,30,swing,2026-05-19,False,0.457769,0.6,DOWN,-0.001767,-0.1765,3651.97,-6.46,3416.68,3903.47,0.8,DOWN,True,False,False,1.0,0.035333,3790.01,138.03,3.642,False,1597,2026-04-01,2026-04-01,f5cc903ce6844b37,False,104,0.5,0.492764,0.367347,0.29229,0.470575,False,True,1,DOWN,SHORT_USD_LONG_COP,SHADOW,False,30,5|30,0.456442,3651.97,-0.1765,3416.68,3903.47,1.0,False,usdcop/directional_replay_2026_W14.png
2026-W15,2026-04-10,False,3644.39,transition,weekly_expanding_matured_labels,1,execution,2026-04-13,False,0.437552,0.55,DOWN,-0.000244,-0.0244,3643.5,-0.89,3605.35,3682.05,0.8,DOWN,True,False,False,0.0,-0.014604,3591.55,51.95,1.4464,True,1631,2026-04-10,2026-04-10,783ecbdec4595223,True,104,0.519231,0.492022,0.020408,0.254553,0.404737,False,False,6,DOWN,SHORT_USD_LONG_COP,SHADOW,False,30,5|30,0.458652,3636.98,-0.2031,3402.66,3887.45,1.0,False,usdcop/directional_replay_2026_W15.png
2026-W15,2026-04-10,False,3644.39,transition,weekly_expanding_matured_labels,5,tactical,2026-04-17,False,0.408932,0.45,DOWN,-0.00127,-0.1269,3639.76,-4.62,3540.73,3741.56,0.8,DOWN,True,False,False,0.0,-0.010998,3604.52,35.24,0.9776,True,1627,2026-04-10,2026-04-10,dbbaaeaae61164cb,False,104,0.471154,0.478889,0.277778,0.262373,0.441342,False,True,3,DOWN,SHORT_USD_LONG_COP,SHADOW,False,30,5|30,0.458652,3636.98,-0.2031,3402.66,3887.45,1.0,False,usdcop/directional_replay_2026_W15.png
2026-W15,2026-04-10,False,3644.39,transition,weekly_expanding_matured_labels,10,tactical,2026-04-24,False,0.229196,0.45,DOWN,-0.003928,-0.3921,3630.1,-14.29,3490.48,3775.31,0.8,DOWN,True,False,False,0.0,-0.023471,3559.85,70.25,1.9735,True,1622,2026-04-10,2026-04-10,ff5277be1db3a312,False,104,0.403846,0.411348,0.333333,0.269477,0.411975,False,False,5,DOWN,SHORT_USD_LONG_COP,SHADOW,False,30,5|30,0.458652,3636.98,-0.2031,3402.66,3887.45,1.0,False,usdcop/directional_replay_2026_W15.png
2026-W15,2026-04-10,False,3644.39,transition,weekly_expanding_matured_labels,15,tactical,2026-05-04,False,0.250589,0.45,DOWN,-0.004983,-0.4971,3626.27,-18.11,3448.84,3812.83,0.8,DOWN,True,False,False,1.0,0.023043,3729.34,103.07,2.7637,False,1617,2026-04-10,2026-04-10,15dc7ab56cb103d2,False,104,0.432692,0.424347,0.380952,0.267963,0.432468,False,False,4,DOWN,SHORT_USD_LONG_COP,SHADOW,False,30,5|30,0.458652,3636.98,-0.2031,3402.66,3887.45,1.0,False,usdcop/directional_replay_2026_W15.png
2026-W15,2026-04-10,False,3644.39,transition,weekly_expanding_matured_labels,20,swing,2026-05-11,False,0.311384,0.4,DOWN,-0.003136,-0.3131,3632.98,-11.41,3435.84,3841.42,0.8,DOWN,True,False,False,1.0,0.030489,3757.21,124.23,3.3066,False,1612,2026-04-10,2026-04-10,fe8038e81873cb0d,True,104,0.413462,0.464595,0.084746,0.308849,0.38548,False,False,7,DOWN,SHORT_USD_LONG_COP,SHADOW,False,30,5|30,0.458652,3636.98,-0.2031,3402.66,3887.45,1.0,False,usdcop/directional_replay_2026_W15.png
2026-W15,2026-04-10,False,3644.39,transition,weekly_expanding_matured_labels,25,swing,2026-05-19,False,0.333846,0.55,DOWN,-0.003349,-0.3343,3632.2,-12.18,3405.56,3873.93,0.8,DOWN,True,False,False,1.0,0.03918,3790.01,157.8,4.1636,False,1607,2026-04-10,2026-04-10,10d56131505b0874,False,104,0.461538,0.463636,0.45,0.294352,0.467762,False,False,2,DOWN,SHORT_USD_LONG_COP,SHADOW,False,30,5|30,0.458652,3636.98,-0.2031,3402.66,3887.45,1.0,False,usdcop/directional_replay_2026_W15.png
2026-W15,2026-04-10,False,3644.39,transition,weekly_expanding_matured_labels,30,swing,2026-05-26,False,0.457607,0.6,DOWN,-0.002033,-0.2031,3636.98,-7.4,3402.66,3887.45,0.8,DOWN,True,False,False,1.0,0.008624,3675.95,38.97,1.06,False,1602,2026-04-10,2026-04-10,f5cc903ce6844b37,False,104,0.5,0.492764,0.367347,0.291073,0.470575,False,True,1,DOWN,SHORT_USD_LONG_COP,SHADOW,False,30,5|30,0.458652,3636.98,-0.2031,3402.66,3887.45,1.0,False,usdcop/directional_replay_2026_W15.png
2026-W16,2026-04-17,False,3604.52,transition,weekly_expanding_matured_labels,1,execution,2026-04-20,False,0.454052,0.55,DOWN,-0.000299,-0.0299,3603.45,-1.08,3565.72,3641.58,0.8,DOWN,True,False,False,0.0,-0.00899,3572.27,31.18,0.8728,True,1636,2026-04-17,2026-04-17,783ecbdec4595223,True,104,0.528846,0.49256,0.020833,0.253872,0.40696,False,False,6,DOWN,SHORT_USD_LONG_COP,SHADOW,False,30,5|30,0.3487,3602.58,-0.0538,3370.47,3850.68,0.0,True,usdcop/directional_replay_2026_W16.png
2026-W16,2026-04-17,False,3604.52,transition,weekly_expanding_matured_labels,5,tactical,2026-04-24,False,0.383949,0.45,DOWN,-0.001601,-0.16,3598.76,-5.77,3500.84,3699.41,0.8,DOWN,True,False,False,0.0,-0.012473,3559.85,38.91,1.0931,True,1632,2026-04-17,2026-04-17,dbbaaeaae61164cb,False,104,0.480769,0.492393,0.290909,0.259589,0.451293,False,True,3,DOWN,SHORT_USD_LONG_COP,SHADOW,False,30,5|30,0.3487,3602.58,-0.0538,3370.47,3850.68,0.0,True,usdcop/directional_replay_2026_W16.png
2026-W16,2026-04-17,False,3604.52,transition,weekly_expanding_matured_labels,10,tactical,2026-05-04,False,0.306508,0.45,DOWN,-0.003883,-0.3876,3590.55,-13.97,3452.45,3734.18,0.8,DOWN,True,False,False,1.0,0.034041,3729.34,138.79,3.7214,False,1627,2026-04-17,2026-04-17,ff5277be1db3a312,False,104,0.413462,0.422414,0.344828,0.264715,0.420623,False,False,5,DOWN,SHORT_USD_LONG_COP,SHADOW,False,30,5|30,0.3487,3602.58,-0.0538,3370.47,3850.68,0.0,True,usdcop/directional_replay_2026_W16.png
2026-W16,2026-04-17,False,3604.52,transition,weekly_expanding_matured_labels,15,tactical,2026-05-11,False,0.312233,0.45,DOWN,-0.005495,-0.548,3584.77,-19.75,3409.37,3769.19,0.8,DOWN,True,False,False,1.0,0.041487,3757.21,172.44,4.5896,False,1622,2026-04-17,2026-04-17,15dc7ab56cb103d2,False,104,0.432692,0.424347,0.380952,0.267719,0.432468,False,False,4,DOWN,SHORT_USD_LONG_COP,SHADOW,False,30,5|30,0.3487,3602.58,-0.0538,3370.47,3850.68,0.0,True,usdcop/directional_replay_2026_W16.png
2026-W16,2026-04-17,False,3604.52,transition,weekly_expanding_matured_labels,20,swing,2026-05-19,False,0.382938,0.4,DOWN,-0.002289,-0.2287,3596.28,-8.24,3401.14,3802.63,0.8,DOWN,True,False,False,1.0,0.050178,3790.01,193.72,5.1114,False,1617,2026-04-17,2026-04-17,fe8038e81873cb0d,True,104,0.423077,0.47307,0.101695,0.307135,0.394182,False,False,7,DOWN,SHORT_USD_LONG_COP,SHADOW,False,30,5|30,0.3487,3602.58,-0.0538,3370.47,3850.68,0.0,True,usdcop/directional_replay_2026_W16.png
2026-W16,2026-04-17,False,3604.52,transition,weekly_expanding_matured_labels,25,swing,2026-05-26,False,0.402583,0.55,DOWN,-0.002792,-0.2788,3594.48,-10.05,3370.19,3833.69,0.8,DOWN,True,False,False,1.0,0.019622,3675.95,81.47,2.2164,False,1612,2026-04-17,2026-04-17,10d56131505b0874,False,104,0.461538,0.463636,0.45,0.293401,0.467762,False,False,2,DOWN,SHORT_USD_LONG_COP,SHADOW,False,30,5|30,0.3487,3602.58,-0.0538,3370.47,3850.68,0.0,True,usdcop/directional_replay_2026_W16.png
2026-W16,2026-04-17,False,3604.52,transition,weekly_expanding_matured_labels,30,swing,2026-06-02,False,0.526571,0.6,DOWN,-0.000538,-0.0538,3602.58,-1.94,3370.47,3850.68,0.8,DOWN,True,False,False,0.0,-0.006482,3581.24,21.35,0.5961,True,1607,2026-04-17,2026-04-17,f5cc903ce6844b37,False,104,0.5,0.492764,0.367347,0.290054,0.470575,False,True,1,DOWN,SHORT_USD_LONG_COP,SHADOW,False,30,5|30,0.3487,3602.58,-0.0538,3370.47,3850.68,0.0,True,usdcop/directional_replay_2026_W16.png
2026-W17,2026-04-24,False,3559.85,transition,weekly_expanding_matured_labels,1,execution,2026-04-27,False,0.436472,0.55,DOWN,-0.00035,-0.035,3558.6,-1.25,3521.34,3596.25,0.8,DOWN,True,False,False,1.0,0.013446,3608.03,49.44,1.3702,False,1641,2026-04-24,2026-04-24,783ecbdec4595223,True,104,0.538462,0.493094,0.021277,0.25312,0.409185,False,False,6,DOWN,SHORT_USD_LONG_COP,SHADOW,False,30,5|30,0.43142,3556.32,-0.0991,3327.19,3801.22,0.0,True,usdcop/directional_replay_2026_W17.png
2026-W17,2026-04-24,False,3559.85,transition,weekly_expanding_matured_labels,5,tactical,2026-05-04,False,0.359173,0.45,DOWN,-0.001728,-0.1726,3553.7,-6.15,3457.01,3653.09,0.8,DOWN,True,False,False,1.0,0.046514,3729.34,175.64,4.7097,False,1637,2026-04-24,2026-04-24,dbbaaeaae61164cb,False,104,0.480769,0.492393,0.290909,0.259884,0.451293,False,True,3,DOWN,SHORT_USD_LONG_COP,SHADOW,False,30,5|30,0.43142,3556.32,-0.0991,3327.19,3801.22,0.0,True,usdcop/directional_replay_2026_W17.png
2026-W17,2026-04-24,False,3559.85,transition,weekly_expanding_matured_labels,10,tactical,2026-05-11,False,0.283918,0.45,DOWN,-0.004801,-0.4789,3542.8,-17.05,3406.53,3684.51,0.8,DOWN,True,False,False,1.0,0.05396,3757.21,214.42,5.7068,False,1632,2026-04-24,2026-04-24,ff5277be1db3a312,False,104,0.423077,0.433522,0.355932,0.260341,0.42921,False,False,5,DOWN,SHORT_USD_LONG_COP,SHADOW,False,30,5|30,0.43142,3556.32,-0.0991,3327.19,3801.22,0.0,True,usdcop/directional_replay_2026_W17.png
2026-W17,2026-04-24,False,3559.85,transition,weekly_expanding_matured_labels,15,tactical,2026-05-19,False,0.288175,0.45,DOWN,-0.006508,-0.6486,3536.75,-23.09,3363.71,3718.7,0.8,DOWN,True,False,False,1.0,0.062651,3790.01,253.25,6.6821,False,1627,2026-04-24,2026-04-24,15dc7ab56cb103d2,False,104,0.451923,0.442188,0.4,0.260921,0.44726,False,False,4,DOWN,SHORT_USD_LONG_COP,SHADOW,False,30,5|30,0.43142,3556.32,-0.0991,3327.19,3801.22,0.0,True,usdcop/directional_replay_2026_W17.png
2026-W17,2026-04-24,False,3559.85,transition,weekly_expanding_matured_labels,20,swing,2026-05-26,False,0.374321,0.4,DOWN,-0.002729,-0.2725,3550.14,-9.7,3357.5,3753.84,0.8,DOWN,True,False,False,1.0,0.032095,3675.95,125.81,3.4224,False,1622,2026-04-24,2026-04-24,fe8038e81873cb0d,True,104,0.423077,0.478788,0.116667,0.304766,0.399464,False,False,7,DOWN,SHORT_USD_LONG_COP,SHADOW,False,30,5|30,0.43142,3556.32,-0.0991,3327.19,3801.22,0.0,True,usdcop/directional_replay_2026_W17.png
2026-W17,2026-04-24,False,3559.85,transition,weekly_expanding_matured_labels,25,swing,2026-06-02,False,0.392968,0.55,DOWN,-0.003233,-0.3228,3548.35,-11.49,3326.95,3784.5,0.8,DOWN,True,False,False,1.0,0.005991,3581.24,32.88,0.9182,False,1617,2026-04-24,2026-04-24,10d56131505b0874,False,104,0.471154,0.473694,0.459016,0.291941,0.475512,False,False,2,DOWN,SHORT_USD_LONG_COP,SHADOW,False,30,5|30,0.43142,3556.32,-0.0991,3327.19,3801.22,0.0,True,usdcop/directional_replay_2026_W17.png
2026-W17,2026-04-24,False,3559.85,transition,weekly_expanding_matured_labels,30,swing,2026-06-10,False,0.518259,0.6,DOWN,-0.000992,-0.0991,3556.32,-3.53,3327.19,3801.22,0.8,DOWN,True,False,False,0.0,-0.001178,3555.66,0.66,0.0186,True,1612,2026-04-24,2026-04-24,f5cc903ce6844b37,False,104,0.509615,0.5,0.375,0.289983,0.476923,False,True,1,DOWN,SHORT_USD_LONG_COP,SHADOW,False,30,5|30,0.43142,3556.32,-0.0991,3327.19,3801.22,0.0,True,usdcop/directional_replay_2026_W17.png
2026-W18,2026-04-30,False,3644.23,transition,weekly_expanding_matured_labels,1,execution,2026-05-04,False,0.422593,0.55,DOWN,-0.000341,-0.0341,3642.99,-1.24,3604.84,3681.53,0.8,DOWN,True,False,False,1.0,0.023086,3729.34,86.35,2.3155,False,1645,2026-04-30,2026-04-30,783ecbdec4595223,True,104,0.538462,0.493094,0.021277,0.253914,0.409185,False,False,6,DOWN,SHORT_USD_LONG_COP,SHADOW,False,30,5|30,0.361195,3638.82,-0.1484,3404.38,3889.41,0.0,True,usdcop/directional_replay_2026_W18.png
2026-W18,2026-04-30,False,3644.23,transition,weekly_expanding_matured_labels,5,tactical,2026-05-08,False,0.397454,0.45,DOWN,-0.001527,-0.1525,3638.67,-5.56,3539.67,3740.44,0.8,DOWN,True,False,False,1.0,0.027348,3745.27,106.6,2.8462,False,1641,2026-04-30,2026-04-30,dbbaaeaae61164cb,False,104,0.480769,0.492393,0.290909,0.259884,0.451293,False,True,3,DOWN,SHORT_USD_LONG_COP,SHADOW,False,30,5|30,0.361195,3638.82,-0.1484,3404.38,3889.41,0.0,True,usdcop/directional_replay_2026_W18.png
2026-W18,2026-04-30,False,3644.23,transition,weekly_expanding_matured_labels,10,tactical,2026-05-15,False,0.361412,0.45,DOWN,-0.004284,-0.4275,3628.65,-15.58,3489.08,3773.8,0.8,DOWN,True,False,False,1.0,0.04192,3800.24,171.59,4.5153,False,1636,2026-04-30,2026-04-30,ff5277be1db3a312,False,104,0.423077,0.433522,0.355932,0.260341,0.42921,False,False,5,DOWN,SHORT_USD_LONG_COP,SHADOW,False,30,5|30,0.361195,3638.82,-0.1484,3404.38,3889.41,0.0,True,usdcop/directional_replay_2026_W18.png
2026-W18,2026-04-30,False,3644.23,transition,weekly_expanding_matured_labels,15,tactical,2026-05-25,False,0.285751,0.45,DOWN,-0.006598,-0.6576,3620.26,-23.97,3443.13,3806.51,0.8,DOWN,True,False,False,1.0,0.000947,3647.68,27.42,0.7517,False,1631,2026-04-30,2026-04-30,15dc7ab56cb103d2,False,104,0.451923,0.442188,0.4,0.260921,0.44726,False,False,4,DOWN,SHORT_USD_LONG_COP,SHADOW,False,30,5|30,0.361195,3638.82,-0.1484,3404.38,3889.41,0.0,True,usdcop/directional_replay_2026_W18.png
2026-W18,2026-04-30,False,3644.23,transition,weekly_expanding_matured_labels,20,swing,2026-06-01,False,0.377872,0.4,DOWN,-0.002833,-0.2829,3633.92,-10.31,3436.73,3842.42,0.8,DOWN,True,False,False,0.0,-0.020751,3569.39,64.53,1.808,True,1626,2026-04-30,2026-04-30,fe8038e81873cb0d,True,104,0.423077,0.484178,0.131148,0.302459,0.404516,False,False,7,DOWN,SHORT_USD_LONG_COP,SHADOW,False,30,5|30,0.361195,3638.82,-0.1484,3404.38,3889.41,0.0,True,usdcop/directional_replay_2026_W18.png
2026-W18,2026-04-30,False,3644.23,transition,weekly_expanding_matured_labels,25,swing,2026-06-09,False,0.389147,0.55,DOWN,-0.003633,-0.3627,3631.01,-13.22,3404.45,3872.66,0.8,DOWN,True,False,False,0.0,-0.02047,3570.39,60.62,1.6979,True,1621,2026-04-30,2026-04-30,10d56131505b0874,False,104,0.480769,0.483871,0.467742,0.288665,0.483251,False,False,2,DOWN,SHORT_USD_LONG_COP,SHADOW,False,30,5|30,0.361195,3638.82,-0.1484,3404.38,3889.41,0.0,True,usdcop/directional_replay_2026_W18.png
2026-W18,2026-04-30,False,3644.23,transition,weekly_expanding_matured_labels,30,swing,2026-06-17,False,0.508068,0.6,DOWN,-0.001485,-0.1484,3638.82,-5.41,3404.38,3889.41,0.8,DOWN,True,False,False,0.0,-0.055573,3447.23,191.59,5.5578,True,1616,2026-04-30,2026-04-30,f5cc903ce6844b37,False,104,0.519231,0.507279,0.382979,0.289638,0.483353,False,True,1,DOWN,SHORT_USD_LONG_COP,SHADOW,False,30,5|30,0.361195,3638.82,-0.1484,3404.38,3889.41,0.0,True,usdcop/directional_replay_2026_W18.png
2026-W19,2026-05-08,False,3745.27,transition,weekly_expanding_matured_labels,1,execution,2026-05-11,False,0.467689,0.55,DOWN,-0.000348,-0.0348,3743.96,-1.3,3704.76,3783.58,0.8,DOWN,True,False,False,1.0,0.003184,3757.21,13.25,0.3526,False,1650,2026-05-08,2026-05-08,783ecbdec4595223,True,104,0.528846,0.49256,0.020833,0.255208,0.40696,False,False,6,DOWN,SHORT_USD_LONG_COP,SHADOW,False,30,15|30,0.415825,3738.45,-0.182,3497.59,3995.9,0.0,True,usdcop/directional_replay_2026_W19.png
2026-W19,2026-05-08,False,3745.27,transition,weekly_expanding_matured_labels,5,tactical,2026-05-15,False,0.423679,0.45,DOWN,-0.001008,-0.1007,3741.49,-3.77,3639.7,3846.14,0.8,DOWN,True,False,False,1.0,0.014572,3800.24,58.75,1.5459,False,1646,2026-05-08,2026-05-08,dbbaaeaae61164cb,False,104,0.471154,0.478889,0.277778,0.262807,0.441342,False,False,4,DOWN,SHORT_USD_LONG_COP,SHADOW,False,30,15|30,0.415825,3738.45,-0.182,3497.59,3995.9,0.0,True,usdcop/directional_replay_2026_W19.png
2026-W19,2026-05-08,False,3745.27,transition,weekly_expanding_matured_labels,10,tactical,2026-05-25,False,0.440336,0.45,DOWN,-0.002226,-0.2223,3736.94,-8.33,3593.21,3886.42,0.8,DOWN,True,False,False,0.0,-0.026401,3647.68,89.26,2.447,True,1641,2026-05-08,2026-05-08,ff5277be1db3a312,False,104,0.423077,0.433522,0.355932,0.260852,0.42921,False,False,5,DOWN,SHORT_USD_LONG_COP,SHADOW,False,30,15|30,0.415825,3738.45,-0.182,3497.59,3995.9,0.0,True,usdcop/directional_replay_2026_W19.png
2026-W19,2026-05-08,False,3745.27,transition,weekly_expanding_matured_labels,15,tactical,2026-06-01,False,0.370785,0.45,DOWN,-0.004946,-0.4933,3726.79,-18.48,3544.44,3918.52,0.8,DOWN,True,False,False,0.0,-0.048099,3569.39,157.4,4.4098,True,1636,2026-05-08,2026-05-08,15dc7ab56cb103d2,False,104,0.451923,0.442188,0.4,0.261568,0.44726,False,True,3,DOWN,SHORT_USD_LONG_COP,SHADOW,False,30,15|30,0.415825,3738.45,-0.182,3497.59,3995.9,0.0,True,usdcop/directional_replay_2026_W19.png
2026-W19,2026-05-08,False,3745.27,transition,weekly_expanding_matured_labels,20,swing,2026-06-09,False,0.406591,0.4,UP,-0.002553,-0.2549,3735.72,-9.55,3533.01,3950.06,0.8,DOWN,False,False,False,0.0,-0.047818,3570.39,165.33,4.6305,False,1631,2026-05-08,2026-05-08,fe8038e81873cb0d,True,104,0.413462,0.472551,0.131148,0.303256,0.397942,False,False,7,DOWN,SHORT_USD_LONG_COP,SHADOW,False,30,15|30,0.415825,3738.45,-0.182,3497.59,3995.9,0.0,True,usdcop/directional_replay_2026_W19.png
2026-W19,2026-05-08,False,3745.27,transition,weekly_expanding_matured_labels,25,swing,2026-06-17,False,0.409482,0.55,DOWN,-0.003662,-0.3655,3731.58,-13.69,3498.74,3979.91,0.8,DOWN,True,False,False,0.0,-0.082921,3447.23,284.35,8.2485,True,1626,2026-05-08,2026-05-08,10d56131505b0874,False,104,0.480769,0.483871,0.467742,0.288158,0.483251,False,False,2,DOWN,SHORT_USD_LONG_COP,SHADOW,False,30,15|30,0.415825,3738.45,-0.182,3497.59,3995.9,0.0,True,usdcop/directional_replay_2026_W19.png
2026-W19,2026-05-08,False,3745.27,transition,weekly_expanding_matured_labels,30,swing,2026-06-24,False,0.512885,0.6,DOWN,-0.001821,-0.182,3738.45,-6.82,3497.59,3995.9,0.8,DOWN,True,False,False,0.0,-0.086628,3434.48,303.97,8.8506,True,1621,2026-05-08,2026-05-08,f5cc903ce6844b37,False,104,0.519231,0.507279,0.382979,0.288207,0.483353,False,True,1,DOWN,SHORT_USD_LONG_COP,SHADOW,False,30,15|30,0.415825,3738.45,-0.182,3497.59,3995.9,0.0,True,usdcop/directional_replay_2026_W19.png
2026-W20,2026-05-15,False,3800.24,risk_on,weekly_expanding_matured_labels,1,execution,2026-05-19,False,0.49799,0.55,DOWN,-0.000204,-0.0204,3799.47,-0.78,3759.68,3839.67,0.8,DOWN,True,False,False,0.0,-0.002697,3790.01,9.46,0.2496,True,1655,2026-05-15,2026-05-15,783ecbdec4595223,True,104,0.528846,0.501113,0.020408,0.254979,0.410296,False,False,6,DOWN,SHORT_USD_LONG_COP,SHADOW,False,30,15|30,0.693035,3771.65,-0.7524,3528.65,4031.39,0.0,True,usdcop/directional_replay_2026_W20.png
2026-W20,2026-05-15,False,3800.24,risk_on,weekly_expanding_matured_labels,5,tactical,2026-05-25,False,0.405541,0.45,DOWN,-0.00104,-0.1039,3796.29,-3.95,3693.0,3902.47,0.8,DOWN,True,False,False,0.0,-0.040973,3647.68,148.61,4.0741,True,1651,2026-05-15,2026-05-15,dbbaaeaae61164cb,False,104,0.461538,0.465409,0.264151,0.265096,0.431301,False,False,4,DOWN,SHORT_USD_LONG_COP,SHADOW,False,30,15|30,0.693035,3771.65,-0.7524,3528.65,4031.39,0.0,True,usdcop/directional_replay_2026_W20.png
2026-W20,2026-05-15,False,3800.24,risk_on,weekly_expanding_matured_labels,10,tactical,2026-06-01,False,0.365063,0.45,DOWN,-0.001889,-0.1887,3793.07,-7.17,3647.18,3944.8,0.8,DOWN,True,False,False,0.0,-0.062671,3569.39,223.69,6.2668,True,1646,2026-05-15,2026-05-15,ff5277be1db3a312,False,104,0.413462,0.420119,0.350877,0.265923,0.420916,False,False,5,DOWN,SHORT_USD_LONG_COP,SHADOW,False,30,15|30,0.693035,3771.65,-0.7524,3528.65,4031.39,0.0,True,usdcop/directional_replay_2026_W20.png
2026-W20,2026-05-15,False,3800.24,risk_on,weekly_expanding_matured_labels,15,tactical,2026-06-09,False,0.371428,0.45,DOWN,-0.003175,-0.317,3788.19,-12.05,3602.84,3983.08,0.8,DOWN,True,False,False,0.0,-0.06239,3570.39,217.8,6.1003,True,1641,2026-05-15,2026-05-15,15dc7ab56cb103d2,False,104,0.442308,0.433217,0.390244,0.264536,0.439797,False,True,3,DOWN,SHORT_USD_LONG_COP,SHADOW,False,30,15|30,0.693035,3771.65,-0.7524,3528.65,4031.39,0.0,True,usdcop/directional_replay_2026_W20.png
2026-W20,2026-05-15,False,3800.24,risk_on,weekly_expanding_matured_labels,20,swing,2026-06-17,False,0.325363,0.4,DOWN,-0.005497,-0.5482,3779.41,-20.83,3574.33,3996.26,0.8,DOWN,True,False,False,0.0,-0.097493,3447.23,332.18,9.6361,True,1636,2026-05-15,2026-05-15,fe8038e81873cb0d,True,104,0.403846,0.460923,0.131148,0.3049,0.391368,False,False,7,DOWN,SHORT_USD_LONG_COP,SHADOW,False,30,15|30,0.693035,3771.65,-0.7524,3528.65,4031.39,0.0,True,usdcop/directional_replay_2026_W20.png
2026-W20,2026-05-15,False,3800.24,risk_on,weekly_expanding_matured_labels,25,swing,2026-06-24,False,0.315148,0.55,DOWN,-0.00781,-0.778,3770.68,-29.56,3535.4,4021.62,0.8,DOWN,True,False,False,0.0,-0.1012,3434.48,336.2,9.789,True,1631,2026-05-15,2026-05-15,10d56131505b0874,False,104,0.480769,0.483871,0.467742,0.287603,0.483251,False,False,2,DOWN,SHORT_USD_LONG_COP,SHADOW,False,30,15|30,0.693035,3771.65,-0.7524,3528.65,4031.39,0.0,True,usdcop/directional_replay_2026_W20.png
2026-W20,2026-05-15,False,3800.24,risk_on,weekly_expanding_matured_labels,30,swing,2026-07-02,False,0.401358,0.6,DOWN,-0.007552,-0.7524,3771.65,-28.59,3528.65,4031.39,0.8,DOWN,True,False,False,0.0,-0.121913,3364.07,407.58,12.1157,True,1626,2026-05-15,2026-05-15,f5cc903ce6844b37,False,104,0.519231,0.507279,0.382979,0.286762,0.483353,False,True,1,DOWN,SHORT_USD_LONG_COP,SHADOW,False,30,15|30,0.693035,3771.65,-0.7524,3528.65,4031.39,0.0,True,usdcop/directional_replay_2026_W20.png
2026-W21,2026-05-22,False,3677.57,transition,weekly_expanding_matured_labels,1,execution,2026-05-25,False,0.471615,0.55,DOWN,-0.00016,-0.016,3676.99,-0.59,3638.49,3715.9,0.8,DOWN,True,False,False,0.0,-0.008162,3647.68,29.31,0.8034,True,1659,2026-05-22,2026-05-22,783ecbdec4595223,True,104,0.528846,0.501113,0.020408,0.255311,0.410296,False,False,6,DOWN,SHORT_USD_LONG_COP,SHADOW,False,30,15|30,0.575285,3651.66,-0.7048,3416.38,3903.13,0.0,True,usdcop/directional_replay_2026_W21.png
2026-W21,2026-05-22,False,3677.57,transition,weekly_expanding_matured_labels,5,tactical,2026-05-29,False,0.387089,0.45,DOWN,-0.001161,-0.116,3673.31,-4.27,3573.36,3776.05,0.8,DOWN,True,False,False,1.0,0.006168,3700.33,27.02,0.7302,False,1655,2026-05-22,2026-05-22,dbbaaeaae61164cb,False,104,0.461538,0.465409,0.264151,0.265096,0.431301,False,False,4,DOWN,SHORT_USD_LONG_COP,SHADOW,False,30,15|30,0.575285,3651.66,-0.7048,3416.38,3903.13,0.0,True,usdcop/directional_replay_2026_W21.png
2026-W21,2026-05-22,False,3677.57,transition,weekly_expanding_matured_labels,10,tactical,2026-06-05,False,0.374006,0.45,DOWN,-0.001972,-0.197,3670.33,-7.25,3529.16,3817.15,0.8,DOWN,True,False,False,0.0,-0.021026,3601.06,69.27,1.9236,True,1650,2026-05-22,2026-05-22,ff5277be1db3a312,False,104,0.413462,0.420119,0.350877,0.265923,0.420916,False,False,5,DOWN,SHORT_USD_LONG_COP,SHADOW,False,30,15|30,0.575285,3651.66,-0.7048,3416.38,3903.13,0.0,True,usdcop/directional_replay_2026_W21.png
2026-W21,2026-05-22,False,3677.57,transition,weekly_expanding_matured_labels,15,tactical,2026-06-16,False,0.409453,0.45,DOWN,-0.002344,-0.2341,3668.96,-8.61,3489.45,3857.72,0.8,DOWN,True,False,False,0.0,-0.069533,3430.55,238.42,6.9498,True,1645,2026-05-22,2026-05-22,15dc7ab56cb103d2,False,104,0.442308,0.432412,0.380952,0.267312,0.437617,False,True,3,DOWN,SHORT_USD_LONG_COP,SHADOW,False,30,15|30,0.575285,3651.66,-0.7048,3416.38,3903.13,0.0,True,usdcop/directional_replay_2026_W21.png
2026-W21,2026-05-22,False,3677.57,transition,weekly_expanding_matured_labels,20,swing,2026-06-23,False,0.343994,0.4,DOWN,-0.004195,-0.4186,3662.18,-15.39,3463.46,3872.3,0.8,DOWN,True,False,False,0.0,-0.070577,3426.97,235.21,6.8634,True,1640,2026-05-22,2026-05-22,fe8038e81873cb0d,True,104,0.403846,0.45303,0.133333,0.306309,0.388648,False,False,7,DOWN,SHORT_USD_LONG_COP,SHADOW,False,30,15|30,0.575285,3651.66,-0.7048,3416.38,3903.13,0.0,True,usdcop/directional_replay_2026_W21.png
2026-W21,2026-05-22,False,3677.57,transition,weekly_expanding_matured_labels,25,swing,2026-07-01,False,0.328129,0.55,DOWN,-0.00692,-0.6896,3652.21,-25.36,3424.32,3895.27,0.8,DOWN,True,False,False,0.0,-0.085474,3376.3,275.91,8.1721,True,1635,2026-05-22,2026-05-22,10d56131505b0874,False,104,0.471154,0.473694,0.459016,0.290799,0.475512,False,False,2,DOWN,SHORT_USD_LONG_COP,SHADOW,False,30,15|30,0.575285,3651.66,-0.7048,3416.38,3903.13,0.0,True,usdcop/directional_replay_2026_W21.png
2026-W21,2026-05-22,False,3677.57,transition,weekly_expanding_matured_labels,30,swing,2026-07-08,False,0.410433,0.6,DOWN,-0.007073,-0.7048,3651.66,-25.92,3416.38,3903.13,0.8,DOWN,True,False,False,0.0,-0.096548,3339.11,312.54,9.36,True,1630,2026-05-22,2026-05-22,f5cc903ce6844b37,False,104,0.519231,0.507279,0.382979,0.285005,0.483353,False,True,1,DOWN,SHORT_USD_LONG_COP,SHADOW,False,30,15|30,0.575285,3651.66,-0.7048,3416.38,3903.13,0.0,True,usdcop/directional_replay_2026_W21.png
2026-W22,2026-05-29,False,3700.33,risk_on,weekly_expanding_matured_labels,1,execution,2026-06-01,False,0.50006,0.55,DOWN,-0.000129,-0.0129,3699.85,-0.48,3661.11,3739.0,0.8,DOWN,True,False,False,0.0,-0.036028,3569.39,130.47,3.6551,True,1664,2026-05-29,2026-05-29,783ecbdec4595223,True,104,0.528846,0.501113,0.020408,0.255577,0.410296,False,False,6,DOWN,SHORT_USD_LONG_COP,SHADOW,False,30,15|30,0.606797,3673.66,-0.7208,3436.97,3926.65,0.0,True,usdcop/directional_replay_2026_W22.png
2026-W22,2026-05-29,False,3700.33,risk_on,weekly_expanding_matured_labels,5,tactical,2026-06-05,False,0.423846,0.45,DOWN,-0.001282,-0.1281,3695.59,-4.74,3595.04,3798.95,0.8,DOWN,True,False,False,0.0,-0.027194,3601.06,94.53,2.6251,True,1660,2026-05-29,2026-05-29,dbbaaeaae61164cb,False,104,0.461538,0.465409,0.264151,0.264728,0.431301,False,False,4,DOWN,SHORT_USD_LONG_COP,SHADOW,False,30,15|30,0.606797,3673.66,-0.7208,3436.97,3926.65,0.0,True,usdcop/directional_replay_2026_W22.png
2026-W22,2026-05-29,False,3700.33,risk_on,weekly_expanding_matured_labels,10,tactical,2026-06-16,False,0.356237,0.45,DOWN,-0.002897,-0.2893,3689.62,-10.7,3547.71,3837.21,0.8,DOWN,True,False,False,0.0,-0.075701,3430.55,259.08,7.552,True,1655,2026-05-29,2026-05-29,ff5277be1db3a312,False,104,0.413462,0.420119,0.350877,0.266508,0.420916,False,False,5,DOWN,SHORT_USD_LONG_COP,SHADOW,False,30,15|30,0.606797,3673.66,-0.7208,3436.97,3926.65,0.0,True,usdcop/directional_replay_2026_W22.png
2026-W22,2026-05-29,False,3700.33,risk_on,weekly_expanding_matured_labels,15,tactical,2026-06-23,False,0.393894,0.45,DOWN,-0.002845,-0.2841,3689.82,-10.51,3509.28,3879.64,0.8,DOWN,True,False,False,0.0,-0.076745,3426.97,262.85,7.6699,True,1650,2026-05-29,2026-05-29,15dc7ab56cb103d2,False,104,0.442308,0.431948,0.372093,0.269349,0.435659,False,True,3,DOWN,SHORT_USD_LONG_COP,SHADOW,False,30,15|30,0.606797,3673.66,-0.7208,3436.97,3926.65,0.0,True,usdcop/directional_replay_2026_W22.png
2026-W22,2026-05-29,False,3700.33,risk_on,weekly_expanding_matured_labels,20,swing,2026-07-01,False,0.357484,0.4,DOWN,-0.004086,-0.4078,3685.24,-15.09,3485.26,3896.68,0.8,DOWN,True,False,False,0.0,-0.091642,3376.3,308.94,9.1502,True,1645,2026-05-29,2026-05-29,fe8038e81873cb0d,True,104,0.403846,0.445574,0.135593,0.307175,0.386118,False,False,7,DOWN,SHORT_USD_LONG_COP,SHADOW,False,30,15|30,0.606797,3673.66,-0.7208,3436.97,3926.65,0.0,True,usdcop/directional_replay_2026_W22.png
2026-W22,2026-05-29,False,3700.33,risk_on,weekly_expanding_matured_labels,25,swing,2026-07-08,False,0.337587,0.55,DOWN,-0.006925,-0.6901,3674.79,-25.54,3445.5,3919.35,0.8,DOWN,True,False,False,0.0,-0.102716,3339.11,335.68,10.0529,True,1640,2026-05-29,2026-05-29,10d56131505b0874,False,104,0.471154,0.47197,0.466667,0.291297,0.476352,False,False,2,DOWN,SHORT_USD_LONG_COP,SHADOW,False,30,15|30,0.606797,3673.66,-0.7208,3436.97,3926.65,0.0,True,usdcop/directional_replay_2026_W22.png
2026-W22,2026-05-29,False,3700.33,risk_on,weekly_expanding_matured_labels,30,swing,2026-07-15,False,0.413387,0.6,DOWN,-0.007234,-0.7208,3673.66,-26.67,3436.97,3926.65,0.8,DOWN,True,False,False,0.0,-0.137552,3224.8,448.86,13.919,True,1635,2026-05-29,2026-05-29,f5cc903ce6844b37,False,104,0.519231,0.507279,0.382979,0.283452,0.483353,False,True,1,DOWN,SHORT_USD_LONG_COP,SHADOW,False,30,15|30,0.606797,3673.66,-0.7208,3436.97,3926.65,0.0,True,usdcop/directional_replay_2026_W22.png
2026-W23,2026-06-05,False,3601.06,transition,weekly_expanding_matured_labels,1,execution,2026-06-09,False,0.561689,0.55,UP,-6.3e-05,-0.0063,3600.83,-0.23,3563.13,3638.93,0.8,DOWN,False,False,False,0.0,-0.008553,3570.39,30.44,0.8526,False,1669,2026-06-05,2026-06-05,783ecbdec4595223,True,104,0.528846,0.501113,0.020408,0.256209,0.410296,False,False,6,FLAT,FLAT,ABSTAIN,False,30,5|30,0.0,3573.2,-0.7737,3342.98,3819.27,,,usdcop/directional_replay_2026_W23.png
2026-W23,2026-06-05,False,3601.06,transition,weekly_expanding_matured_labels,5,tactical,2026-06-16,False,0.460815,0.45,UP,-0.001132,-0.1131,3596.98,-4.07,3499.12,3697.59,0.8,DOWN,False,False,False,0.0,-0.048507,3430.55,166.44,4.8516,False,1665,2026-06-05,2026-06-05,dbbaaeaae61164cb,False,104,0.471154,0.478889,0.277778,0.262781,0.441342,False,True,3,FLAT,FLAT,ABSTAIN,False,30,5|30,0.0,3573.2,-0.7737,3342.98,3819.27,,,usdcop/directional_replay_2026_W23.png
2026-W23,2026-06-05,False,3601.06,transition,weekly_expanding_matured_labels,10,tactical,2026-06-23,False,0.382119,0.45,DOWN,-0.004128,-0.4119,3586.22,-14.83,3448.29,3729.68,0.8,DOWN,True,False,False,0.0,-0.049551,3426.97,159.25,4.647,True,1660,2026-06-05,2026-06-05,ff5277be1db3a312,False,104,0.432692,0.441996,0.372881,0.261997,0.437913,False,False,4,FLAT,FLAT,ABSTAIN,False,30,5|30,0.0,3573.2,-0.7737,3342.98,3819.27,,,usdcop/directional_replay_2026_W23.png
2026-W23,2026-06-05,False,3601.06,transition,weekly_expanding_matured_labels,15,tactical,2026-07-01,False,0.422953,0.45,DOWN,-0.003991,-0.3983,3586.72,-14.34,3411.22,3771.24,0.8,DOWN,True,False,False,0.0,-0.064448,3376.3,210.42,6.2322,True,1655,2026-06-05,2026-06-05,15dc7ab56cb103d2,False,104,0.442308,0.431948,0.372093,0.268966,0.435659,False,False,5,FLAT,FLAT,ABSTAIN,False,30,5|30,0.0,3573.2,-0.7737,3342.98,3819.27,,,usdcop/directional_replay_2026_W23.png
2026-W23,2026-06-05,False,3601.06,transition,weekly_expanding_matured_labels,20,swing,2026-07-08,False,0.387118,0.4,DOWN,-0.003111,-0.3106,3589.87,-11.18,3395.07,3795.85,0.8,DOWN,True,False,False,0.0,-0.075522,3339.11,250.76,7.5097,True,1650,2026-06-05,2026-06-05,fe8038e81873cb0d,True,104,0.413462,0.454049,0.152542,0.305556,0.39482,False,False,7,FLAT,FLAT,ABSTAIN,False,30,5|30,0.0,3573.2,-0.7737,3342.98,3819.27,,,usdcop/directional_replay_2026_W23.png
2026-W23,2026-06-05,False,3601.06,transition,weekly_expanding_matured_labels,25,swing,2026-07-15,False,0.364466,0.55,DOWN,-0.006463,-0.6442,3577.86,-23.2,3354.61,3815.97,0.8,DOWN,True,False,False,0.0,-0.110358,3224.8,353.06,10.9484,True,1645,2026-06-05,2026-06-05,10d56131505b0874,False,104,0.471154,0.470621,0.466667,0.291437,0.475813,False,False,2,FLAT,FLAT,ABSTAIN,False,30,5|30,0.0,3573.2,-0.7737,3342.98,3819.27,,,usdcop/directional_replay_2026_W23.png
2026-W23,2026-06-05,False,3601.06,transition,weekly_expanding_matured_labels,30,swing,2026-07-17,True,0.407557,0.6,DOWN,-0.007767,-0.7737,3573.2,-27.86,3342.98,3819.27,0.8,DOWN,True,False,False,,,,,,,1640,2026-06-05,2026-06-05,f5cc903ce6844b37,False,104,0.519231,0.507279,0.382979,0.282689,0.483353,False,True,1,FLAT,FLAT,ABSTAIN,False,30,5|30,0.0,3573.2,-0.7737,3342.98,3819.27,,,usdcop/directional_replay_2026_W23.png
2026-W24,2026-06-12,False,3481.44,transition,weekly_expanding_matured_labels,1,execution,2026-06-16,False,0.5056,0.55,DOWN,-0.000334,-0.0334,3480.28,-1.16,3443.84,3517.11,0.8,DOWN,True,False,False,0.0,-0.014726,3430.55,49.73,1.4496,True,1673,2026-06-12,2026-06-12,783ecbdec4595223,True,104,0.528846,0.49256,0.020833,0.255886,0.40696,False,False,6,UP,LONG_USD_SHORT_COP,SHADOW,False,30,15|30,0.554108,3475.17,-0.1802,3251.27,3714.49,,,usdcop/directional_replay_2026_W24.png
2026-W24,2026-06-12,False,3481.44,transition,weekly_expanding_matured_labels,5,tactical,2026-06-22,False,0.243453,0.45,DOWN,-0.003323,-0.3318,3469.89,-11.55,3375.48,3566.94,0.8,DOWN,True,False,False,0.0,-0.014207,3432.33,37.56,1.0943,True,1669,2026-06-12,2026-06-12,dbbaaeaae61164cb,False,104,0.471154,0.478889,0.277778,0.262781,0.441342,False,False,4,UP,LONG_USD_SHORT_COP,SHADOW,False,30,15|30,0.554108,3475.17,-0.1802,3251.27,3714.49,,,usdcop/directional_replay_2026_W24.png
2026-W24,2026-06-12,False,3481.44,transition,weekly_expanding_matured_labels,10,tactical,2026-06-30,False,0.599212,0.45,UP,-0.003713,-0.3706,3468.54,-12.9,3335.13,3607.28,0.8,DOWN,False,False,False,0.0,-0.01688,3423.17,45.37,1.3254,False,1664,2026-06-12,2026-06-12,ff5277be1db3a312,False,104,0.432692,0.441996,0.372881,0.261997,0.437913,False,False,5,UP,LONG_USD_SHORT_COP,SHADOW,False,30,15|30,0.554108,3475.17,-0.1802,3251.27,3714.49,,,usdcop/directional_replay_2026_W24.png
2026-W24,2026-06-12,False,3481.44,transition,weekly_expanding_matured_labels,15,tactical,2026-07-07,False,0.627337,0.45,UP,-0.003502,-0.3496,3469.27,-12.17,3299.52,3647.75,0.8,DOWN,False,False,False,0.0,-0.044869,3328.68,140.58,4.2234,False,1659,2026-06-12,2026-06-12,15dc7ab56cb103d2,False,104,0.451923,0.440476,0.380952,0.266325,0.442766,False,True,3,UP,LONG_USD_SHORT_COP,SHADOW,False,30,15|30,0.554108,3475.17,-0.1802,3251.27,3714.49,,,usdcop/directional_replay_2026_W24.png
2026-W24,2026-06-12,False,3481.44,transition,weekly_expanding_matured_labels,20,swing,2026-07-14,False,0.623812,0.4,UP,0.003488,0.3494,3493.6,12.16,3304.03,3694.06,0.8,UP,True,False,False,0.0,-0.067458,3254.34,239.27,7.3523,False,1654,2026-06-12,2026-06-12,fe8038e81873cb0d,True,104,0.403846,0.45,0.15,0.305392,0.390769,False,False,7,UP,LONG_USD_SHORT_COP,SHADOW,False,30,15|30,0.554108,3475.17,-0.1802,3251.27,3714.49,,,usdcop/directional_replay_2026_W24.png
2026-W24,2026-06-12,False,3481.44,transition,weekly_expanding_matured_labels,25,swing,2026-07-21,False,0.647361,0.55,UP,1.2e-05,0.0012,3481.48,0.04,3264.25,3713.17,0.8,UP,True,False,False,0.0,-0.075862,3227.1,254.38,7.8827,False,1649,2026-06-12,2026-06-12,10d56131505b0874,False,104,0.471154,0.468939,0.454545,0.291692,0.472716,False,False,2,UP,LONG_USD_SHORT_COP,SHADOW,False,30,15|30,0.554108,3475.17,-0.1802,3251.27,3714.49,,,usdcop/directional_replay_2026_W24.png
2026-W24,2026-06-12,False,3481.44,transition,weekly_expanding_matured_labels,30,swing,2026-07-24,True,0.644306,0.6,UP,-0.001804,-0.1802,3475.17,-6.27,3251.27,3714.49,0.8,DOWN,False,False,False,,,,,,,1644,2026-06-12,2026-06-12,f5cc903ce6844b37,False,104,0.519231,0.503748,0.369565,0.283743,0.479258,False,True,1,UP,LONG_USD_SHORT_COP,SHADOW,False,30,15|30,0.554108,3475.17,-0.1802,3251.27,3714.49,,,usdcop/directional_replay_2026_W24.png
2026-W25,2026-06-19,False,3460.13,transition,weekly_expanding_matured_labels,1,execution,2026-06-22,False,0.422829,0.55,DOWN,-0.000484,-0.0484,3458.45,-1.67,3422.24,3495.05,0.8,DOWN,True,False,False,0.0,-0.008065,3432.33,26.12,0.761,True,1677,2026-06-19,2026-06-19,783ecbdec4595223,True,104,0.528846,0.49256,0.020833,0.255826,0.40696,False,False,6,UP,LONG_USD_SHORT_COP,SHADOW,False,30,15|30,0.610993,3453.75,-0.1843,3231.23,3691.59,,,usdcop/directional_replay_2026_W25.png
2026-W25,2026-06-19,False,3460.13,transition,weekly_expanding_matured_labels,5,tactical,2026-06-26,False,0.598306,0.45,UP,-0.001302,-0.1302,3455.62,-4.5,3361.6,3552.27,0.8,DOWN,False,False,False,0.0,-0.002902,3450.1,5.52,0.1601,False,1673,2026-06-19,2026-06-19,dbbaaeaae61164cb,False,104,0.471154,0.483302,0.272727,0.260804,0.442097,False,False,5,UP,LONG_USD_SHORT_COP,SHADOW,False,30,15|30,0.610993,3453.75,-0.1843,3231.23,3691.59,,,usdcop/directional_replay_2026_W25.png
2026-W25,2026-06-19,False,3460.13,transition,weekly_expanding_matured_labels,10,tactical,2026-07-06,False,0.648553,0.45,UP,-0.002086,-0.2083,3452.92,-7.21,3320.11,3591.04,0.8,DOWN,False,False,False,0.0,-0.031577,3352.57,100.34,2.9931,False,1668,2026-06-19,2026-06-19,ff5277be1db3a312,False,104,0.442308,0.45303,0.383333,0.259084,0.44634,False,False,4,UP,LONG_USD_SHORT_COP,SHADOW,False,30,15|30,0.610993,3453.75,-0.1843,3231.23,3691.59,,,usdcop/directional_replay_2026_W25.png
2026-W25,2026-06-19,False,3460.13,transition,weekly_expanding_matured_labels,15,tactical,2026-07-13,False,0.66043,0.45,UP,-0.003721,-0.3714,3447.28,-12.85,3278.61,3624.62,0.8,DOWN,False,False,False,0.0,-0.065782,3239.84,207.44,6.4027,False,1663,2026-06-19,2026-06-19,15dc7ab56cb103d2,False,104,0.461538,0.44909,0.390244,0.264241,0.449993,False,True,3,UP,LONG_USD_SHORT_COP,SHADOW,False,30,15|30,0.610993,3453.75,-0.1843,3231.23,3691.59,,,usdcop/directional_replay_2026_W25.png
2026-W25,2026-06-19,False,3460.13,transition,weekly_expanding_matured_labels,20,swing,2026-07-20,False,0.641184,0.4,UP,0.005061,0.5074,3477.68,17.56,3288.97,3677.22,0.8,UP,True,False,False,0.0,-0.062268,3251.24,226.44,6.9648,False,1658,2026-06-19,2026-06-19,fe8038e81873cb0d,True,104,0.403846,0.45406,0.163934,0.30403,0.39518,False,False,7,UP,LONG_USD_SHORT_COP,SHADOW,False,30,15|30,0.610993,3453.75,-0.1843,3231.23,3691.59,,,usdcop/directional_replay_2026_W25.png
2026-W25,2026-06-19,False,3460.13,transition,weekly_expanding_matured_labels,25,swing,2026-07-24,True,0.6552,0.55,UP,0.000354,0.0354,3461.35,1.23,3245.37,3691.7,0.8,UP,True,False,False,,,,,,,1653,2026-06-19,2026-06-19,10d56131505b0874,False,104,0.471154,0.466832,0.44186,0.2923,0.469336,False,False,2,UP,LONG_USD_SHORT_COP,SHADOW,False,30,15|30,0.610993,3453.75,-0.1843,3231.23,3691.59,,,usdcop/directional_replay_2026_W25.png
2026-W25,2026-06-19,False,3460.13,transition,weekly_expanding_matured_labels,30,swing,2026-07-31,True,0.644397,0.6,UP,-0.001844,-0.1843,3453.75,-6.38,3231.23,3691.59,0.8,DOWN,False,False,False,,,,,,,1648,2026-06-19,2026-06-19,f5cc903ce6844b37,False,104,0.519231,0.499812,0.355556,0.285132,0.474882,False,True,1,UP,LONG_USD_SHORT_COP,SHADOW,False,30,15|30,0.610993,3453.75,-0.1843,3231.23,3691.59,,,usdcop/directional_replay_2026_W25.png
2026-W26,2026-06-26,False,3450.1,transition,weekly_expanding_matured_labels,1,execution,2026-06-30,False,0.445909,0.55,DOWN,-0.000395,-0.0395,3448.73,-1.36,3412.62,3485.23,0.8,DOWN,True,False,False,0.0,-0.007836,3423.17,25.57,0.7469,True,1682,2026-06-26,2026-06-26,783ecbdec4595223,True,104,0.538462,0.501488,0.020833,0.254504,0.412454,False,False,6,UP,LONG_USD_SHORT_COP,SHADOW,False,30,15|30,0.330087,3439.6,-0.3041,3218.0,3676.48,,,usdcop/directional_replay_2026_W26.png
2026-W26,2026-06-26,False,3450.1,transition,weekly_expanding_matured_labels,5,tactical,2026-07-06,False,0.332806,0.45,DOWN,-0.003115,-0.3111,3439.36,-10.73,3345.79,3535.56,0.8,DOWN,True,False,False,0.0,-0.028675,3352.57,86.79,2.5889,True,1678,2026-06-26,2026-06-26,dbbaaeaae61164cb,False,104,0.480769,0.502053,0.280702,0.257415,0.453115,False,False,5,UP,LONG_USD_SHORT_COP,SHADOW,False,30,15|30,0.330087,3439.6,-0.3041,3218.0,3676.48,,,usdcop/directional_replay_2026_W26.png
2026-W26,2026-06-26,False,3450.1,transition,weekly_expanding_matured_labels,10,tactical,2026-07-13,False,0.536061,0.45,UP,-0.00431,-0.4301,3435.26,-14.84,3303.13,3572.67,0.8,DOWN,False,False,False,0.0,-0.062879,3239.84,195.42,6.0318,False,1673,2026-06-26,2026-06-26,ff5277be1db3a312,False,104,0.451923,0.464163,0.393443,0.256539,0.454738,False,False,4,UP,LONG_USD_SHORT_COP,SHADOW,False,30,15|30,0.330087,3439.6,-0.3041,3218.0,3676.48,,,usdcop/directional_replay_2026_W26.png
2026-W26,2026-06-26,False,3450.1,transition,weekly_expanding_matured_labels,15,tactical,2026-07-20,False,0.553954,0.45,UP,-0.005312,-0.5298,3431.82,-18.28,3263.91,3608.37,0.8,DOWN,False,False,False,0.0,-0.059366,3251.24,180.58,5.5541,False,1668,2026-06-26,2026-06-26,15dc7ab56cb103d2,False,104,0.471154,0.457813,0.4,0.261685,0.457356,False,True,3,UP,LONG_USD_SHORT_COP,SHADOW,False,30,15|30,0.330087,3439.6,-0.3041,3218.0,3676.48,,,usdcop/directional_replay_2026_W26.png
2026-W26,2026-06-26,False,3450.1,transition,weekly_expanding_matured_labels,20,swing,2026-07-24,True,0.603846,0.4,UP,0.002604,0.2608,3459.09,9.0,3271.39,3657.56,0.8,UP,True,False,False,,,,,,,1663,2026-06-26,2026-06-26,fe8038e81873cb0d,True,104,0.403846,0.457757,0.177419,0.302473,0.399356,False,False,7,UP,LONG_USD_SHORT_COP,SHADOW,False,30,15|30,0.330087,3439.6,-0.3041,3218.0,3676.48,,,usdcop/directional_replay_2026_W26.png
2026-W26,2026-06-26,False,3450.1,transition,weekly_expanding_matured_labels,25,swing,2026-07-31,True,0.645132,0.55,UP,-0.000455,-0.0455,3448.53,-1.57,3233.35,3678.03,0.8,DOWN,False,False,False,,,,,,,1658,2026-06-26,2026-06-26,10d56131505b0874,False,104,0.471154,0.464286,0.428571,0.291721,0.465659,False,False,2,UP,LONG_USD_SHORT_COP,SHADOW,False,30,15|30,0.330087,3439.6,-0.3041,3218.0,3676.48,,,usdcop/directional_replay_2026_W26.png
2026-W26,2026-06-26,False,3450.1,transition,weekly_expanding_matured_labels,30,swing,2026-08-07,True,0.628081,0.6,UP,-0.003046,-0.3041,3439.6,-10.49,3218.0,3676.48,0.8,DOWN,False,False,False,,,,,,,1653,2026-06-26,2026-06-26,f5cc903ce6844b37,False,104,0.519231,0.495455,0.340909,0.286666,0.47021,False,True,1,UP,LONG_USD_SHORT_COP,SHADOW,False,30,15|30,0.330087,3439.6,-0.3041,3218.0,3676.48,,,usdcop/directional_replay_2026_W26.png
2026-W27,2026-07-03,False,3350.22,transition,weekly_expanding_matured_labels,1,execution,2026-07-06,False,0.432402,0.55,DOWN,-0.000366,-0.0366,3348.99,-1.23,3313.92,3384.43,0.8,DOWN,True,False,False,1.0,0.000703,3352.57,3.58,0.1068,False,1686,2026-07-03,2026-07-03,783ecbdec4595223,True,104,0.548077,0.501866,0.021277,0.253598,0.414617,False,False,6,UP,LONG_USD_SHORT_COP,SHADOW,False,25,15|25,0.622682,3353.59,0.1007,3144.33,3576.77,,,usdcop/directional_replay_2026_W27.png
2026-W27,2026-07-03,False,3350.22,transition,weekly_expanding_matured_labels,5,tactical,2026-07-10,False,0.403711,0.45,DOWN,-0.002128,-0.2126,3343.09,-7.12,3252.14,3436.6,0.8,DOWN,True,False,False,0.0,-0.032569,3242.86,100.24,3.0909,True,1682,2026-07-03,2026-07-03,dbbaaeaae61164cb,False,104,0.480769,0.502053,0.280702,0.257415,0.453115,False,False,5,UP,LONG_USD_SHORT_COP,SHADOW,False,25,15|25,0.622682,3353.59,0.1007,3144.33,3576.77,,,usdcop/directional_replay_2026_W27.png
2026-W27,2026-07-03,False,3350.22,transition,weekly_expanding_matured_labels,10,tactical,2026-07-17,False,0.507898,0.45,UP,-0.002783,-0.278,3340.9,-9.31,3212.4,3474.54,0.8,DOWN,False,False,False,0.0,-0.027174,3260.4,80.5,2.4691,False,1677,2026-07-03,2026-07-03,ff5277be1db3a312,False,104,0.451923,0.467358,0.387097,0.25633,0.454747,False,False,4,UP,LONG_USD_SHORT_COP,SHADOW,False,25,15|25,0.622682,3353.59,0.1007,3144.33,3576.77,,,usdcop/directional_replay_2026_W27.png
2026-W27,2026-07-03,False,3350.22,transition,weekly_expanding_matured_labels,15,tactical,2026-07-24,True,0.580187,0.45,UP,-0.00484,-0.4828,3334.04,-16.18,3170.91,3505.56,0.8,DOWN,False,False,False,,,,,,,1672,2026-07-03,2026-07-03,15dc7ab56cb103d2,False,104,0.480769,0.466667,0.410256,0.259293,0.464872,False,True,3,UP,LONG_USD_SHORT_COP,SHADOW,False,25,15|25,0.622682,3353.59,0.1007,3144.33,3576.77,,,usdcop/directional_replay_2026_W27.png
2026-W27,2026-07-03,False,3350.22,transition,weekly_expanding_matured_labels,20,swing,2026-07-31,True,0.601051,0.4,UP,0.003287,0.3292,3361.24,11.03,3178.85,3554.1,0.8,UP,True,False,False,,,,,,,1667,2026-07-03,2026-07-03,fe8038e81873cb0d,True,104,0.403846,0.461092,0.190476,0.300678,0.403301,False,False,7,UP,LONG_USD_SHORT_COP,SHADOW,False,25,15|25,0.622682,3353.59,0.1007,3144.33,3576.77,,,usdcop/directional_replay_2026_W27.png
2026-W27,2026-07-03,False,3350.22,transition,weekly_expanding_matured_labels,25,swing,2026-08-07,True,0.668886,0.55,UP,0.001006,0.1007,3353.59,3.37,3144.33,3576.77,0.8,UP,True,False,False,,,,,,,1662,2026-07-03,2026-07-03,10d56131505b0874,False,104,0.480769,0.47348,0.439024,0.290094,0.473351,False,True,1,UP,LONG_USD_SHORT_COP,SHADOW,False,25,15|25,0.622682,3353.59,0.1007,3144.33,3576.77,,,usdcop/directional_replay_2026_W27.png
2026-W27,2026-07-03,False,3350.22,transition,weekly_expanding_matured_labels,30,swing,2026-08-14,True,0.633747,0.6,UP,-0.002496,-0.2493,3341.87,-8.35,3126.55,3572.01,0.8,DOWN,False,False,False,,,,,,,1657,2026-07-03,2026-07-03,f5cc903ce6844b37,False,104,0.519231,0.49066,0.325581,0.286894,0.465226,False,False,2,UP,LONG_USD_SHORT_COP,SHADOW,False,25,15|25,0.622682,3353.59,0.1007,3144.33,3576.77,,,usdcop/directional_replay_2026_W27.png
2026-W28,2026-07-10,False,3242.86,transition,weekly_expanding_matured_labels,1,execution,2026-07-13,False,0.477207,0.55,DOWN,-0.000541,-0.0541,3241.1,-1.75,3207.17,3275.4,0.8,DOWN,True,False,False,0.0,-0.000932,3239.84,1.27,0.0391,True,1691,2026-07-10,2026-07-10,783ecbdec4595223,True,104,0.538462,0.501488,0.020833,0.254415,0.412454,False,False,6,FLAT,FLAT,ABSTAIN,False,25,15|25,0.0,3243.83,0.03,3041.42,3459.71,,,usdcop/directional_replay_2026_W28.png
2026-W28,2026-07-10,False,3242.86,transition,weekly_expanding_matured_labels,5,tactical,2026-07-17,False,0.27485,0.45,DOWN,-0.003812,-0.3805,3230.52,-12.34,3142.63,3320.88,0.8,DOWN,True,False,False,1.0,0.005395,3260.4,29.88,0.9165,False,1687,2026-07-10,2026-07-10,dbbaaeaae61164cb,False,104,0.480769,0.502053,0.280702,0.256949,0.453115,False,False,4,FLAT,FLAT,ABSTAIN,False,25,15|25,0.0,3243.83,0.03,3041.42,3459.71,,,usdcop/directional_replay_2026_W28.png
2026-W28,2026-07-10,False,3242.86,transition,weekly_expanding_matured_labels,10,tactical,2026-07-24,True,0.382647,0.45,DOWN,-0.00483,-0.4818,3227.23,-15.63,3103.11,3356.33,0.8,DOWN,True,False,False,,,,,,,1682,2026-07-10,2026-07-10,ff5277be1db3a312,False,104,0.442308,0.459293,0.370968,0.259106,0.446372,False,False,5,FLAT,FLAT,ABSTAIN,False,25,15|25,0.0,3243.83,0.03,3041.42,3459.71,,,usdcop/directional_replay_2026_W28.png
2026-W28,2026-07-10,False,3242.86,transition,weekly_expanding_matured_labels,15,tactical,2026-07-31,True,0.435306,0.45,DOWN,-0.006613,-0.6591,3221.49,-21.37,3063.86,3387.22,0.8,DOWN,True,False,False,,,,,,,1677,2026-07-10,2026-07-10,15dc7ab56cb103d2,False,104,0.471154,0.458974,0.410256,0.262051,0.459872,False,True,3,FLAT,FLAT,ABSTAIN,False,25,15|25,0.0,3243.83,0.03,3041.42,3459.71,,,usdcop/directional_replay_2026_W28.png
2026-W28,2026-07-10,False,3242.86,transition,weekly_expanding_matured_labels,20,swing,2026-08-07,True,0.584184,0.4,UP,0.002098,0.21,3249.67,6.81,3073.33,3436.12,0.8,UP,True,False,False,,,,,,,1672,2026-07-10,2026-07-10,fe8038e81873cb0d,True,104,0.403846,0.464062,0.203125,0.299146,0.407019,False,False,7,FLAT,FLAT,ABSTAIN,False,25,15|25,0.0,3243.83,0.03,3041.42,3459.71,,,usdcop/directional_replay_2026_W28.png
2026-W28,2026-07-10,False,3242.86,transition,weekly_expanding_matured_labels,25,swing,2026-08-14,True,0.659099,0.55,UP,0.0003,0.03,3243.83,0.97,3041.42,3459.71,0.8,UP,True,False,False,,,,,,,1667,2026-07-10,2026-07-10,10d56131505b0874,False,104,0.490385,0.482812,0.45,0.288308,0.481202,False,True,1,FLAT,FLAT,ABSTAIN,False,25,15|25,0.0,3243.83,0.03,3041.42,3459.71,,,usdcop/directional_replay_2026_W28.png
2026-W28,2026-07-10,False,3242.86,transition,weekly_expanding_matured_labels,30,swing,2026-08-21,True,0.634067,0.6,UP,-0.002778,-0.2774,3233.86,-9.0,3025.51,3456.57,0.8,DOWN,False,False,False,,,,,,,1662,2026-07-10,2026-07-10,f5cc903ce6844b37,False,104,0.528846,0.497312,0.333333,0.285879,0.471361,False,False,2,FLAT,FLAT,ABSTAIN,False,25,15|25,0.0,3243.83,0.03,3041.42,3459.71,,,usdcop/directional_replay_2026_W28.png
2026-W29,2026-07-17,False,3260.4,transition,weekly_expanding_matured_labels,1,execution,2026-07-20,False,0.472803,0.55,DOWN,-0.000548,-0.0548,3258.62,-1.79,3224.5,3293.1,0.8,DOWN,True,False,False,0.0,-0.002814,3251.24,7.38,0.2269,True,1696,2026-07-17,2026-07-17,783ecbdec4595223,True,104,0.538462,0.501488,0.020833,0.25491,0.412454,False,False,6,FLAT,FLAT,ABSTAIN,False,25,15|25,0.0,3267.66,0.2225,3063.76,3485.12,,,usdcop/directional_replay_2026_W29.png
2026-W29,2026-07-17,False,3260.4,transition,weekly_expanding_matured_labels,5,tactical,2026-07-24,True,0.255459,0.45,DOWN,-0.004571,-0.456,3245.53,-14.87,3157.23,3336.31,0.8,DOWN,True,False,False,,,,,,,1692,2026-07-17,2026-07-17,dbbaaeaae61164cb,False,104,0.471154,0.491415,0.280702,0.259247,0.446937,False,False,4,FLAT,FLAT,ABSTAIN,False,25,15|25,0.0,3267.66,0.2225,3063.76,3485.12,,,usdcop/directional_replay_2026_W29.png
2026-W29,2026-07-17,False,3260.4,transition,weekly_expanding_matured_labels,10,tactical,2026-07-31,True,0.287177,0.45,DOWN,-0.006819,-0.6795,3238.25,-22.16,3113.69,3367.78,0.8,DOWN,True,False,False,,,,,,,1687,2026-07-17,2026-07-17,ff5277be1db3a312,False,104,0.423077,0.443164,0.33871,0.26123,0.429623,False,False,5,FLAT,FLAT,ABSTAIN,False,25,15|25,0.0,3267.66,0.2225,3063.76,3485.12,,,usdcop/directional_replay_2026_W29.png
2026-W29,2026-07-17,False,3260.4,transition,weekly_expanding_matured_labels,15,tactical,2026-08-07,True,0.301659,0.45,DOWN,-0.009197,-0.9155,3230.55,-29.85,3072.49,3396.75,0.8,DOWN,True,False,False,,,,,,,1682,2026-07-17,2026-07-17,15dc7ab56cb103d2,False,104,0.461538,0.451282,0.410256,0.264339,0.454872,False,True,3,FLAT,FLAT,ABSTAIN,False,25,15|25,0.0,3267.66,0.2225,3063.76,3485.12,,,usdcop/directional_replay_2026_W29.png
2026-W29,2026-07-17,False,3260.4,transition,weekly_expanding_matured_labels,20,swing,2026-08-14,True,0.543483,0.4,UP,0.00196,0.1962,3266.8,6.4,3089.53,3454.24,0.8,UP,True,False,False,,,,,,,1677,2026-07-17,2026-07-17,fe8038e81873cb0d,True,104,0.403846,0.464062,0.203125,0.301025,0.407019,False,False,7,FLAT,FLAT,ABSTAIN,False,25,15|25,0.0,3267.66,0.2225,3063.76,3485.12,,,usdcop/directional_replay_2026_W29.png
2026-W29,2026-07-17,False,3260.4,transition,weekly_expanding_matured_labels,25,swing,2026-08-21,True,0.657049,0.55,UP,0.002222,0.2225,3267.66,7.25,3063.76,3485.12,0.8,UP,True,False,False,,,,,,,1672,2026-07-17,2026-07-17,10d56131505b0874,False,104,0.5,0.492308,0.461538,0.286445,0.489231,False,True,1,FLAT,FLAT,ABSTAIN,False,25,15|25,0.0,3267.66,0.2225,3063.76,3485.12,,,usdcop/directional_replay_2026_W29.png
2026-W29,2026-07-17,False,3260.4,transition,weekly_expanding_matured_labels,30,swing,2026-08-28,True,0.649823,0.6,UP,-0.000708,-0.0708,3258.09,-2.31,3048.18,3482.47,0.8,DOWN,False,False,False,,,,,,,1667,2026-07-17,2026-07-17,f5cc903ce6844b37,False,104,0.538462,0.504065,0.341463,0.284597,0.477611,False,False,2,FLAT,FLAT,ABSTAIN,False,25,15|25,0.0,3267.66,0.2225,3063.76,3485.12,,,usdcop/directional_replay_2026_W29.png
2026-W30,2026-07-21,True,3227.1,transition,weekly_expanding_matured_labels,1,execution,2026-07-22,True,0.464538,0.55,DOWN,-0.000588,-0.0588,3225.2,-1.9,3191.43,3259.33,0.8,DOWN,True,False,False,,,,,,,1698,2026-07-21,2026-07-21,783ecbdec4595223,True,104,0.538462,0.501488,0.020833,0.255578,0.412454,False,False,6,FLAT,FLAT,ABSTAIN,False,25,15|25,0.0,3233.09,0.1855,3031.35,3448.25,,,usdcop/directional_replay_2026_W30.png
2026-W30,2026-07-21,True,3227.1,transition,weekly_expanding_matured_labels,5,tactical,2026-07-28,True,0.266005,0.45,DOWN,-0.004567,-0.4556,3212.4,-14.7,3124.99,3302.24,0.8,DOWN,True,False,False,,,,,,,1694,2026-07-21,2026-07-21,dbbaaeaae61164cb,False,104,0.471154,0.491415,0.280702,0.259247,0.446937,False,False,4,FLAT,FLAT,ABSTAIN,False,25,15|25,0.0,3233.09,0.1855,3031.35,3448.25,,,usdcop/directional_replay_2026_W30.png
2026-W30,2026-07-21,True,3227.1,transition,weekly_expanding_matured_labels,10,tactical,2026-08-04,True,0.237618,0.45,DOWN,-0.007393,-0.7366,3203.33,-23.77,3080.12,3331.47,0.8,DOWN,True,False,False,,,,,,,1689,2026-07-21,2026-07-21,ff5277be1db3a312,False,104,0.423077,0.443164,0.33871,0.26123,0.429623,False,False,5,FLAT,FLAT,ABSTAIN,False,25,15|25,0.0,3233.09,0.1855,3031.35,3448.25,,,usdcop/directional_replay_2026_W30.png
2026-W30,2026-07-21,True,3227.1,transition,weekly_expanding_matured_labels,15,tactical,2026-08-11,True,0.239807,0.45,DOWN,-0.010317,-1.0264,3193.98,-33.12,3037.7,3358.29,0.8,DOWN,True,False,False,,,,,,,1684,2026-07-21,2026-07-21,15dc7ab56cb103d2,False,104,0.451923,0.44359,0.410256,0.265351,0.449872,False,True,3,FLAT,FLAT,ABSTAIN,False,25,15|25,0.0,3233.09,0.1855,3031.35,3448.25,,,usdcop/directional_replay_2026_W30.png
2026-W30,2026-07-21,True,3227.1,transition,weekly_expanding_matured_labels,20,swing,2026-08-18,True,0.512692,0.4,UP,0.000216,0.0216,3227.8,0.7,3052.65,3413.0,0.8,UP,True,False,False,,,,,,,1679,2026-07-21,2026-07-21,fe8038e81873cb0d,True,104,0.394231,0.45625,0.1875,0.303459,0.398846,False,False,7,FLAT,FLAT,ABSTAIN,False,25,15|25,0.0,3233.09,0.1855,3031.35,3448.25,,,usdcop/directional_replay_2026_W30.png
2026-W30,2026-07-21,True,3227.1,transition,weekly_expanding_matured_labels,25,swing,2026-08-25,True,0.650592,0.55,UP,0.001853,0.1855,3233.09,5.99,3031.35,3448.25,0.8,UP,True,False,False,,,,,,,1674,2026-07-21,2026-07-21,10d56131505b0874,False,104,0.490385,0.484615,0.461538,0.28862,0.484231,False,True,1,FLAT,FLAT,ABSTAIN,False,25,15|25,0.0,3233.09,0.1855,3031.35,3448.25,,,usdcop/directional_replay_2026_W30.png
2026-W30,2026-07-21,True,3227.1,transition,weekly_expanding_matured_labels,30,swing,2026-09-01,True,0.649356,0.6,UP,-0.000772,-0.0771,3224.61,-2.49,3016.85,3446.68,0.8,DOWN,False,False,False,,,,,,,1669,2026-07-21,2026-07-21,f5cc903ce6844b37,False,104,0.538462,0.504065,0.341463,0.284597,0.477611,False,False,2,FLAT,FLAT,ABSTAIN,False,25,15|25,0.0,3233.09,0.1855,3031.35,3448.25,,,usdcop/directional_replay_2026_W30.png
