{
  "timestamp": "20250816_084432",
  "total_training_time_hours": 8.48308902422587,
  "models_completed": 5,
  "models_failed": 0,
  "results": [
    {
      "model_name": "DQN_Complete",
      "model_type": "DQN",
      "episodes_completed": 200,
      "target_episodes": 200,
      "timesteps_completed": 400000,
      "target_timesteps": 500000,
      "training_time_minutes": 196.87404370307922,
      "training_time_hours": 3.281234061717987,
      "final_return": -1.645002267624195,
      "best_return": -0.023029647270941495,
      "best_episode": 189,
      "avg_episode_reward": 99.00574914893402,
      "final_reward": 104.55997732375845,
      "total_trades": 23169,
      "avg_trades_per_episode": 115.845,
      "avg_loss": 0.013046564423442741,
      "environment_metrics": {
        "total_return": -1.6918792917999053,
        "sharpe_ratio": 1.3983101872009676,
        "max_drawdown": 2.4736079724045603,
        "win_rate": 0.0,
        "num_trades": 81,
        "final_balance": 9830.81207082001,
        "transaction_cost_burden": 1.6015190610188215
      },
      "timesteps_per_minute": 2031.7559007589164,
      "episodes_per_hour": 60.95267702276749,
      "epsilon_final": 0.01,
      "config_used": {
        "learning_rate": 0.0001,
        "epsilon": 0.3,
        "epsilon_decay": 0.9995,
        "buffer_size": 50000,
        "batch_size": 64,
        "gamma": 0.99,
        "episodes": 200
      },
      "model_saved": "models\\trained\\complete_5_models\\DQN_Complete_final.pkl"
    },
    {
      "model_name": "A2C_Complete",
      "model_type": "A2C",
      "episodes_completed": 200,
      "target_episodes": 200,
      "timesteps_completed": 400000,
      "target_timesteps": 500000,
      "training_time_minutes": 197.47346782684326,
      "training_time_hours": 3.291224463780721,
      "final_return": -10.818542033002117,
      "best_return": -6.007164998306071,
      "best_episode": 117,
      "avg_episode_reward": -7.21023950113068,
      "final_reward": -6.6454203300219685,
      "total_trades": 122674,
      "avg_trades_per_episode": 613.37,
      "avg_loss": 0.01293102871740939,
      "environment_metrics": {
        "total_return": -10.739194808381471,
        "sharpe_ratio": -0.09767484261558852,
        "max_drawdown": 10.868556247073306,
        "win_rate": 0.0,
        "num_trades": 615,
        "final_balance": 8926.080519161853,
        "transaction_cost_burden": 11.518726330548478
      },
      "timesteps_per_minute": 2025.5885735026657,
      "episodes_per_hour": 60.76765720507997,
      "epsilon_final": null,
      "config_used": {
        "learning_rate": 0.0007,
        "gamma": 0.99,
        "episodes": 200
      },
      "model_saved": "models\\trained\\complete_5_models\\A2C_Complete_final.pkl"
    },
    {
      "model_name": "PPO_Complete",
      "model_type": "PPO",
      "episodes_completed": 250,
      "target_episodes": 250,
      "timesteps_completed": 499957,
      "target_timesteps": 750000,
      "training_time_minutes": 250.68044658501944,
      "training_time_hours": 4.178007443083657,
      "final_return": -14.35370144009229,
      "best_return": -9.118372892755433,
      "best_episode": 48,
      "avg_episode_reward": -53.06970283288504,
      "final_reward": -52.51701440092329,
      "total_trades": 166199,
      "avg_trades_per_episode": 664.796,
      "avg_loss": 0.010587749625162133,
      "environment_metrics": {
        "total_return": -15.182649665323389,
        "sharpe_ratio": -0.8866727646634955,
        "max_drawdown": 15.182649665323389,
        "win_rate": 0.0,
        "num_trades": 688,
        "final_balance": 8481.735033467661,
        "transaction_cost_burden": 12.720035708742799
      },
      "timesteps_per_minute": 1994.399670220937,
      "episodes_per_hour": 59.83713610033275,
      "epsilon_final": null,
      "config_used": {
        "learning_rate": 0.0003,
        "n_steps": 1024,
        "gamma": 0.99,
        "clip_epsilon": 0.2,
        "entropy_coef": 0.01,
        "episodes": 250
      },
      "model_saved": "models\\trained\\complete_5_models\\PPO_Complete_final.pkl"
    },
    {
      "model_name": "TD3_Complete",
      "model_type": "TD3",
      "episodes_completed": 250,
      "target_episodes": 250,
      "timesteps_completed": 500000,
      "target_timesteps": 750000,
      "training_time_minutes": 257.95247107346853,
      "training_time_hours": 4.299207851224476,
      "final_return": -1.2445783481724246,
      "best_return": 1.8719996282887588,
      "best_episode": 182,
      "avg_episode_reward": 74.31728926943609,
      "final_reward": 69.80421651827587,
      "total_trades": 1428,
      "avg_trades_per_episode": 5.712,
      "avg_loss": 0.010529043003487242,
      "environment_metrics": {
        "total_return": -1.3735263535958802,
        "sharpe_ratio": 0.9360063092199905,
        "max_drawdown": 1.9409171955196207,
        "win_rate": 0.0,
        "num_trades": 5,
        "final_balance": 9862.647364640412,
        "transaction_cost_burden": 0.08990356765589366
      },
      "timesteps_per_minute": 1938.3415786607948,
      "episodes_per_hour": 58.150247359823844,
      "epsilon_final": null,
      "config_used": {
        "learning_rate": 0.0001,
        "buffer_size": 100000,
        "batch_size": 256,
        "gamma": 0.99,
        "policy_delay": 2,
        "episodes": 250
      },
      "model_saved": "models\\trained\\complete_5_models\\TD3_Complete_final.pkl"
    },
    {
      "model_name": "SAC_Complete",
      "model_type": "SAC",
      "episodes_completed": 300,
      "target_episodes": 300,
      "timesteps_completed": 600000,
      "target_timesteps": 1000000,
      "training_time_minutes": 312.08887112935383,
      "training_time_hours": 5.20148118548923,
      "final_return": -6.098258148040893,
      "best_return": -4.426562651341264,
      "best_episode": 114,
      "avg_episode_reward": 52.8806361557978,
      "final_reward": 53.907418519591396,
      "total_trades": 67890,
      "avg_trades_per_episode": 226.3,
      "avg_loss": 0.008811747724725082,
      "environment_metrics": {
        "total_return": -5.825752993423121,
        "sharpe_ratio": 0.7822254906642323,
        "max_drawdown": 6.729455780561463,
        "win_rate": 0.0,
        "num_trades": 223,
        "final_balance": 9417.424700657688,
        "transaction_cost_burden": 4.3718036506070925
      },
      "timesteps_per_minute": 1922.529303364084,
      "episodes_per_hour": 57.67587910092252,
      "epsilon_final": null,
      "config_used": {
        "learning_rate": 0.0003,
        "buffer_size": 100000,
        "batch_size": 256,
        "gamma": 0.99,
        "alpha": 0.2,
        "episodes": 300
      },
      "model_saved": "models\\trained\\complete_5_models\\SAC_Complete_final.pkl"
    }
  ]
}