{
  "summary": {
    "total_bars": 12713,
    "total_trades": 1,
    "total_pnl": -1483.128242295912,
    "final_equity": 8516.871757704057,
    "final_return_pct": -14.83128242295943,
    "max_drawdown_pct": 16.20296746814911,
    "winning_bars": 6191,
    "losing_bars": 6308,
    "win_rate_bars": 49.53196255700456
  },
  "monthly_analysis": {
    "2025-01": {
      "total_pnl": -458.7924500064788,
      "bars": 1321,
      "winning_bars": 564,
      "losing_bars": 640,
      "ending_equity": 9541.207549993514,
      "max_drawdown_pct": 5.84291194659214,
      "trades": 1,
      "avg_volatility": 7.794893322822723,
      "avg_vix_z": -0.5643312810728758,
      "avg_trend_z": -0.36307345156322085,
      "profitable": false
    },
    "2025-02": {
      "total_pnl": -198.33036409362853,
      "bars": 1198,
      "winning_bars": 593,
      "losing_bars": 600,
      "ending_equity": 9342.87718589987,
      "max_drawdown_pct": 7.909352844867054,
      "trades": 0,
      "avg_volatility": 6.798834275957951,
      "avg_vix_z": -0.5309673283034452,
      "avg_trend_z": -0.04841000869324298,
      "profitable": false
    },
    "2025-03": {
      "total_pnl": 98.92813326919548,
      "bars": 1196,
      "winning_bars": 581,
      "losing_bars": 606,
      "ending_equity": 9441.805319169052,
      "max_drawdown_pct": 7.534808804121589,
      "trades": 0,
      "avg_volatility": 7.759544881484235,
      "avg_vix_z": 0.11435880480205701,
      "avg_trend_z": 0.156956265309157,
      "profitable": true
    },
    "2025-04": {
      "total_pnl": -3.5045714264227783,
      "bars": 1202,
      "winning_bars": 606,
      "losing_bars": 581,
      "ending_equity": 9438.300747742634,
      "max_drawdown_pct": 6.791732769012506,
      "trades": 0,
      "avg_volatility": 12.37875290935197,
      "avg_vix_z": 1.375289177926385,
      "avg_trend_z": -0.21543436239884517,
      "profitable": false
    },
    "2025-05": {
      "total_pnl": -170.34614513460195,
      "bars": 1261,
      "winning_bars": 633,
      "losing_bars": 618,
      "ending_equity": 9267.954602608022,
      "max_drawdown_pct": 8.743829035388979,
      "trades": 0,
      "avg_volatility": 8.771956546009003,
      "avg_vix_z": -0.11103003329745131,
      "avg_trend_z": -0.22844340266686025,
      "profitable": false
    },
    "2025-06": {
      "total_pnl": -121.08372636525021,
      "bars": 1100,
      "winning_bars": 541,
      "losing_bars": 531,
      "ending_equity": 9146.870876242774,
      "max_drawdown_pct": 9.803035037691487,
      "trades": 0,
      "avg_volatility": 9.015638024111334,
      "avg_vix_z": -0.3471367669042303,
      "avg_trend_z": -0.296333718146504,
      "profitable": false
    },
    "2025-07": {
      "total_pnl": 119.77902191980908,
      "bars": 1371,
      "winning_bars": 693,
      "losing_bars": 669,
      "ending_equity": 9266.649898162577,
      "max_drawdown_pct": 11.56591480890322,
      "trades": 0,
      "avg_volatility": 10.353250400392103,
      "avg_vix_z": -0.6062498671019816,
      "avg_trend_z": 0.10671213484038358,
      "profitable": true
    },
    "2025-08": {
      "total_pnl": -314.7916169313561,
      "bars": 1158,
      "winning_bars": 572,
      "losing_bars": 576,
      "ending_equity": 8951.85828123119,
      "max_drawdown_pct": 11.065271444755389,
      "trades": 0,
      "avg_volatility": 9.746736771885745,
      "avg_vix_z": -0.6851658490689837,
      "avg_trend_z": -0.18254065961115926,
      "profitable": false
    },
    "2025-09": {
      "total_pnl": -239.72101454861874,
      "bars": 1316,
      "winning_bars": 634,
      "losing_bars": 678,
      "ending_equity": 8712.137266682568,
      "max_drawdown_pct": 14.734125469012785,
      "trades": 0,
      "avg_volatility": 8.089548261274846,
      "avg_vix_z": -0.6807268251442148,
      "avg_trend_z": -0.17254562006015794,
      "profitable": false
    },
    "2025-10": {
      "total_pnl": -136.13503894501648,
      "bars": 1174,
      "winning_bars": 569,
      "losing_bars": 601,
      "ending_equity": 8576.002227737565,
      "max_drawdown_pct": 16.20296746814911,
      "trades": 0,
      "avg_volatility": 10.213054149305638,
      "avg_vix_z": -0.36996780691455616,
      "avg_trend_z": -0.14324914751614437,
      "profitable": false
    },
    "2025-11": {
      "total_pnl": -157.11404790780324,
      "bars": 240,
      "winning_bars": 116,
      "losing_bars": 121,
      "ending_equity": 8418.888179829786,
      "max_drawdown_pct": 16.186057618974615,
      "trades": 0,
      "avg_volatility": 9.169212642381,
      "avg_vix_z": -0.28983417828107516,
      "avg_trend_z": -0.8282385875008206,
      "profitable": false
    },
    "2025-12": {
      "total_pnl": 97.98357787426042,
      "bars": 176,
      "winning_bars": 89,
      "losing_bars": 87,
      "ending_equity": 8516.871757704057,
      "max_drawdown_pct": 15.904467171703063,
      "trades": 0,
      "avg_volatility": 10.543578114384639,
      "avg_vix_z": -0.5445039751054389,
      "avg_trend_z": 0.8640890948442403,
      "profitable": true
    }
  },
  "worst_periods": [
    {
      "start": "2025-04-09 17:15:00",
      "end": "2025-04-09 17:45:00",
      "total_loss": -211.47839599484166,
      "equity_start": 9921.672523617832,
      "equity_end": 9739.542332695817,
      "loss_pct": 1.835680329989392
    },
    {
      "start": "2025-10-16 17:15:00",
      "end": "2025-10-17 13:00:00",
      "total_loss": -129.46265797936042,
      "equity_start": 8626.84176627597,
      "equity_end": 8506.157992353927,
      "loss_pct": 1.3989334358005672
    },
    {
      "start": "2025-10-17 13:15:00",
      "end": "2025-10-17 13:30:00",
      "total_loss": -127.33145227330884,
      "equity_start": 8499.64890487456,
      "equity_end": 8382.72309410157,
      "loss_pct": 1.3756545956378736
    },
    {
      "start": "2025-04-04 13:20:00",
      "end": "2025-04-04 13:30:00",
      "total_loss": -121.42758536945217,
      "equity_start": 9460.057524816484,
      "equity_end": 9456.674535052483,
      "loss_pct": 0.0357607737069904
    },
    {
      "start": "2025-07-31 17:50:00",
      "end": "2025-08-01 13:05:00",
      "total_loss": -117.03034062044516,
      "equity_start": 9367.128194094712,
      "equity_end": 9261.052304036813,
      "loss_pct": 1.1324270134871388
    },
    {
      "start": "2025-04-11 16:45:00",
      "end": "2025-04-11 17:35:00",
      "total_loss": -109.6002068272909,
      "equity_start": 9792.69832147651,
      "equity_end": 9688.599785727387,
      "loss_pct": 1.0630219816005426
    },
    {
      "start": "2025-05-07 17:40:00",
      "end": "2025-05-08 13:00:00",
      "total_loss": -104.08016672670746,
      "equity_start": 9564.035069223995,
      "equity_end": 9468.989031611824,
      "loss_pct": 0.9937859587949387
    },
    {
      "start": "2025-06-30 17:20:00",
      "end": "2025-07-01 13:00:00",
      "total_loss": -100.62045477841909,
      "equity_start": 9158.527858388275,
      "equity_end": 9085.729667138734,
      "loss_pct": 0.7948678256502312
    },
    {
      "start": "2025-05-02 13:15:00",
      "end": "2025-05-02 13:25:00",
      "total_loss": -93.51554855973023,
      "equity_start": 9488.138210266572,
      "equity_end": 9406.067357329706,
      "loss_pct": 0.8649837419954697
    },
    {
      "start": "2025-04-14 15:45:00",
      "end": "2025-04-14 15:50:00",
      "total_loss": -92.66712350109276,
      "equity_start": 9689.096001713076,
      "equity_end": 9600.779655809773,
      "loss_pct": 0.9115024341557688
    }
  ],
  "loss_conditions": {},
  "win_vs_loss_conditions": {
    "volatility": {
      "winning_avg": 9.344127770028967,
      "losing_avg": 9.041680544967974,
      "difference": -0.30244722506099286
    },
    "trend_z": {
      "winning_avg": -0.16553222047013913,
      "losing_avg": -0.10590369657794095,
      "difference": 0.05962852389219818
    },
    "vix_z": {
      "winning_avg": -0.24461404888711788,
      "losing_avg": -0.2613821304797963,