{
  "experiment_id": "EXP-ASYM-001",
  "description": "Fase 1: Asymmetric SL/TP (SL=-2.5%, TP=+6%)",
  "config_version": "4.1.0",
  "timestamp": "2026-02-12T13:22:34.057606",
  "per_seed": {
    "42": {
      "stage": "L4-TEST",
      "total_return_pct": -5.570888671874997,
      "apr_pct": -10.853736821024118,
      "sharpe_ratio": -0.5835794156690793,
      "max_drawdown_pct": 15.126474702174194,
      "n_trades": 354,
      "winning_trades": 181,
      "losing_trades": 173,
      "win_rate_pct": 51.12994350282486,
      "profit_factor": 0.9847044410596337,
      "final_equity": 9442.9111328125,
      "test_days": 182.10256410256412,
      "sortino_ratio": -0.6190409550054377,
      "monthly_returns": {
        "2025-02": 3.27,
        "2025-03": 1.19,
        "2025-04": -0.39,
        "2025-05": 2.37,
        "2025-06": 1.56,
        "2025-07": 0.54,
        "2025-08": -2.78,
        "2025-09": -1.86,
        "2025-10": -4.06,
        "2025-11": -4.04,
        "2025-12": -0.86
      },
      "gates_passed": false,
      "seed": 42,
      "avg_bars_per_trade": 40.3
    },
    "123": {
      "stage": "L4-TEST",
      "total_return_pct": -9.596611328125004,
      "apr_pct": -18.308256069887364,
      "sharpe_ratio": -0.9922192432486145,
      "max_drawdown_pct": 16.383059276361475,
      "n_trades": 342,
      "winning_trades": 176,
      "losing_trades": 166,
      "win_rate_pct": 51.461988304093566,
      "profit_factor": 0.9739956963282496,
      "final_equity": 9040.3388671875,
      "test_days": 182.10256410256412,
      "sortino_ratio": -1.087963347826252,
      "monthly_returns": {
        "2025-02": -0.99,
        "2025-03": -2.99,
        "2025-04": -4.07,
        "2025-05": 2.3,
        "2025-06": -1.08,
        "2025-07": -5.4,
        "2025-08": 0.85,
        "2025-09": 1.41,
        "2025-10": 5.69,
        "2025-11": 3.99,
        "2025-12": -4.76
      },
      "gates_passed": false,
      "seed": 123,
      "avg_bars_per_trade": 41.7
    },
    "456": {
      "stage": "L4-TEST",
      "total_return_pct": -12.356416015625005,
      "apr_pct": -23.23023120043003,
      "sharpe_ratio": -1.41501106992815,
      "max_drawdown_pct": 17.54879460493073,
      "n_trades": 358,
      "winning_trades": 169,
      "losing_trades": 189,
      "win_rate_pct": 47.20670391061452,
      "profit_factor": 0.9638075135260081,
      "final_equity": 8764.3583984375,
      "test_days": 182.10256410256412,
      "sortino_ratio": -1.5666799214626987,
      "monthly_returns": {
        "2025-02": 3.36,
        "2025-03": -2.64,
        "2025-04": 0.69,
        "2025-05": 2.44,
        "2025-06": -1.13,
        "2025-07": 0.24,
        "2025-08": -3.18,
        "2025-09": -2.73,
        "2025-10": -2.12,
        "2025-11": -5.85,
        "2025-12": -1.35
      },
      "gates_passed": false,
      "seed": 456,
      "avg_bars_per_trade": 39.8
    },
    "789": {
      "stage": "L4-TEST",
      "total_return_pct": -6.137021484375005,
      "apr_pct": -11.921765366182912,
      "sharpe_ratio": -0.6234462600604798,
      "max_drawdown_pct": 18.00926756272737,
      "n_trades": 347,
      "winning_trades": 172,
      "losing_trades": 175,
      "win_rate_pct": 49.56772334293948,
      "profit_factor": 0.9832954453714531,
      "final_equity": 9386.2978515625,
      "test_days": 182.10256410256412,
      "sortino_ratio": -0.712553837496144,
      "monthly_returns": {
        "2025-02": 2.15,
        "2025-03": -2.42,
        "2025-04": 2.62,
        "2025-05": 1.2,
        "2025-06": 4.05,
        "2025-07": -5.82,
        "2025-08": -0.04,
        "2025-09": 4.22,
        "2025-10": -4.37,
        "2025-11": -5.18,
        "2025-12": -2.16
      },
      "gates_passed": false,
      "seed": 789,
      "avg_bars_per_trade": 41.1
    },
    "1337": {
      "stage": "L4-TEST",
      "total_return_pct": -9.668906249999997,
      "apr_pct": -18.439145208594542,
      "sharpe_ratio": -1.0387277720358412,
      "max_drawdown_pct": 19.702260303435988,
      "n_trades": 436,
      "winning_trades": 209,
      "losing_trades": 227,
      "win_rate_pct": 47.935779816513765,
      "profit_factor": 0.9722372081387475,
      "final_equity": 9033.109375,
      "test_days": 182.10256410256412,
      "sortino_ratio": -1.167193108958834,
      "monthly_returns": {
        "2025-02": -4.55,
        "2025-03": -2.67,
        "2025-04": -6.77,
        "2025-05": -0.45,
        "2025-06": -3.82,
        "2025-07": 2.98,
        "2025-08": -0.16,
        "2025-09": 1.64,
        "2025-10": 4.28,
        "2025-11": -2.4,
        "2025-12": 3.8
      },
      "gates_passed": false,
      "seed": 1337,
      "avg_bars_per_trade": 32.7
    }
  },
  "summary": {
    "mean_return_pct": -8.665968750000001,
    "std_return_pct": 2.804749330145338,
    "seeds_positive": 0,
    "n_seeds": 5
  }
}